{
 "type": "FeatureCollection",
 "name": "sites",
 "crs": {
  "type": "name",
  "properties": {
   "name": "urn:ogc:def:crs:OGC:1.3:CRS84"
  }
 },
 "bbox": [
  -178.0,
  -77.846323,
  167.153333,
  66.0
 ],
 "features": [
  {
   "type": "Feature",
   "id": "abydos",
   "geometry": {
    "type": "Point",
    "coordinates": [
     31.918889,
     26.185
    ]
   },
   "properties": {
    "id": "abydos",
    "name": "Abydos — Osiris Hall",
    "subtitle": "Sohag Governorate, Egypt",
    "country": "Egypt",
    "region": "Africa",
    "category": "pyramid",
    "category_label": "Pyramid / Temple",
    "location_precision": "exact",
    "coordinate_source": "wikipedia",
    "celestial_body": "earth",
    "latitude": 26.185,
    "longitude": 31.918889,
    "radius_km": 0.0,
    "wikipedia_title": "Abydos, Egypt",
    "wikipedia_url": "https://en.wikipedia.org/wiki/Abydos,_Egypt",
    "wikidata_id": "Q192268",
    "claim": "The series highlights the so-called 'helicopter hieroglyphs' in the Temple of Seti I, reading the overlapping glyphs as depictions of a helicopter, submarine and jet aircraft, and treats the dry-stone Osireion as too precisely cut for Bronze Age tools.",
    "context": "Egyptologists identify the panel as a palimpsest: Seti I's titulary was plastered over and recarved for Ramesses II, and the two texts now show through one another. The 'aircraft' shapes are the accidental union of two legible royal titles. The Osireion is a 19th-Dynasty cenotaph whose granite was quarried at Aswan and dressed with copper, stone and abrasive sand — techniques documented in unfinished quarry faces at the source.",
    "summary": "Abydos (Arabic: أبيدوس, romanized: Abīdūs or Arabic: افود, romanized: Afūd; Sahidic Coptic: Ⲉⲃⲱⲧ Ebōt) was one of the oldest cities of ancient Egypt, and also of the eighth nome in Upper Egypt. It is located about 11 kilometres (6.8 miles) west of the Nile at latitude 26° 10' N, near the modern Egyptian towns of El Araba El Madfuna and El Balyana. In the ancient Egyptian language, the city was called Abedju (ꜣbḏw or AbDw)(Arabic Abdu عبد-و).",
    "tags": "temple; new-kingdom; hieroglyphs; osireion"
   }
  },
  {
   "type": "Feature",
   "id": "amarna",
   "geometry": {
    "type": "Point",
    "coordinates": [
     30.896389,
     27.645278
    ]
   },
   "properties": {
    "id": "amarna",
    "name": "Amarna (Akhetaten)",
    "subtitle": "Minya Governorate, Egypt",
    "country": "Egypt",
    "region": "Africa",
    "category": "city",
    "category_label": "Ancient City",
    "location_precision": "exact",
    "coordinate_source": "wikipedia",
    "celestial_body": "earth",
    "latitude": 27.645278,
    "longitude": 30.896389,
    "radius_km": 0.0,
    "wikipedia_title": "Amarna",
    "wikipedia_url": "https://en.wikipedia.org/wiki/Amarna",
    "wikidata_id": "Q5736",
    "claim": "Akhenaten's abrupt imposition of a single sun-disc god, his elongated portraiture, and the city raised from nothing in a few years are presented as evidence that the pharaoh was a hybrid or an extraterrestrial emissary of the Aten.",
    "context": "Amarna art is a deliberate royal style, applied to the whole court and abandoned after Akhenaten's death; skeletal remains from the Amarna cemeteries show ordinary human morphology. The Aten cult has traceable antecedents in earlier solar theology at Heliopolis, and the city's speed of construction is explained by mud-brick cores with stone facing and a conscripted workforce.",
    "summary": "Amarna (Arabic: العمارنة, romanized: al-ʿAmārna) is an extensive ancient Egyptian archaeological site containing the ruins of Akhetaten (Ancient Egyptian: 𓈌𓐰𓏏𓐱𓉐𓇋𓏏𓐰𓈖𓐰𓇳, romanized: ꜣḫt-jtn), the capital city during the late Eighteenth Dynasty. The city was established in 1346 BC, built at the direction of the Pharaoh Akhenaten, and abandoned shortly after his death in 1332 BC.",
    "tags": "akhenaten; new-kingdom; planned-city"
   }
  },
  {
   "type": "Feature",
   "id": "cairo-giza",
   "geometry": {
    "type": "Point",
    "coordinates": [
     31.132778,
     29.976111
    ]
   },
   "properties": {
    "id": "cairo-giza",
    "name": "Giza Plateau & Cairo",
    "subtitle": "Giza Governorate, Egypt",
    "country": "Egypt",
    "region": "Africa",
    "category": "pyramid",
    "category_label": "Pyramid / Temple",
    "location_precision": "exact",
    "coordinate_source": "wikipedia",
    "celestial_body": "earth",
    "latitude": 29.976111,
    "longitude": 31.132778,
    "radius_km": 0.0,
    "wikipedia_title": "Giza pyramid complex",
    "wikipedia_url": "https://en.wikipedia.org/wiki/Giza_pyramid_complex",
    "wikidata_id": "Q12508",
    "claim": "The flagship claim of the series: the Great Pyramid's precision, its near-perfect cardinal alignment, the estimated 2.3 million blocks, and the granite relieving chambers are said to exceed Bronze Age capability, implying machine tooling, levitation, or a function as a power plant or navigational beacon.",
    "context": "Fourth-Dynasty construction is among the best-documented building programmes in antiquity. The Wadi al-Jarf papyri (c. 2560 BC) record Inspector Merer's crews ferrying Tura limestone to Giza; quarry faces, abandoned blocks, copper tools, dolerite pounders, ramp remnants at Hatnub and the workers' town excavated at Heit el-Ghurab all survive. Cardinal alignment is reproducible by stellar or solar methods available at the time.",
    "summary": "The Giza pyramid complex (also called the Giza necropolis) in Egypt is home to the Great Pyramid, the pyramid of Khafre, and the pyramid of Menkaure, along with their associated pyramid complexes and the Great Sphinx. All were built during the Fourth Dynasty of the Old Kingdom of ancient Egypt, between c. 2600 – c. 2500 BC. The site also includes several temples, cemeteries, and the remains of a workers' village.",
    "tags": "unesco; old-kingdom; great-pyramid; sphinx"
   }
  },
  {
   "type": "Feature",
   "id": "dendera",
   "geometry": {
    "type": "Point",
    "coordinates": [
     32.656111,
     26.168056
    ]
   },
   "properties": {
    "id": "dendera",
    "name": "Dendera — Temple of Hathor",
    "subtitle": "Qena Governorate, Egypt",
    "country": "Egypt",
    "region": "Africa",
    "category": "pyramid",
    "category_label": "Pyramid / Temple",
    "location_precision": "exact",
    "coordinate_source": "wikipedia",
    "celestial_body": "earth",
    "latitude": 26.168056,
    "longitude": 32.656111,
    "radius_km": 0.0,
    "wikipedia_title": "Dendera",
    "wikipedia_url": "https://en.wikipedia.org/wiki/Dendera",
    "wikidata_id": "Q29019",
    "claim": "Reliefs in the southern crypt — the 'Dendera light' — are read as Crookes tubes or arc lamps wired to a Djed-pillar insulator, explaining how artists worked in unventilated chambers without soot.",
    "context": "The reliefs are a standard cosmogony: a lotus flower opening to release the serpent Harsomtus, enclosed in a protective bubble, supported by a Djed pillar — a scene paralleled in text on the same walls. Soot deposits do occur elsewhere in Egyptian tombs, and polished copper mirrors relaying daylight are attested. No conductors, sockets or power source have been recovered.",
    "summary": "Dendera (Arabic: دَنْدَرة Dandarah; Ancient Greek: Τέντυρις or Τέντυρα; Bohairic Coptic: ⲛⲓⲧⲉⲛⲧⲱⲣⲓ, romanized: Nitentōri; Sahidic Coptic: ⲛⲓⲧⲛⲧⲱⲣⲉ, romanized: Nitntōre), also spelled Denderah, ancient Iunet 𓉺𓈖𓏏𓊖 “jwn.t”, Tentyris,(Arabic: Ewan-t إيوان-ة ), Tentyra, or Dandara, is a small town and former bishopric in Egypt situated on the west bank of the Nile, about 5 kilometres (3 mi) south of Qena, on the opposite side of the river. It is located approximately 60 kilometres (37 mi) north of Luxor and remains a Latin Catholic titular see.",
    "tags": "temple; ptolemaic; zodiac; crypt"
   }
  },
  {
   "type": "Feature",
   "id": "edfu",
   "geometry": {
    "type": "Point",
    "coordinates": [
     32.873333,
     24.977778
    ]
   },
   "properties": {
    "id": "edfu",
    "name": "Temple of Edfu",
    "subtitle": "Aswan Governorate, Egypt",
    "country": "Egypt",
    "region": "Africa",
    "category": "pyramid",
    "category_label": "Pyramid / Temple",
    "location_precision": "exact",
    "coordinate_source": "wikipedia",
    "celestial_body": "earth",
    "latitude": 24.977778,
    "longitude": 32.873333,
    "radius_km": 0.0,
    "wikipedia_title": "Temple of Edfu",
    "wikipedia_url": "https://en.wikipedia.org/wiki/Temple_of_Edfu",
    "wikidata_id": "Q613037",
    "claim": "The Edfu building texts describe the temple rising on a primeval mound according to a plan handed down by the gods; the series treats this as a surviving record of extraterrestrial architects and of a 'first time' when non-humans ruled Egypt.",
    "context": "The Edfu texts are Ptolemaic theological literature (c. 237–57 BC) describing a mythic charter for the temple, a genre found across Egyptian sacred architecture. They are cosmology, not construction records, and the temple itself is a well-dated Ptolemaic build with named architects and dedication inscriptions.",
    "summary": "The Temple of Edfu is an Egyptian temple located on the west bank of the Nile in Edfu, Upper Egypt. The city was known in the Hellenistic period in Koine Greek as Ἀπόλλωνος πόλις and in Latin as Apollonopolis Magna, after the chief god Horus, who was identified as Apollo under the interpretatio graeca. It is one of the best preserved shrines in Egypt.",
    "tags": "temple; ptolemaic; horus; edfu-texts"
   }
  },
  {
   "type": "Feature",
   "id": "karnak-luxor",
   "geometry": {
    "type": "Point",
    "coordinates": [
     32.6583,
     25.7183
    ]
   },
   "properties": {
    "id": "karnak-luxor",
    "name": "Karnak Temple & Luxor",
    "subtitle": "Luxor Governorate, Egypt",
    "country": "Egypt",
    "region": "Africa",
    "category": "pyramid",
    "category_label": "Pyramid / Temple",
    "location_precision": "exact",
    "coordinate_source": "wikipedia",
    "celestial_body": "earth",
    "latitude": 25.7183,
    "longitude": 32.6583,
    "radius_km": 0.0,
    "wikipedia_title": "Karnak",
    "wikipedia_url": "https://en.wikipedia.org/wiki/Karnak",
    "wikidata_id": "Q522862",
    "claim": "The 134 columns of the hypostyle hall, the unfinished obelisk at nearby Aswan and the 323-tonne monoliths raised at Karnak are offered as proof of lost lifting technology or anti-gravity.",
    "context": "Karnak was built and rebuilt across roughly two millennia by successive dynasties, and the sequence is visible in the masonry. Mud-brick construction ramps survive against the first pylon; quarry marks, wooden sledges, lubricated trackways and the Djehutihotep relief showing 172 men hauling a colossus document the method directly.",
    "summary": "The Karnak Temple Complex, commonly known as Karnak , comprises a vast mix of temples, pylons, chapels, and other buildings near Luxor, Egypt. Construction at the complex began during the reign of Senusret I (reigned 1971–1926 BCE) in the Middle Kingdom (c. 2000–1700 BC) and continued into the Ptolemaic Kingdom (305–30 BCE), although most of the extant buildings date from the New Kingdom. The area around Karnak was the ancient Egyptian Ipet-isut (\"The Most Selected of Places\") and the main place of worship of the 18th Dynastic Theban Triad, with the god Amun as its head.",
    "tags": "temple; unesco; obelisk; hypostyle"
   }
  },
  {
   "type": "Feature",
   "id": "naqada",
   "geometry": {
    "type": "Point",
    "coordinates": [
     32.726,
     25.898
    ]
   },
   "properties": {
    "id": "naqada",
    "name": "Naqada",
    "subtitle": "Qena Governorate, Egypt",
    "country": "Egypt",
    "region": "Africa",
    "category": "city",
    "category_label": "Ancient City",
    "location_precision": "approximate",
    "coordinate_source": "authored",
    "celestial_body": "earth",
    "latitude": 25.898,
    "longitude": 32.726,
    "radius_km": 0.0,
    "wikipedia_title": "Naqada",
    "wikipedia_url": "https://en.wikipedia.org/wiki/Naqada",
    "wikidata_id": "Q959859",
    "claim": "Elongated skulls and unusually tall skeletons from predynastic burials here are cited as a non-human or hybrid ruling lineage predating the pharaohs.",
    "context": "Naqada defines the Naqada I–III predynastic sequence (c. 4000–3000 BC) and is central to mainstream accounts of Egyptian state formation. The skeletal series falls within modern human variation; Petrie's 19th-century 'dynastic race' reading of the material was abandoned by the mid-20th century and is not supported by later craniometric or genetic work.",
    "summary": "Naqada (Egyptian Arabic: نقادة Naqāda; Coptic language: ⲛⲉⲕⲁⲧⲏⲣⲓⲟⲛ Nekatērion; Ancient Greek: Παμπανις Pampanis, Ancient Egyptian: Nbyt \"City of Gold\") is a town on the west bank of the Nile in Qena Governorate, Egypt, situated ca. 20 km north of Luxor. It includes the villages of Tukh, Khatara, Danfiq, and Zawayda. According to the 1960 census, it is one of the most sparsely populated areas and had only 3,000 inhabitants, mostly of the Christian faith who preserved elements of the Coptic language up until the 1930s.",
    "tags": "predynastic; cemetery; nagada"
   }
  },
  {
   "type": "Feature",
   "id": "saqqara",
   "geometry": {
    "type": "Point",
    "coordinates": [
     31.216389,
     29.871111
    ]
   },
   "properties": {
    "id": "saqqara",
    "name": "Saqqara — Step Pyramid of Djoser",
    "subtitle": "Giza Governorate, Egypt",
    "country": "Egypt",
    "region": "Africa",
    "category": "pyramid",
    "category_label": "Pyramid / Temple",
    "location_precision": "exact",
    "coordinate_source": "wikipedia",
    "celestial_body": "earth",
    "latitude": 29.871111,
    "longitude": 31.216389,
    "radius_km": 0.0,
    "wikipedia_title": "Saqqara",
    "wikipedia_url": "https://en.wikipedia.org/wiki/Saqqara",
    "wikidata_id": "Q192134",
    "claim": "Two threads converge here: the wooden 'Saqqara bird' from the tomb of Pa-di-Imen is presented as a scale model of a glider, and the 70-tonne granite sarcophagi in the Serapeum are said to be machined beyond hand-tool tolerance.",
    "context": "The Saqqara bird has no tailplane and no evident control surfaces; wind-tunnel and replica tests have not produced stable flight, and the object sits comfortably within a large class of Egyptian bird votives and weathervanes. The Serapeum boxes are Late Period Apis bull burials; several are unfinished, showing the chisel and abrasive stages mid-process.",
    "summary": "Saqqara (Arabic: سقارة : saqqāra[t], Egyptian Arabic pronunciation: [sɑʔːɑːɾɑ]), also spelled Sakkara or Saccara in English , is an Egyptian village in the markaz (county) of Badrashin in the Giza Governorate, that contains ancient mausoleum crypts of Egyptian royalty, serving as the necropolis for the ancient Egyptian capital, Memphis. Saqqara contains numerous pyramids, including the Pyramid of Djoser, sometimes referred to as the Step Pyramid, and a number of mastaba tombs. Located some 30 km (19 mi) south of modern-day Cairo, Saqqara covers an area of around 7 by 1.5 km (4.3 by 0.9 mi).",
    "tags": "unesco; old-kingdom; step-pyramid; serapeum"
   }
  },
  {
   "type": "Feature",
   "id": "nabta-playa",
   "geometry": {
    "type": "Point",
    "coordinates": [
     30.7256,
     22.507967
    ]
   },
   "properties": {
    "id": "nabta-playa",
    "name": "Nabta Playa",
    "subtitle": "Nubian Desert, southern Egypt",
    "country": "Egypt",
    "region": "Africa",
    "category": "megalithic",
    "category_label": "Megalithic",
    "location_precision": "exact",
    "coordinate_source": "wikipedia",
    "celestial_body": "earth",
    "latitude": 22.507967,
    "longitude": 30.7256,
    "radius_km": 0.0,
    "wikipedia_title": "Nabta Playa",
    "wikipedia_url": "https://en.wikipedia.org/wiki/Nabta_Playa",
    "wikidata_id": "Q1535226",
    "claim": "A Neolithic stone circle in the Sahara aligned on Sirius and Orion is read as a star map left for, or by, visitors — and as evidence that the knowledge behind Giza arrived from the desert long before Egypt was unified.",
    "context": "Nabta Playa is a genuinely significant archaeoastronomical site, roughly a millennium older than Stonehenge, built by cattle pastoralists around a seasonal lake. The alignments plausibly track the summer solstice and the heliacal rising of Sirius, which signalled the rains. The debate among specialists is over which stars and how precisely — not over human authorship.",
    "summary": "Nabta Playa was once a large endorheic basin (a temporary lake, or \"playa\") in the Nubian Desert, located approximately 800 kilometers south of modern-day Cairo or about 100 kilometers west of Abu Simbel in southern Egypt, 22.51° north, 30.73° east. Today the region is characterized by numerous archaeological sites. The Nabta Playa archaeological site, one of the earliest of the Nubian Neolithic Period, is dated to circa 7500 BC.",
    "tags": "archaeoastronomy; neolithic; calendar-circle; sahara"
   }
  },
  {
   "type": "Feature",
   "id": "egypt-nile",
   "geometry": {
    "type": "Point",
    "coordinates": [
     30.8025,
     26.8206
    ]
   },
   "properties": {
    "id": "egypt-nile",
    "name": "Egypt & the Nile Corridor",
    "subtitle": "Nile Valley and Delta (regional)",
    "country": "Egypt",
    "region": "Africa",
    "category": "region",
    "category_label": "Broad Region",
    "location_precision": "area",
    "coordinate_source": "authored",
    "celestial_body": "earth",
    "latitude": 26.8206,
    "longitude": 30.8025,
    "radius_km": 600.0,
    "wikipedia_title": "Nile",
    "wikipedia_url": "https://en.wikipedia.org/wiki/Nile",
    "wikidata_id": "Q3392",
    "claim": "Egypt as a whole is the series' central case: a civilisation that appears to arrive fully formed, with writing, monumental stone and astronomy emerging together, is said to require outside instruction.",
    "context": "The predynastic record — Badarian, Naqada I–III, Maadi, Hierakonpolis — supplies a continuous four-millennium run-up to the First Dynasty, with incremental development in ceramics, metallurgy, boat building, writing and monumental mud-brick. The 'sudden appearance' framing reflects the visibility of stone monuments, not the absence of antecedents.",
    "summary": "The Nile is a major north-flowing river in northeast Africa which empties into the Mediterranean Sea. At 7,088 kilometers (4,404 mi) long, it is the longest river in the world, although the volume of water it carries is much smaller than other major rivers such as the Amazon or the Congo. The Nile has played a central role in the environmental, economic, and cultural history of Africa for millennia.",
    "tags": "river; regional; nile"
   }
  },
  {
   "type": "Feature",
   "id": "jebel-barkal",
   "geometry": {
    "type": "Point",
    "coordinates": [
     31.828333,
     18.536667
    ]
   },
   "properties": {
    "id": "jebel-barkal",
    "name": "Jebel Barkal",
    "subtitle": "Northern State, Sudan",
    "country": "Sudan",
    "region": "Africa",
    "category": "pyramid",
    "category_label": "Pyramid / Temple",
    "location_precision": "exact",
    "coordinate_source": "wikipedia",
    "celestial_body": "earth",
    "latitude": 18.536667,
    "longitude": 31.828333,
    "radius_km": 0.0,
    "wikipedia_title": "Jebel Barkal",
    "wikipedia_url": "https://en.wikipedia.org/wiki/Jebel_Barkal",
    "wikidata_id": "Q499019",
    "claim": "The sandstone pinnacle — read by the Egyptians as a rearing cobra and the dwelling of Amun — plus the dense field of steep Nubian pyramids, is presented as a second, older centre of the same off-world architectural programme.",
    "context": "Jebel Barkal is the religious capital of Napata and later of the Kingdom of Kush, a UNESCO World Heritage site with a continuous excavated sequence from the New Kingdom Egyptian occupation through the Napatan and Meroitic periods. Nubian pyramid geometry is a local development, steeper and smaller than Egyptian models and built centuries later.",
    "summary": "Jebel Barkal or Gebel Barkal (Arabic: جبل بركل, romanized: Jabal Barkal) is a mesa located 400 km north of Khartoum, next to Karima in Northern State in Sudan, and near the Nile River in Nubia. The Jebel is 104 meters tall, has a flat top, and came to have religious significance for both ancient Kush and ancient Egyptian occupiers. In 2003, the mountain, together with the extensive archaeological site at its base, were named as a World Heritage Site by UNESCO.",
    "tags": "unesco; kush; napata; nubian-pyramids"
   }
  },
  {
   "type": "Feature",
   "id": "hoggar",
   "geometry": {
    "type": "Point",
    "coordinates": [
     5.5333,
     23.2917
    ]
   },
   "properties": {
    "id": "hoggar",
    "name": "Hoggar Mountains",
    "subtitle": "Ahaggar, southern Algeria",
    "country": "Algeria",
    "region": "Africa",
    "category": "landform",
    "category_label": "Landform",
    "location_precision": "area",
    "coordinate_source": "authored",
    "celestial_body": "earth",
    "latitude": 23.2917,
    "longitude": 5.5333,
    "radius_km": 150.0,
    "wikipedia_title": "Hoggar Mountains",
    "wikipedia_url": "https://en.wikipedia.org/wiki/Hoggar_Mountains",
    "wikidata_id": "Q26399",
    "claim": "Saharan rock art of the Hoggar and neighbouring Tassili — notably the large round-headed figures Henri Lhote nicknamed the 'Great Martian God' — is cited as a contemporary record of visitors in helmets and suits.",
    "context": "The Round Head style (c. 10,000–6,000 BP) belongs to a long, stratified Saharan sequence spanning hunter, pastoral, horse and camel periods, documenting a green Sahara. Lhote coined the 'Martian' label himself as a flourish and later regretted it; the figures are generally read as masked or painted ritual participants, a convention still practised in the region.",
    "summary": "The Hoggar Mountains (Arabic: جبال هقار, romanized: Jibāl Haqqār; Berber: idurar n Ahaggar) are a highland region in the central Sahara in southern Algeria, along the Tropic of Cancer, that covers an area of approximately 550,000 km2.",
    "tags": "rock-art; tassili; sahara; volcanic"
   }
  },
  {
   "type": "Feature",
   "id": "mali-dogon",
   "geometry": {
    "type": "Point",
    "coordinates": [
     -3.6,
     14.35
    ]
   },
   "properties": {
    "id": "mali-dogon",
    "name": "Dogon Country — Bandiagara Escarpment",
    "subtitle": "Mopti Region, Mali",
    "country": "Mali",
    "region": "Africa",
    "category": "sacred",
    "category_label": "Sacred Site",
    "location_precision": "area",
    "coordinate_source": "authored",
    "celestial_body": "earth",
    "latitude": 14.35,
    "longitude": -3.6,
    "radius_km": 60.0,
    "wikipedia_title": "Bandiagara Escarpment",
    "wikipedia_url": "https://en.wikipedia.org/wiki/Bandiagara_Escarpment",
    "wikidata_id": "Q650546",
    "claim": "The Dogon are said to have known that Sirius has a dense, invisible companion with a fifty-year orbit, taught to them by amphibious beings called the Nommo who came from that system.",
    "context": "The claim rests on Marcel Griaule and Germaine Dieterlen's 1950 paper. Anthropologist Walter van Beek's later fieldwork among the same communities found no independent Sirius-B tradition and concluded Griaule's informants had reflected back material introduced during interviews — Sirius B's orbit was published in 1844 and widely reported before Griaule's visits. The Bandiagara Escarpment remains a World Heritage site of major importance.",
    "summary": "The Bandiagara Escarpment (Arabic: منحدرات باندياغارا الصخرية, French: falaise de Bandiagara) is a sandstone cliff in the Dogon country of Mali. It rises about 500 m (1,600 ft) above the lower sandy flats to the south, and has a length of approximately 150 km (90 mi).",
    "tags": "unesco; ethnoastronomy; sirius; dogon"
   }
  },
  {
   "type": "Feature",
   "id": "sierra-leone-nomoli",
   "geometry": {
    "type": "Point",
    "coordinates": [
     -11.183,
     7.867
    ]
   },
   "properties": {
    "id": "sierra-leone-nomoli",
    "name": "Nomoli Figurine Country",
    "subtitle": "Kono / Kenema districts, Sierra Leone",
    "country": "Sierra Leone",
    "region": "Africa",
    "category": "artifact",
    "category_label": "Artefact Locus",
    "location_precision": "area",
    "coordinate_source": "authored",
    "celestial_body": "earth",
    "latitude": 7.867,
    "longitude": -11.183,
    "radius_km": 70.0,
    "wikipedia_title": "Nomoli figurine",
    "wikipedia_url": "https://en.wikipedia.org/wiki/Nomoli_figurine",
    "wikidata_id": "Q3343234",
    "claim": "Soapstone figures turned up by diamond diggers, sometimes said to be found in gravels dated far older than any local culture, are presented as portraits of non-human visitors.",
    "context": "Nomoli are attributed to the Sapi culture of roughly the 15th–17th centuries and are related to the Sherbro pomdo tradition; comparable Sapi ivories were exported to Portugal and are securely dated. The 'found in ancient gravel' reports come from uncontrolled artisanal mining with no stratigraphic record, so they cannot date the objects.",
    "summary": "A Nomoli is a carved stone figurine native to Sierra Leone and Liberia. They are usually made of soapstone, limestone or granite.",
    "tags": "figurines; soapstone; sapi; diamond-fields"
   }
  },
  {
   "type": "Feature",
   "id": "rhino-cave",
   "geometry": {
    "type": "Point",
    "coordinates": [
     21.7333,
     18.75
    ]
   },
   "properties": {
    "id": "rhino-cave",
    "name": "Rhino Cave, Tsodilo Hills",
    "subtitle": "Ngamiland, Botswana",
    "country": "Botswana",
    "region": "Africa",
    "category": "underground",
    "category_label": "Subterranean",
    "location_precision": "approximate",
    "coordinate_source": "authored",
    "celestial_body": "earth",
    "latitude": 18.75,
    "longitude": 21.7333,
    "radius_km": 0.0,
    "wikipedia_title": "Tsodilo",
    "wikipedia_url": "https://en.wikipedia.org/wiki/Tsodilo",
    "wikidata_id": "Q214007",
    "claim": "A python-shaped rock panel with hundreds of worked cupules, and deliberately burned spearpoints of non-local stone, are offered as a 70,000-year-old ritual to serpent beings from the sky.",
    "context": "Sheila Coulson's excavations did report ritual destruction of finely made points in the cave, which — if the Middle Stone Age dating holds — would place symbolic behaviour here remarkably early. That is an argument about the antiquity of human ritual, not its authorship. The Tsodilo Hills hold over 4,500 paintings and remain sacred to Ju/'hoansi and Hambukushu communities today.",
    "summary": "The Tsodilo Hills (Tswana: Lefelo la Tsodilo) are a UNESCO World Heritage Site (WHS), consisting of rock art, rock shelters, depressions, and caves in Botswana, Southern Africa.",
    "tags": "unesco; rock-art; middle-stone-age; python"
   }
  },
  {
   "type": "Feature",
   "id": "south-africa",
   "geometry": {
    "type": "Point",
    "coordinates": [
     30.2889,
     -25.5947
    ]
   },
   "properties": {
    "id": "south-africa",
    "name": "Southern Africa — Blaauboschkraal Ruins",
    "subtitle": "Mpumalanga, South Africa",
    "country": "South Africa",
    "region": "Africa",
    "category": "megalithic",
    "category_label": "Megalithic",
    "location_precision": "approximate",
    "coordinate_source": "authored",
    "celestial_body": "earth",
    "latitude": -25.5947,
    "longitude": 30.2889,
    "radius_km": 0.0,
    "wikipedia_title": "Blaauboschkraal stone ruins",
    "wikipedia_url": "https://en.wikipedia.org/wiki/Blaauboschkraal_stone_ruins",
    "wikidata_id": "Q4920004",
    "claim": "Promoted as 'Adam's Calendar', a 75,000-year-old solstice-aligned monument, tied to Zecharia Sitchin's Anunnaki gold-mining narrative and the region's ancient workings.",
    "context": "Archaeologists identify the site as part of the Bokoni stone-walled agricultural complexes of roughly AD 1500–1820 — terraces, cattle byres and homestead walls documented across Mpumalanga. No peer-reviewed dating supports a Pleistocene age; the 75,000-year figure originates in self-published work. Southern Africa does hold genuinely ancient mining, including Lion Cavern ochre workings in Eswatini at c. 41,000 BP.",
    "summary": "The Blaauboschkraal stone ruins are a provincial heritage site in the Mpumalanga province of South Africa. Its neighbouring town, Emgwenya, is 10 kilometres away. The site was declared a national monument on 18 April 1975 and is a heritage site recognised by the South African Heritage Resources Agency.",
    "tags": "stone-ruins; adams-calendar; bokoni"
   }
  },
  {
   "type": "Feature",
   "id": "african-congo",
   "geometry": {
    "type": "Point",
    "coordinates": [
     23.0,
     -1.0
    ]
   },
   "properties": {
    "id": "african-congo",
    "name": "Congo Basin",
    "subtitle": "Democratic Republic of the Congo (regional)",
    "country": "Democratic Republic of the Congo",
    "region": "Africa",
    "category": "region",
    "category_label": "Broad Region",
    "location_precision": "area",
    "coordinate_source": "authored",
    "celestial_body": "earth",
    "latitude": -1.0,
    "longitude": 23.0,
    "radius_km": 800.0,
    "wikipedia_title": "Congo Basin",
    "wikipedia_url": "https://en.wikipedia.org/wiki/Congo_Basin",
    "wikidata_id": "Q932289",
    "claim": "Episodes invoke the Congo for reports of Mokele-mbembe, for Ndoki forest legends of beings descending from the sky, and for uranium from Shinkolobwe feeding the first atomic weapons — framed as knowledge directed from outside.",
    "context": "No specimen, bone or verified photograph of Mokele-mbembe exists after more than a century of expeditions. Shinkolobwe's uranium supply to the Manhattan Project is thoroughly documented colonial economic history. The basin's actual scientific significance lies in its biodiversity and in the Oklo natural fission reactors in neighbouring Gabon — a geological, not engineered, phenomenon.",
    "summary": "The Congo Basin is the sedimentary basin of the Congo River. The Congo Basin is located in Central Africa, in a region known as west equatorial Africa. The region is sometimes known simply as the Congo.",
    "tags": "rainforest; mokele-mbembe; cryptid"
   }
  },
  {
   "type": "Feature",
   "id": "somalia-coast",
   "geometry": {
    "type": "Point",
    "coordinates": [
     48.5,
     9.8
    ]
   },
   "properties": {
    "id": "somalia-coast",
    "name": "Somali Coast",
    "subtitle": "Horn of Africa littoral",
    "country": "Somalia",
    "region": "Africa",
    "category": "region",
    "category_label": "Broad Region",
    "location_precision": "area",
    "coordinate_source": "authored",
    "celestial_body": "earth",
    "latitude": 9.8,
    "longitude": 48.5,
    "radius_km": 500.0,
    "wikipedia_title": "Laas Geel",
    "wikipedia_url": "https://en.wikipedia.org/wiki/Laas_Geel",
    "wikidata_id": "Q1799347",
    "claim": "Referenced as a candidate for the Egyptian Land of Punt and for the Laas Geel rock art, whose haloed cattle and robed figures are read as depictions of visitors.",
    "context": "Punt's location is genuinely unresolved and debated between the Somali coast, Eritrea and Sudan — an open question in Egyptology settled by neither side. Laas Geel's polychrome panels (c. 3000–2500 BC) show cattle in ceremonial collars beside herders, consistent with a pastoral cult and with comparable Saharan and Nubian imagery.",
    "summary": "Laas Geel (Somali: Laas Geel), also spelled Laas Gaal, are cave formations on the rural outskirts of Hargeisa, Somaliland, situated in the Maroodi Jeex region of the country. They contain some of the earliest known cave paintings of domesticated African aurochs (Bos primigenius africanus) in the Horn of Africa. Laas Geel's rock art is estimated to be approximately 5,500 to 4,500 years old.",
    "tags": "punt; maritime; rock-art; laas-geel"
   }
  },
  {
   "type": "Feature",
   "id": "canary-islands",
   "geometry": {
    "type": "Point",
    "coordinates": [
     -16.4139,
     28.3192
    ]
   },
   "properties": {
    "id": "canary-islands",
    "name": "Canary Islands",
    "subtitle": "Atlantic Ocean, Spain",
    "country": "Spain",
    "region": "Africa",
    "category": "megalithic",
    "category_label": "Megalithic",
    "location_precision": "approximate",
    "coordinate_source": "authored",
    "celestial_body": "earth",
    "latitude": 28.3192,
    "longitude": -16.4139,
    "radius_km": 0.0,
    "wikipedia_title": "Pyramids of Güímar",
    "wikipedia_url": "https://en.wikipedia.org/wiki/Pyramids_of_G%C3%BC%C3%ADmar",
    "wikidata_id": "Q619588",
    "claim": "The step-pyramids of Güímar and the aboriginal Guanche — tall, sometimes fair-haired, and mummifying their dead — are presented as survivors of Atlantis or as a transplanted population.",
    "context": "Thor Heyerdahl promoted the Güímar terraces as pyramids; Canarian archaeologists identify them as 19th-century agricultural clearance terraces built from field stone. Guanche ancestry is genetically Berber, matching North African populations, and their mummification is an independent local practice with its own stratified sequence.",
    "summary": "The Pyramids of Güímar are six rectangular pyramid-shaped, terraced structures built from lava stone without the use of mortar. They are located in the district of Chacona, part of the town of Güímar on the island of Tenerife in the Canary Islands, Spain. The structures have been dated to the 19th century AD and were built as part of the lucrative exploitation of cochineal.",
    "tags": "guanche; pyramids; atlantis; step-pyramid"
   }
  },
  {
   "type": "Feature",
   "id": "baalbek",
   "geometry": {
    "type": "Point",
    "coordinates": [
     36.207322,
     34.006336
    ]
   },
   "properties": {
    "id": "baalbek",
    "name": "Baalbek — Temple of Jupiter",
    "subtitle": "Beqaa Valley, Lebanon",
    "country": "Lebanon",
    "region": "Middle East",
    "category": "pyramid",
    "category_label": "Pyramid / Temple",
    "location_precision": "exact",
    "coordinate_source": "wikipedia",
    "celestial_body": "earth",
    "latitude": 34.006336,
    "longitude": 36.207322,
    "radius_km": 0.0,
    "wikipedia_title": "Baalbek",
    "wikipedia_url": "https://en.wikipedia.org/wiki/Baalbek",
    "wikidata_id": "Q178835",
    "claim": "The three Trilithon blocks in the podium, each around 800 tonnes, and the ~1,650-tonne Stone of the Pregnant Woman still in the quarry, are the series' strongest 'impossible masonry' exhibit — attributed to pre-flood giants or anti-gravity.",
    "context": "The blocks are Roman, cut from a quarry 800 m away and slightly uphill, and the unfinished stones remain there with their extraction trenches, wedge slots and tool marks visible. Roman engineering handled comparable masses: the Vatican obelisk (~330 t) was re-erected in 1586 with 900 men, 75 horses and 40 capstans, a method documented in contemporary engravings. German excavations since 1898 have traced the podium's construction sequence directly.",
    "summary": "Baalbek ( BAHL-bek, BAY-əl-bek; Arabic: بَعْلَبَكّ, romanized: Baʿlabakk, Lebanese: Bʿalbak; Syriac: ܒܥܠܒܟ; Phoenician: 𐤁𐤏𐤋𐤁𐤊, romanized: bʿlbk) is a city located east of the Litani River in Lebanon's Beqaa Valley, about 67 km (42 mi) northeast of Beirut. It is the capital of Baalbek-Hermel Governorate. In 1998, the city had a population of 82,608.",
    "tags": "unesco; roman; trilithon; megalithic"
   }
  },
  {
   "type": "Feature",
   "id": "gobekli-tepe",
   "geometry": {
    "type": "Point",
    "coordinates": [
     38.921667,
     37.223611
    ]
   },
   "properties": {
    "id": "gobekli-tepe",
    "name": "Göbekli Tepe",
    "subtitle": "Şanlıurfa Province, Turkey",
    "country": "Turkey",
    "region": "Middle East",
    "category": "megalithic",
    "category_label": "Megalithic",
    "location_precision": "exact",
    "coordinate_source": "wikipedia",
    "celestial_body": "earth",
    "latitude": 37.223611,
    "longitude": 38.921667,
    "radius_km": 0.0,
    "wikipedia_title": "Göbekli Tepe",
    "wikipedia_url": "https://en.wikipedia.org/wiki/G%C3%B6bekli_Tepe",
    "wikidata_id": "Q214944",
    "claim": "A monumental enclosure complex 7,000 years older than Stonehenge, built before agriculture and then deliberately buried, is presented as proof of an advanced instructor civilisation — with the Pillar 43 'Vulture Stone' read as a dated record of a comet impact or a star map.",
    "context": "Göbekli Tepe genuinely overturned assumptions about Neolithic social complexity and is one of the most important excavations of the last half-century. It is also demonstrably local: the limestone is from the same ridge, unfinished pillars lie in situ in the bedrock quarry, and flint tools, animal bone and grinding equipment show a hunter-forager community capable of organised labour. Recent work has revised the 'deliberate backfill' model toward gradual slope accumulation. The 'comet' reading of Pillar 43 has been contested in the literature on both statistical and iconographic grounds.",
    "summary": "Göbekli Tepe (Turkish pronunciation: [ɟœbecˈli teˈpe] 'Potbelly Hill'; Kurdish: Girê Mirazan or Xerabreşkê, 'Wish Hill') is a Neolithic archaeological site in Upper Mesopotamia (al-Jazira) in modern-day Turkey. The settlement was inhabited from around 9500 BCE to at least 8000 BCE, during the Pre-Pottery Neolithic. It is known for its large circular structures that contain large stone pillars – among the world's oldest known megaliths.",
    "tags": "unesco; neolithic; t-pillars; pre-pottery; archaeoastronomy"
   }
  },
  {
   "type": "Feature",
   "id": "derinkuyu",
   "geometry": {
    "type": "Point",
    "coordinates": [
     34.7351,
     38.3735
    ]
   },
   "properties": {
    "id": "derinkuyu",
    "name": "Derinkuyu Underground City",
    "subtitle": "Nevşehir Province, Turkey",
    "country": "Turkey",
    "region": "Middle East",
    "category": "underground",
    "category_label": "Subterranean",
    "location_precision": "exact",
    "coordinate_source": "wikipedia",
    "celestial_body": "earth",
    "latitude": 38.3735,
    "longitude": 34.7351,
    "radius_km": 0.0,
    "wikipedia_title": "Derinkuyu underground city",
    "wikipedia_url": "https://en.wikipedia.org/wiki/Derinkuyu_underground_city",
    "wikidata_id": "Q1328958",
    "claim": "An eighteen-storey city cut 85 m into rock, with ventilation shafts, wells, stables and multi-tonne rolling stone doors operable only from inside, is presented as a shelter against an aerial threat — or as excavated with beam technology.",
    "context": "Cappadocian tuff is soft volcanic ash-rock that cuts with hand tools and hardens on exposure; the region holds more than 200 such complexes. Derinkuyu's phases run from Phrygian beginnings through heavy Byzantine expansion, when the doors — barring from inside, exactly as a refuge should — sheltered populations from Arab and later Mongol raids. Chapels, wine presses and Greek inscriptions date the occupation directly.",
    "summary": "Derinkuyu (Turkish pronunciation: [deˈɾinkuju]), also known as Malakopi, is an ancient multi-level underground city near the modern town of Derinkuyu in Nevşehir Province, Turkey, extending to a depth of approximately 85 metres (280 ft). It is large enough to have sheltered as many as 20,000 people together with their livestock and food stores. It is the largest excavated underground city in Turkey and is one of several underground complexes found throughout Cappadocia.",
    "tags": "unesco; cappadocia; tuff; byzantine"
   }
  },
  {
   "type": "Feature",
   "id": "cappadocia",
   "geometry": {
    "type": "Point",
    "coordinates": [
     34.8286,
     38.6431
    ]
   },
   "properties": {
    "id": "cappadocia",
    "name": "Cappadocia",
    "subtitle": "Central Anatolia, Turkey",
    "country": "Turkey",
    "region": "Middle East",
    "category": "underground",
    "category_label": "Subterranean",
    "location_precision": "area",
    "coordinate_source": "authored",
    "celestial_body": "earth",
    "latitude": 38.6431,
    "longitude": 34.8286,
    "radius_km": 50.0,
    "wikipedia_title": "Cappadocia",
    "wikipedia_url": "https://en.wikipedia.org/wiki/Cappadocia",
    "wikidata_id": "Q217265",
    "claim": "The whole landscape — hundreds of underground cities, rock-cut churches and 'fairy chimney' towers — is framed as the surface of an engineered refuge system rather than a geological formation.",
    "context": "The fairy chimneys are differential erosion: soft ignimbrite from Erciyes, Hasandağ and Göllüdağ capped by harder basalt. The rock-cut settlement is real, extensive and dated, running from the Hittite period through a Byzantine monastic florescence that left frescoes with donor inscriptions.",
    "summary": "Cappadocia (Turkish: Kapadokya) is a historical region in Central Anatolia region, Turkey. It is largely in the provinces of Nevşehir, Kayseri, Aksaray, Kırşehir, Sivas and Niğde. Today, the touristic Cappadocia Region is located in Nevşehir province.",
    "tags": "unesco; fairy-chimneys; rock-cut; volcanic"
   }
  },
  {
   "type": "Feature",
   "id": "hierapolis",
   "geometry": {
    "type": "Point",
    "coordinates": [
     29.125833,
     37.925
    ]
   },
   "properties": {
    "id": "hierapolis",
    "name": "Hierapolis — Pluto's Gate",
    "subtitle": "Pamukkale, Denizli Province, Turkey",
    "country": "Turkey",
    "region": "Middle East",
    "category": "sacred",
    "category_label": "Sacred Site",
    "location_precision": "exact",
    "coordinate_source": "wikipedia",
    "celestial_body": "earth",
    "latitude": 37.925,
    "longitude": 29.125833,
    "radius_km": 0.0,
    "wikipedia_title": "Hierapolis",
    "wikipedia_url": "https://en.wikipedia.org/wiki/Hierapolis",
    "wikidata_id": "Q7428276",
    "claim": "A sanctuary where birds and sacrificial animals died at the threshold while robed priests walked in unharmed is presented as a literal portal, and the white travertine terraces as artificial.",
    "context": "The Ploutonion sits on the Babadag fault and vents concentrated CO₂. Measurements at the site record lethal concentrations pooling at ground level at night and dispersing by day, which accounts precisely for dead birds at the entrance and for tall priests breathing above the layer. Strabo described the effect in the 1st century BC. The terraces are calcite precipitating from hot springs.",
    "summary": "Hierapolis (Ancient Greek: Ἱεράπολις, lit. \"Holy City\") was a Hellenistic Greek city in Phrygia, in southwestern Anatolia, Turkey. It was founded in the 3rd century BC, on the site of a Phrygian cult center of the Anatolian mother goddess Cybele, It was famous for its hot springs, its high quality wool fabrics and dyes, and as the birthplace of the Stoic philosopher Epictetus.",
    "tags": "unesco; ploutonion; travertine; greco-roman"
   }
  },
  {
   "type": "Feature",
   "id": "nemrut-dagi",
   "geometry": {
    "type": "Point",
    "coordinates": [
     38.740833,
     37.980556
    ]
   },
   "properties": {
    "id": "nemrut-dagi",
    "name": "Nemrut Dağı — Kingdom of Commagene",
    "subtitle": "Adıyaman Province, Turkey",
    "country": "Turkey",
    "region": "Middle East",
    "category": "megalithic",
    "category_label": "Megalithic",
    "location_precision": "exact",
    "coordinate_source": "wikipedia",
    "celestial_body": "earth",
    "latitude": 37.980556,
    "longitude": 38.740833,
    "radius_km": 0.0,
    "wikipedia_title": "Mount Nemrut",
    "wikipedia_url": "https://en.wikipedia.org/wiki/Mount_Nemrut",
    "wikidata_id": "Q207917",
    "claim": "Colossal severed heads on a 2,134 m summit, beside a lion relief read as the oldest horoscope, are presented as a landing marker and as a king's claim to non-human descent.",
    "context": "The hierothesion of Antiochus I of Commagene (r. 70–38 BC) is dated by its own Greek dedicatory inscriptions, which set out the cult calendar and name the syncretic Greco-Persian deities portrayed. The Lion Horoscope is a genuine and much-studied astronomical relief — it encodes a specific planetary conjunction, which is how the monument is dated. The heads fell from their bodies through earthquake and frost damage.",
    "summary": "Mount Nemrut or Nemrud (Turkish: Nemrut Dağı; Kurdish: Çiyayê Nemrûdê; Armenian: Նեմրութ լեռ; Greek: Όρος Νεμρούτ) is a 2,150-metre-high (7,054 ft) mountain in southeastern Turkey, notable for the summit where a number of large statues are erected around what is assumed to be a royal tomb from the 1st century BC. It is one of the highest peaks in the east of the Taurus Mountains.",
    "tags": "unesco; hellenistic; tumulus; archaeoastronomy"
   }
  },
  {
   "type": "Feature",
   "id": "taurus-mountains",
   "geometry": {
    "type": "Point",
    "coordinates": [
     34.5,
     37.3
    ]
   },
   "properties": {
    "id": "taurus-mountains",
    "name": "Taurus Mountains",
    "subtitle": "Southern Anatolia, Turkey",
    "country": "Turkey",
    "region": "Middle East",
    "category": "landform",
    "category_label": "Landform",
    "location_precision": "area",
    "coordinate_source": "authored",
    "celestial_body": "earth",
    "latitude": 37.3,
    "longitude": 34.5,
    "radius_km": 250.0,
    "wikipedia_title": "Taurus Mountains",
    "wikipedia_url": "https://en.wikipedia.org/wiki/Taurus_Mountains",
    "wikidata_id": "Q172556",
    "claim": "Cited as the barrier range crossed by the first farmers, and as the source of ores and obsidian whose early, wide distribution is presented as directed trade.",
    "context": "The Taurus is the northern arc of the Fertile Crescent and the heartland of early plant and animal domestication. Obsidian sourcing by trace-element analysis has mapped Anatolian exchange networks in detail — showing exactly the gradual, distance-decayed pattern expected of ordinary trade.",
    "summary": "The Taurus Mountains (Turkish: Toros Dağları or Toroslar; are a mountain complex in southern Turkey, separating the Mediterranean coastal region on the Levantine Sea from the central Anatolian Plateau. The system extends along a curve from Lake Eğirdir in the west to the upper reaches of the Euphrates and Tigris rivers in the east. It is a part of the Alpide belt in Eurasia.",
    "tags": "karst; obsidian; regional"
   }
  },
  {
   "type": "Feature",
   "id": "troy",
   "geometry": {
    "type": "Point",
    "coordinates": [
     26.238889,
     39.9575
    ]
   },
   "properties": {
    "id": "troy",
    "name": "Troy (Truva)",
    "subtitle": "Çanakkale Province, Turkey",
    "country": "Turkey",
    "region": "Middle East",
    "category": "city",
    "category_label": "Ancient City",
    "location_precision": "exact",
    "coordinate_source": "wikipedia",
    "celestial_body": "earth",
    "latitude": 39.9575,
    "longitude": 26.238889,
    "radius_km": 0.0,
    "wikipedia_title": "Troy",
    "wikipedia_url": "https://en.wikipedia.org/wiki/Troy",
    "wikidata_id": "Q22647",
    "claim": "The Iliad's gods intervening in battle, and the Trojan Horse itself, are read as a garbled memory of aerial craft and of a machine mistaken for an animal.",
    "context": "Hisarlık holds nine superimposed settlement phases from c. 3000 BC, and Troy VI/VIIa show destruction consistent with the traditional war horizon. Divine intervention is a structural convention of Greek epic, not reportage; the horse appears in the Odyssey and later sources rather than in the Iliad's narrative, and is generally read as a siege engine or as literary invention.",
    "summary": "Troy or Ilion was an ancient city located in present-day Çanakkale, Turkey. It is best known as the setting for the Greek myth of the Trojan War. The modern-day archaeological site, also known as Hisarlık, is open to the public as a tourist destination, and was added to the UNESCO World Heritage list in 1998.",
    "tags": "unesco; bronze-age; homer; hisarlik"
   }
  },
  {
   "type": "Feature",
   "id": "turkey-anatolia",
   "geometry": {
    "type": "Point",
    "coordinates": [
     35.0,
     39.0
    ]
   },
   "properties": {
    "id": "turkey-anatolia",
    "name": "Anatolia",
    "subtitle": "Türkiye (regional)",
    "country": "Turkey",
    "region": "Middle East",
    "category": "region",
    "category_label": "Broad Region",
    "location_precision": "area",
    "coordinate_source": "authored",
    "celestial_body": "earth",
    "latitude": 39.0,
    "longitude": 35.0,
    "radius_km": 600.0,
    "wikipedia_title": "Anatolia",
    "wikipedia_url": "https://en.wikipedia.org/wiki/Anatolia",
    "wikidata_id": "Q51614",
    "claim": "Anatolia as a whole is treated as the hinge of the series' timeline — where Göbekli Tepe, Çatalhöyük, Derinkuyu and the Hittites supposedly record successive waves of contact.",
    "context": "Anatolia is one of the best-studied archaeological regions on Earth, with a continuous sequence from Palaeolithic through Neolithic Çatalhöyük and Aşıklı Höyük to Hittite, Phrygian, Greek, Roman, Byzantine, Seljuk and Ottoman phases. The density of firsts here reflects early sedentism in a resource-rich corridor.",
    "summary": "Anatolia (Greek: Ανατολή, Turkish: Anadolu), also known as Asia Minor, is a peninsula in West Asia that makes up the majority of the land area of Turkey. It is the westernmost protrusion of Asia and is geographically bounded by three seas: the Mediterranean Sea to the south, the Aegean Sea to the west, the Propontis or Sea of Marmara to the northwest with its two choke points, Hellespont toward the Mediterranean and Bosporus toward the Black Sea, and the latter itself to the north. The eastern and southeastern limits have been expanded either to the entirety of Asiatic Turkey or to an imprecise line from the Black Sea to the Gulf of Alexandretta.",
    "tags": "regional; neolithic; crossroads"
   }
  },
  {
   "type": "Feature",
   "id": "black-sea-turkey",
   "geometry": {
    "type": "Point",
    "coordinates": [
     35.0,
     41.7
    ]
   },
   "properties": {
    "id": "black-sea-turkey",
    "name": "Black Sea (Turkish Coast)",
    "subtitle": "Southern Black Sea shelf",
    "country": "Turkey",
    "region": "Middle East",
    "category": "underwater",
    "category_label": "Submerged",
    "location_precision": "area",
    "coordinate_source": "authored",
    "celestial_body": "earth",
    "latitude": 41.7,
    "longitude": 35.0,
    "radius_km": 350.0,
    "wikipedia_title": "Black Sea deluge hypothesis",
    "wikipedia_url": "https://en.wikipedia.org/wiki/Black_Sea_deluge_hypothesis",
    "wikidata_id": "Q2046809",
    "claim": "Drowned shorelines and freshwater molluscs on the shelf are presented as the literal Flood described to Noah — and as the event survivors were warned about from above.",
    "context": "Ryan and Pitman's 1997 catastrophic-inflow hypothesis is a real and actively debated piece of marine geology. Later coring and sea-level work support a Holocene reconnection with the Mediterranean but mostly argue for a slower, less violent rise than the original model, and some workers reverse the flow direction. Either way it is a datable geological event with no inferable agency.",
    "summary": "The Black Sea deluge is the best known of three hypothetical flood scenarios for the Late Quaternary history of the Black Sea that have been proposed since 1997. One other flood scenario proposes a rapid, even catastrophic, rise in sea level of the Black Sea. The maximum depth of the Bosporus and Dardanelles straits is 110 meters (360 ft) and 103 meters (338 ft), respectively, which would put them above the ocean levels in the Last Glacial Maximum, some 125 meters (410 ft) lower than in present times.",
    "tags": "flood-hypothesis; marine; submerged"
   }
  },
  {
   "type": "Feature",
   "id": "khorsabad",
   "geometry": {
    "type": "Point",
    "coordinates": [
     43.229444,
     36.509444
    ]
   },
   "properties": {
    "id": "khorsabad",
    "name": "Khorsabad (Dur-Sharrukin)",
    "subtitle": "Nineveh Governorate, Iraq",
    "country": "Iraq",
    "region": "Middle East",
    "category": "city",
    "category_label": "Ancient City",
    "location_precision": "exact",
    "coordinate_source": "wikipedia",
    "celestial_body": "earth",
    "latitude": 36.509444,
    "longitude": 43.229444,
    "radius_km": 0.0,
    "wikipedia_title": "Dur-Sharrukin",
    "wikipedia_url": "https://en.wikipedia.org/wiki/Dur-Sharrukin",
    "wikidata_id": "Q253208",
    "claim": "The winged, human-headed lamassu bulls guarding Sargon II's gates are presented as portraits of non-human guardians, and the city — raised complete and abandoned at the king's death — as built to order.",
    "context": "Dur-Sharrukin is a documented royal foundation of Sargon II (r. 721–705 BC) whose building inscriptions record the commission, the labour levies and the timber imports. Lamassu are apotropaic composite guardians, a standard Mesopotamian iconographic class with a traceable stylistic development. The site was looted and partly bulldozed in 2015, making its surviving documentation especially valuable.",
    "summary": "Dur-Sharrukin (Neo-Assyrian Akkadian: 𒂦𒈗𒁺, romanized: Dūr Šarru-kīn, \"Fortress of Sargon\"; Arabic: دور شروكين, Syriac: ܕܘܪ ܫܪܘ ܘܟܢ), present day Khorsabad, was the Assyrian capital in the time of Sargon II of Assyria. Khorsabad is a village in northern Iraq, 15 km northeast of Mosul. The great city was entirely built in the decade preceding 706 BC.",
    "tags": "assyrian; lamassu; sargon-ii"
   }
  },
  {
   "type": "Feature",
   "id": "nineveh",
   "geometry": {
    "type": "Point",
    "coordinates": [
     43.152778,
     36.359444
    ]
   },
   "properties": {
    "id": "nineveh",
    "name": "Nineveh",
    "subtitle": "Mosul, Nineveh Governorate, Iraq",
    "country": "Iraq",
    "region": "Middle East",
    "category": "city",
    "category_label": "Ancient City",
    "location_precision": "exact",
    "coordinate_source": "wikipedia",
    "celestial_body": "earth",
    "latitude": 36.359444,
    "longitude": 43.152778,
    "radius_km": 0.0,
    "wikipedia_title": "Nineveh",
    "wikipedia_url": "https://en.wikipedia.org/wiki/Nineveh",
    "wikidata_id": "Q5680",
    "claim": "The Library of Ashurbanipal's tablets — the Epic of Gilgamesh, the Enuma Elish, lists of kings reigning for tens of thousands of years — are read as literal history of sky-born rulers.",
    "context": "The library is the single richest source for Mesopotamian literature and is read continuously by Assyriologists. The implausible reign lengths appear in the Sumerian King List, a genre of legitimising royal propaganda using sexagesimal numbers; the same documents become historically accurate once they reach verifiable dynasties. Gilgamesh is epic poetry with a probable historical kernel in a king of Uruk.",
    "summary": "Nineveh was an ancient Near Eastern city of Upper Mesopotamia, located in the modern-day city of Mosul in northern Iraq. It is located on the eastern bank of the Tigris River and was the capital and largest city of the Neo-Assyrian Empire, and potentially the wealthiest city in the ancient world. Today, it is a common name for the half of Mosul that lies on the eastern bank of the Tigris, and the country's Nineveh Governorate takes its name from it.",
    "tags": "assyrian; library; ashurbanipal; gilgamesh"
   }
  },
  {
   "type": "Feature",
   "id": "ur-ziggurat",
   "geometry": {
    "type": "Point",
    "coordinates": [
     46.103056,
     30.962778
    ]
   },
   "properties": {
    "id": "ur-ziggurat",
    "name": "Ziggurat of Ur",
    "subtitle": "Dhi Qar Governorate, Iraq",
    "country": "Iraq",
    "region": "Middle East",
    "category": "pyramid",
    "category_label": "Pyramid / Temple",
    "location_precision": "exact",
    "coordinate_source": "wikipedia",
    "celestial_body": "earth",
    "latitude": 30.962778,
    "longitude": 46.103056,
    "radius_km": 0.0,
    "wikipedia_title": "Ziggurat of Ur",
    "wikipedia_url": "https://en.wikipedia.org/wiki/Ziggurat_of_Ur",
    "wikidata_id": "Q202927",
    "claim": "The stepped platform is presented as a landing stage, and Nanna's 'house' atop it — entered only by priests — as a residence for a physical being, in line with Sitchin's reading of the Anunnaki.",
    "context": "Built c. 2100 BC by Ur-Nammu, rebuilt by Nabonidus, and excavated by Leonard Woolley from 1922. Foundation cylinders name the builders and the god. Ziggurats are mud-brick solid cores with no internal chambers; their form elevates a shrine, a pattern repeated across Mesopotamia and continuous with earlier platform temples at Eridu.",
    "summary": "The Ziggurat (or Great Ziggurat) of Ur (Sumerian: 𒂍𒋼𒅎𒅍 é-temen-ní-gùru \"Etemenniguru\", meaning \"house whose foundation creates terror\") is a Neo-Sumerian ziggurat in what was the city of Ur near Nasiriyah, in present-day Dhi Qar Province, Iraq. The structure was built during the Early Bronze Age (21st century BC) by King Ur-Nammu of the Third Dynasty of Ur. It had crumbled to ruins by the 6th century BC of the Neo-Babylonian period, when it was restored by King Nabonidus.",
    "tags": "sumer; ziggurat; nanna; ur-nammu"
   }
  },
  {
   "type": "Feature",
   "id": "iraq-mesopotamia",
   "geometry": {
    "type": "Point",
    "coordinates": [
     44.5,
     32.5
    ]
   },
   "properties": {
    "id": "iraq-mesopotamia",
    "name": "Mesopotamia (Sumer & Akkad)",
    "subtitle": "Tigris–Euphrates alluvium, Iraq",
    "country": "Iraq",
    "region": "Middle East",
    "category": "region",
    "category_label": "Broad Region",
    "location_precision": "area",
    "coordinate_source": "authored",
    "celestial_body": "earth",
    "latitude": 32.5,
    "longitude": 44.5,
    "radius_km": 450.0,
    "wikipedia_title": "Mesopotamia",
    "wikipedia_url": "https://en.wikipedia.org/wiki/Mesopotamia",
    "wikidata_id": "Q11767",
    "claim": "The core of Zecharia Sitchin's thesis: that Sumerian texts describe the Anunnaki arriving from a planet 'Nibiru' to mine gold and to engineer humanity, and that cuneiform records this as fact.",
    "context": "Sitchin's translations are rejected across Assyriology. 'Anunnaki' means roughly 'offspring of Anu' and denotes a class of deities; 'Nibiru' in astronomical texts refers to a crossing-point and is usually identified with Jupiter or Mercury, not an extra planet. Sumerian lexical lists, grammars and bilingual tablets allow the language to be checked independently, and they do not support the readings.",
    "summary": "Mesopotamia is a historical region of West Asia situated within the Tigris–Euphrates river system, in the northern part of the Fertile Crescent. It corresponds roughly to the territory of modern Iraq. Just beyond it lies southwestern Iran, where the region transitions into the Iranian plateau, marking the shift from the Arab world to Iran.",
    "tags": "sumer; cuneiform; anunnaki; regional"
   }
  },
  {
   "type": "Feature",
   "id": "baghdad-museum",
   "geometry": {
    "type": "Point",
    "coordinates": [
     44.3858,
     33.3286
    ]
   },
   "properties": {
    "id": "baghdad-museum",
    "name": "National Museum of Iraq",
    "subtitle": "Baghdad, Iraq",
    "country": "Iraq",
    "region": "Middle East",
    "category": "artifact",
    "category_label": "Artefact Locus",
    "location_precision": "exact",
    "coordinate_source": "wikipedia",
    "celestial_body": "earth",
    "latitude": 33.3286,
    "longitude": 44.3858,
    "radius_km": 0.0,
    "wikipedia_title": "Iraq Museum",
    "wikipedia_url": "https://en.wikipedia.org/wiki/Iraq_Museum",
    "wikidata_id": "Q521251",
    "claim": "The 'Baghdad Battery' — a ceramic jar with a copper cylinder and iron rod — is presented as a Parthian galvanic cell, implying electroplating and electric light in antiquity.",
    "context": "Replicas do produce a fraction of a volt with an acidic electrolyte, but no wires, conductors or connected sets have ever been excavated, and no object from the period shows electroplating. The accepted reading is a storage vessel for sacred scrolls, matching similar jars from Seleucia whose organic contents survived. The museum's catastrophic 2003 looting is separately documented.",
    "summary": "The Iraq Museum (Arabic: المتحف العراقي) is the national museum of Iraq, located in Baghdad. The Iraq Museum contains relics from the Mesopotamian, Abbasid, and Persian civilizations. It was looted during and after the 2003 Invasion of Iraq.",
    "tags": "museum; baghdad-battery; looting"
   }
  },
  {
   "type": "Feature",
   "id": "tigris-euphrates",
   "geometry": {
    "type": "Point",
    "coordinates": [
     47.435,
     31.0089
    ]
   },
   "properties": {
    "id": "tigris-euphrates",
    "name": "Tigris & Euphrates Confluence",
    "subtitle": "Al-Qurnah, Basra Governorate, Iraq",
    "country": "Iraq",
    "region": "Middle East",
    "category": "landform",
    "category_label": "Landform",
    "location_precision": "area",
    "coordinate_source": "authored",
    "celestial_body": "earth",
    "latitude": 31.0089,
    "longitude": 47.435,
    "radius_km": 150.0,
    "wikipedia_title": "Shatt al-Arab",
    "wikipedia_url": "https://en.wikipedia.org/wiki/Shatt_al-Arab",
    "wikidata_id": "Q166966",
    "claim": "The four-river description of Eden in Genesis is matched to this confluence, and the garden read as an off-world genetics facility.",
    "context": "Genesis names Tigris, Euphrates, Pishon and Gihon; the latter two are unidentified, and proposals range from the Karun and Wadi al-Batin to the Nile. The alluvium here has shifted substantially since antiquity, and the Shatt al-Arab itself is a late formation — which is why no fixed location can be derived from the text.",
    "summary": "The Shatt al-Arab (Arabic: شط العرب, lit. 'River of the Arabs') is a river about 200 kilometres (120 mi) in length that is formed at the confluence of the Euphrates and Tigris rivers in the town of al-Qurnah in the Basra Governorate of southern Iraq. The southern end of the river constitutes the Iran–Iraq border down to its mouth, where it discharges into the Persian Gulf.",
    "tags": "river; shatt-al-arab; eden"
   }
  },
  {
   "type": "Feature",
   "id": "temple-mount",
   "geometry": {
    "type": "Point",
    "coordinates": [
     35.235833,
     31.778056
    ]
   },
   "properties": {
    "id": "temple-mount",
    "name": "Temple Mount & Dome of the Rock",
    "subtitle": "Old City, Jerusalem",
    "country": "Israel / Palestine",
    "region": "Middle East",
    "category": "sacred",
    "category_label": "Sacred Site",
    "location_precision": "exact",
    "coordinate_source": "wikipedia",
    "celestial_body": "earth",
    "latitude": 31.778056,
    "longitude": 35.235833,
    "radius_km": 0.0,
    "wikipedia_title": "Temple Mount",
    "wikipedia_url": "https://en.wikipedia.org/wiki/Temple_Mount",
    "wikidata_id": "Q193163",
    "claim": "The Herodian platform's largest ashlars — the Western Stone is estimated at several hundred tonnes — plus the Ark of the Covenant described as lethal to touch, are presented as off-world engineering and a powered device.",
    "context": "The retaining walls are Herodian (late 1st century BC) with quarries identified within Jerusalem; drafted-margin ashlar is a diagnostic Herodian style found across his projects at Hebron and Caesarea. The Ark's described effects are theological narrative; the object has not been recovered and no engineering inference is available from the texts.",
    "summary": "The Temple Mount or al-Haram al-Sharif (Biblical Hebrew: הַר הַבַּיִת, romanized: Har hab-Bayiṯ, Arabic: الحَرَم الشَّرِيف, romanized: al-Ḥaram aš-Šarīf or الأَقْصَى, al-Aqṣā) is an elevated plateau in the Old City of Jerusalem that comprises the Islamic religious compound known as al-Aqsa, which includes the al-Aqsa Mosque and the Dome of the Rock. Historically the location of two successive Jewish temples, the area has been venerated as a holy site for thousands of years including in Judaism, Christianity, and Islam.",
    "tags": "unesco; herodian; foundation-stone; ark"
   }
  },
  {
   "type": "Feature",
   "id": "mount-of-olives",
   "geometry": {
    "type": "Point",
    "coordinates": [
     35.243889,
     31.778333
    ]
   },
   "properties": {
    "id": "mount-of-olives",
    "name": "Mount of Olives",
    "subtitle": "East Jerusalem",
    "country": "Israel / Palestine",
    "region": "Middle East",
    "category": "sacred",
    "category_label": "Sacred Site",
    "location_precision": "exact",
    "coordinate_source": "wikipedia",
    "celestial_body": "earth",
    "latitude": 31.778333,
    "longitude": 35.243889,
    "radius_km": 0.0,
    "wikipedia_title": "Mount of Olives",
    "wikipedia_url": "https://en.wikipedia.org/wiki/Mount_of_Olives",
    "wikidata_id": "Q205976",
    "claim": "The Ascension — Jesus taken up in a cloud from this ridge — is read as a vertical departure in a craft witnessed by the disciples.",
    "context": "Acts 1 is a theological narrative composed decades after the events and structured to parallel Elijah's ascent in 2 Kings. The ridge itself holds the oldest continuously used Jewish cemetery in the world and multiple well-dated Byzantine and Crusader churches.",
    "summary": "The Mount of Olives or Mount Olivet (Hebrew: הַר הַזֵּיתִים, romanized: Har ha-Zeitim; Arabic: جبل الزيتون, romanized: Jabal az-Zaytūn; both lit. 'Mount of Olives'; in Arabic also الطور, Aṭ-Ṭūr, 'the Mountain') is a mountain ridge in East Jerusalem, east of and adjacent to Jerusalem's Old City. It is named for the olive groves that once covered its slopes.",
    "tags": "ascension; necropolis; christianity"
   }
  },
  {
   "type": "Feature",
   "id": "bethlehem",
   "geometry": {
    "type": "Point",
    "coordinates": [
     35.206389,
     31.704444
    ]
   },
   "properties": {
    "id": "bethlehem",
    "name": "Bethlehem",
    "subtitle": "West Bank",
    "country": "Israel / Palestine",
    "region": "Middle East",
    "category": "sacred",
    "category_label": "Sacred Site",
    "location_precision": "exact",
    "coordinate_source": "wikipedia",
    "celestial_body": "earth",
    "latitude": 31.704444,
    "longitude": 35.206389,
    "radius_km": 0.0,
    "wikipedia_title": "Bethlehem",
    "wikipedia_url": "https://en.wikipedia.org/wiki/Bethlehem",
    "wikidata_id": "Q5776",
    "claim": "The Star of Bethlehem — moving ahead of the magi, then stopping over one building — is read as a craft under intelligent control, since no astronomical body behaves that way.",
    "context": "Astronomical candidates include the 7 BC triple conjunction of Jupiter and Saturn in Pisces and a 5 BC Chinese-recorded nova. The 'stopping' is also readable as retrograde motion, or as Matthew's literary device: the account is shaped to fulfil Numbers 24:17 and appears in only one gospel.",
    "summary": "Bethlehem is a city in the West Bank, Palestine, located about ten kilometres (six miles) south of Jerusalem, and the capital of the Bethlehem Governorate. It had a population of 28,591 people, as of 2017. The city's economy is strongly linked to tourism, especially during the Christmas period, when Christians embark on a pilgrimage to the Church of the Nativity, which is revered as the location of the birth of Jesus.",
    "tags": "nativity; star-of-bethlehem; unesco"
   }
  },
  {
   "type": "Feature",
   "id": "jericho",
   "geometry": {
    "type": "Point",
    "coordinates": [
     35.46,
     31.856111
    ]
   },
   "properties": {
    "id": "jericho",
    "name": "Jericho (Tell es-Sultan)",
    "subtitle": "West Bank",
    "country": "Israel / Palestine",
    "region": "Middle East",
    "category": "city",
    "category_label": "Ancient City",
    "location_precision": "exact",
    "coordinate_source": "wikipedia",
    "celestial_body": "earth",
    "latitude": 31.856111,
    "longitude": 35.46,
    "radius_km": 0.0,
    "wikipedia_title": "Jericho",
    "wikipedia_url": "https://en.wikipedia.org/wiki/Jericho",
    "wikidata_id": "Q5687",
    "claim": "Walls felled by trumpets and a shout are presented as an acoustic or directed-energy weapon supplied from above, and the Neolithic tower as the oldest defensive architecture built against an aerial threat.",
    "context": "Tell es-Sultan holds an 11,000-year sequence including the Pre-Pottery Neolithic tower and wall — among the earliest known monumental architecture, probably flood-defence and communal ritual rather than military. Kathleen Kenyon's excavations found the Late Bronze walls already ruined and the site largely unoccupied around the traditional date of Joshua's conquest, which is the core archaeological problem with the biblical account.",
    "summary": "Jericho ( JERR-ik-oh; Arabic: أريحا, romanized: Arīḥā, IPA: [ʔaˈriːħaː] ; Hebrew: יְרֵחוֹ, romanized: Yərīḥō) is a city in the West Bank, Palestine, and the capital of the Jericho Governorate. The city is located in the Jordan Valley, with the Jordan River to the east and Jerusalem to the west.",
    "tags": "unesco; neolithic; oldest-city; walls"
   }
  },
  {
   "type": "Feature",
   "id": "qumran",
   "geometry": {
    "type": "Point",
    "coordinates": [
     35.458611,
     31.740833
    ]
   },
   "properties": {
    "id": "qumran",
    "name": "Qumran",
    "subtitle": "West Bank, Dead Sea shore",
    "country": "Israel / Palestine",
    "region": "Middle East",
    "category": "artifact",
    "category_label": "Artefact Locus",
    "location_precision": "exact",
    "coordinate_source": "wikipedia",
    "celestial_body": "earth",
    "latitude": 31.740833,
    "longitude": 35.458611,
    "radius_km": 0.0,
    "wikipedia_title": "Qumran",
    "wikipedia_url": "https://en.wikipedia.org/wiki/Qumran",
    "wikidata_id": "Q223399",
    "claim": "The scrolls' Enochic literature — Watchers descending, teaching metallurgy and astronomy, and fathering the Nephilim — is treated as a suppressed eyewitness account of contact.",
    "context": "1 Enoch is a real and important Second Temple text, preserved at Qumran in Aramaic and canonical in the Ethiopian Orthodox tradition. It belongs to the apocalyptic genre: pseudepigraphic, visionary and composed c. 300–100 BC, many centuries after the antediluvian era it narrates. Its exclusion from the Jewish and most Christian canons is a documented process of canon formation, not a suppression.",
    "summary": "Qumran (Hebrew: קומראן; Arabic: خربة قمران, romanized: Khirbet Qumrān) is an archaeological site in the West Bank managed by Israel's Qumran National Park. It is located on a dry marl plateau about 1.5 km (1 mi) from the northwestern shore of the Dead Sea, about 10 km (6 mi) south of the historic city of Jericho, and adjacent to the modern Israeli settlement and kibbutz of Kalya.",
    "tags": "dead-sea-scrolls; essenes; book-of-enoch"
   }
  },
  {
   "type": "Feature",
   "id": "mount-sodom",
   "geometry": {
    "type": "Point",
    "coordinates": [
     35.396944,
     31.071944
    ]
   },
   "properties": {
    "id": "mount-sodom",
    "name": "Mount Sodom & the Dead Sea",
    "subtitle": "Southern Dead Sea, Israel",
    "country": "Israel",
    "region": "Middle East",
    "category": "landform",
    "category_label": "Landform",
    "location_precision": "exact",
    "coordinate_source": "wikipedia",
    "celestial_body": "earth",
    "latitude": 31.071944,
    "longitude": 35.396944,
    "radius_km": 0.0,
    "wikipedia_title": "Mount Sodom",
    "wikipedia_url": "https://en.wikipedia.org/wiki/Mount_Sodom",
    "wikidata_id": "Q2670801",
    "claim": "Sodom and Gomorrah's destruction — fire from the sky, a survivor warned not to look back, a woman turned to salt — is read as a nuclear or directed strike, with Mount Sodom's salt pillars as the residue.",
    "context": "Mount Sodom is a halite diapir: a salt body extruded upward by pressure, continuously eroded into pillars. No radiological anomaly has been found in the basin. Candidate destruction layers at Bab edh-Dhra and Numeira show Early Bronze conflagration, and a contested airburst hypothesis for Tall el-Hammam was published in 2021 and challenged on its methods in 2022 — a live scientific dispute about a natural event.",
    "summary": "Mount Sodom (Hebrew: הר סדום, Har Sedom) is a hill along the southwestern part of the Dead Sea in Israel; it is part of the Judaean Desert Nature Reserve. It takes its name from the biblical city of Sodom, whose destruction is the subject of a narrative in the Bible.",
    "tags": "salt-diapir; sodom; dead-sea"
   }
  },
  {
   "type": "Feature",
   "id": "mount-hermon",
   "geometry": {
    "type": "Point",
    "coordinates": [
     35.8575,
     33.416111
    ]
   },
   "properties": {
    "id": "mount-hermon",
    "name": "Mount Hermon",
    "subtitle": "Anti-Lebanon range, Syria / Lebanon border",
    "country": "Syria / Lebanon",
    "region": "Middle East",
    "category": "sacred",
    "category_label": "Sacred Site",
    "location_precision": "exact",
    "coordinate_source": "wikipedia",
    "celestial_body": "earth",
    "latitude": 33.416111,
    "longitude": 35.8575,
    "radius_km": 0.0,
    "wikipedia_title": "Mount Hermon",
    "wikipedia_url": "https://en.wikipedia.org/wiki/Mount_Hermon",
    "wikidata_id": "Q215471",
    "claim": "1 Enoch names Hermon as the summit where two hundred Watchers descended and swore their oath; the series treats this as a precise landing coordinate preserved in scripture.",
    "context": "The Hermon tradition is attested in 1 Enoch 6 and the mountain carries a dense cluster of ancient sanctuaries along its slopes, reflecting its long-standing status as sacred high ground in Canaanite, Israelite, Greek and Roman cult. The descent narrative is apocalyptic literature; what the archaeology records is a sanctuary landscape.",
    "summary": "Mount Hermon is a mountain cluster constituting the southern end of the Anti-Lebanon Mountains. Its summit straddles the border between Syria and Lebanon and at the elevation of 2,814 m (9,232 ft), is the highest point in Syria and the Israeli-occupied Golan Heights.",
    "tags": "watchers; book-of-enoch; transfiguration"
   }
  },
  {
   "type": "Feature",
   "id": "mount-sinai",
   "geometry": {
    "type": "Point",
    "coordinates": [
     33.975417,
     28.539417
    ]
   },
   "properties": {
    "id": "mount-sinai",
    "name": "Mount Sinai (Jebel Musa)",
    "subtitle": "South Sinai Governorate, Egypt",
    "country": "Egypt",
    "region": "Middle East",
    "category": "sacred",
    "category_label": "Sacred Site",
    "location_precision": "exact",
    "coordinate_source": "wikipedia",
    "celestial_body": "earth",
    "latitude": 28.539417,
    "longitude": 33.975417,
    "radius_km": 0.0,
    "wikipedia_title": "Mount Sinai",
    "wikipedia_url": "https://en.wikipedia.org/wiki/Mount_Sinai",
    "wikidata_id": "Q377485",
    "claim": "The Sinai theophany — smoke, fire, trumpet blast, violent quaking, a boundary nobody may cross on pain of death — is read as a landing with an exclusion zone, and the tablets as a delivered artefact.",
    "context": "Jebel Musa's identification as the biblical mountain is a Byzantine tradition from the 4th century AD, not a continuous one; Jebel Serbal, Hashem el-Tarif and locations in Arabia are all argued. The theophany's imagery is standard ancient Near Eastern storm-god language, paralleled in Ugaritic and Mesopotamian texts. Volcanic readings founder on Sinai's lack of Holocene volcanism.",
    "summary": "Mount Sinai, also known as Jabal Musa (Arabic: جَبَل مُوسَى, lit. 'Mountain of Moses'), is a mountain on the Sinai Peninsula of Egypt. It is one of several locations claimed to be the biblical Mount Sinai, the place where, according to the sacred scriptures of the three major Abrahamic religions (Bible, and Quran), the Hebrew prophet Moses received the Ten Commandments from God.",
    "tags": "exodus; saint-catherines; theophany"
   }
  },
  {
   "type": "Feature",
   "id": "israel-west-bank",
   "geometry": {
    "type": "Point",
    "coordinates": [
     35.1,
     31.6
    ]
   },
   "properties": {
    "id": "israel-west-bank",
    "name": "Israel & the West Bank",
    "subtitle": "Southern Levant (regional)",
    "country": "Israel / Palestine",
    "region": "Middle East",
    "category": "region",
    "category_label": "Broad Region",
    "location_precision": "area",
    "coordinate_source": "authored",
    "celestial_body": "earth",
    "latitude": 31.6,
    "longitude": 35.1,
    "radius_km": 120.0,
    "wikipedia_title": "Southern Levant",
    "wikipedia_url": "https://en.wikipedia.org/wiki/Southern_Levant",
    "wikidata_id": "Q7570085",
    "claim": "Used as a regional frame for the series' biblical material: Ezekiel's wheel, Elijah's chariot, the Nephilim, and Joshua's sun standing still are presented as a dense local cluster of contact reports.",
    "context": "The southern Levant is among the most intensively excavated regions on Earth. The visions concerned belong to identifiable literary genres — merkabah vision, prophetic call narrative, holy-war poetry — whose conventions are reconstructable from comparative Near Eastern texts.",
    "summary": "The Southern Levant is a geographical region in West Asia along the eastern coast of the Mediterranean Sea, a territory corresponding approximately to present-day Israel, Palestine, and Jordan; some definitions also include southern Lebanon, southern Syria, and the Sinai Peninsula. As a strictly geographical description, it is sometimes used by archaeologists and historians to avoid the religious and political connotations of other names for this area.",
    "tags": "regional; levant; biblical-archaeology"
   }
  },
  {
   "type": "Feature",
   "id": "mecca-kaaba",
   "geometry": {
    "type": "Point",
    "coordinates": [
     39.82617,
     21.4225
    ]
   },
   "properties": {
    "id": "mecca-kaaba",
    "name": "Kaaba & Masjid al-Haram",
    "subtitle": "Mecca, Makkah Province, Saudi Arabia",
    "country": "Saudi Arabia",
    "region": "Middle East",
    "category": "sacred",
    "category_label": "Sacred Site",
    "location_precision": "exact",
    "coordinate_source": "wikipedia",
    "celestial_body": "earth",
    "latitude": 21.4225,
    "longitude": 39.82617,
    "radius_km": 0.0,
    "wikipedia_title": "Kaaba",
    "wikipedia_url": "https://en.wikipedia.org/wiki/Kaaba",
    "wikidata_id": "Q29466",
    "claim": "The Black Stone set in the Kaaba's eastern corner is proposed as a meteorite — a fragment delivered from the sky and venerated for millennia, as at other ancient sites.",
    "context": "The stone has never been scientifically sampled, so its nature is genuinely unestablished; meteoritic, impactite and agate origins have all been proposed in the literature. Veneration of sky-fallen stones is a real and widespread ancient practice — the Artemision of Ephesus and the cult of Elagabal at Emesa are documented cases — and it requires no visitors, only a visible fall.",
    "summary": "The Kaaba (Arabic: الكعبة, romanized: al-Kaʿba, lit. 'the Cube'), also spelled Kaʽba, Kaʽbah or Kabah, sometimes referred to as al-Kaʽba al-Musharrafa (Arabic: الكعبة المشرفة, lit. 'the Honored Ka'ba'), is a stone building at the center of Islam's most important mosque and holiest site, the Masjid al-Haram in Mecca, Saudi Arabia.",
    "tags": "islam; black-stone; meteorite; hajj"
   }
  },
  {
   "type": "Feature",
   "id": "stonehenge",
   "geometry": {
    "type": "Point",
    "coordinates": [
     -1.826111,
     51.178889
    ]
   },
   "properties": {
    "id": "stonehenge",
    "name": "Stonehenge",
    "subtitle": "Salisbury Plain, Wiltshire, England",
    "country": "United Kingdom",
    "region": "Europe",
    "category": "megalithic",
    "category_label": "Megalithic",
    "location_precision": "exact",
    "coordinate_source": "wikipedia",
    "celestial_body": "earth",
    "latitude": 51.178889,
    "longitude": -1.826111,
    "radius_km": 0.0,
    "wikipedia_title": "Stonehenge",
    "wikipedia_url": "https://en.wikipedia.org/wiki/Stonehenge",
    "wikidata_id": "Q39671",
    "claim": "Bluestones hauled 250 km from Wales, sarsens weighing up to 30 tonnes, mortise-and-tenon joints in stone and a solstice alignment are presented as a surveyed instrument built to an external specification — sometimes as an energy device or beacon.",
    "context": "Stonehenge is the most intensively studied prehistoric monument in Europe, built in stages over 1,500 years. The bluestone sources at Craig Rhos-y-felin and Carn Goedog have been excavated and matched petrologically; the sarsens were traced in 2020 to West Woods, 25 km north. Antler picks, rope, timber sledges and the Durrington Walls settlement that housed the builders are all recovered. The solstice alignment is real and intentional, and achievable by observation.",
    "summary": "Stonehenge is a prehistoric megalithic structure on Salisbury Plain in Wiltshire, England, two miles (3 km) west of Amesbury. It consists of an outer ring of vertical sarsen standing stones, each around 13 feet (4.0 m) high, seven feet (2.1 m) wide, and weighing around 25 tons, topped by connecting horizontal lintel stones which are held in place with mortise and tenon joints—a feature unique among contemporary monuments. Inside is a ring of smaller bluestones.",
    "tags": "unesco; neolithic; archaeoastronomy; bluestone; trilithon"
   }
  },
  {
   "type": "Feature",
   "id": "avebury",
   "geometry": {
    "type": "Point",
    "coordinates": [
     -1.854167,
     51.428611
    ]
   },
   "properties": {
    "id": "avebury",
    "name": "Avebury",
    "subtitle": "Wiltshire, England",
    "country": "United Kingdom",
    "region": "Europe",
    "category": "megalithic",
    "category_label": "Megalithic",
    "location_precision": "exact",
    "coordinate_source": "wikipedia",
    "celestial_body": "earth",
    "latitude": 51.428611,
    "longitude": -1.854167,
    "radius_km": 0.0,
    "wikipedia_title": "Avebury",
    "wikipedia_url": "https://en.wikipedia.org/wiki/Avebury",
    "wikidata_id": "Q661855",
    "claim": "The largest stone circle in Europe, with its avenues and the artificial mound of Silbury Hill, is read as a landscape-scale diagram — and the area's crop-circle concentration as a continuing signal.",
    "context": "The Avebury complex (c. 2850–2200 BC) is a World Heritage landscape with excavated ditch sections, buried stones recovered and re-erected by Alexander Keiller, and Silbury Hill's internal construction phases exposed by tunnelling. Crop formations in the area have been repeatedly claimed and demonstrated by their human makers since Doug Bower and Dave Chorley came forward in 1991.",
    "summary": "Avebury is a Neolithic henge monument containing three stone circles, around the village of Avebury in Wiltshire, in south-west England. One of the best-known prehistoric sites in Britain, it contains the largest megalithic stone circle in the world. It is both a tourist attraction and a place of religious importance to contemporary pagans.",
    "tags": "unesco; neolithic; henge; silbury-hill"
   }
  },
  {
   "type": "Feature",
   "id": "anglesey",
   "geometry": {
    "type": "Point",
    "coordinates": [
     -4.4,
     53.28
    ]
   },
   "properties": {
    "id": "anglesey",
    "name": "Anglesey (Ynys Môn)",
    "subtitle": "Wales, United Kingdom",
    "country": "United Kingdom",
    "region": "Europe",
    "category": "megalithic",
    "category_label": "Megalithic",
    "location_precision": "area",
    "coordinate_source": "authored",
    "celestial_body": "earth",
    "latitude": 53.28,
    "longitude": -4.4,
    "radius_km": 30.0,
    "wikipedia_title": "Anglesey",
    "wikipedia_url": "https://en.wikipedia.org/wiki/Anglesey",
    "wikidata_id": "Q168159",
    "claim": "Tacitus's account of the Roman assault on the Druid stronghold, plus the solstice-aligned passage tomb at Bryn Celli Ddu, is used to cast the Druids as custodians of transmitted off-world knowledge.",
    "context": "Anglesey holds a dense, well-excavated Neolithic and Bronze Age monument group and the Parys Mountain copper workings, mined from the Bronze Age. Druidic practice is known almost entirely through hostile Roman sources; Bryn Celli Ddu's midsummer alignment is securely demonstrated and locally achievable.",
    "summary": "Anglesey ( ANG-gəl-see), or Ynys Môn (Welsh: [ˈənɨs ˈmoːn]), is an island off the north-west coast of Wales. It forms the majority of the county of the Isle of Anglesey, which also includes Holy Island to the west and some islets and skerries. The county borders Gwynedd across the Menai Strait to the south-east and is otherwise surrounded by the Irish Sea.",
    "tags": "druids; bryn-celli-ddu; neolithic; copper"
   }
  },
  {
   "type": "Feature",
   "id": "callanish",
   "geometry": {
    "type": "Point",
    "coordinates": [
     -6.745145,
     58.197541
    ]
   },
   "properties": {
    "id": "callanish",
    "name": "Callanish Stones",
    "subtitle": "Isle of Lewis, Outer Hebrides, Scotland",
    "country": "United Kingdom",
    "region": "Europe",
    "category": "megalithic",
    "category_label": "Megalithic",
    "location_precision": "exact",
    "coordinate_source": "wikipedia",
    "celestial_body": "earth",
    "latitude": 58.197541,
    "longitude": -6.745145,
    "radius_km": 0.0,
    "wikipedia_title": "Callanish Stones",
    "wikipedia_url": "https://en.wikipedia.org/wiki/Callanish_Stones",
    "wikidata_id": "Q3242938",
    "claim": "A cruciform setting of Lewisian gneiss, reported to frame the major lunar standstill against the 'Sleeping Beauty' ridge every 18.6 years, is presented as a predictive instrument beyond its builders.",
    "context": "Callanish (c. 3000 BC) is a genuine candidate for deliberate lunar alignment, and the 18.6-year standstill cycle is observable by a community that watches the horizon across generations — exactly what a permanent monument records. Peat growth later buried the stones to 1.5 m, which is how the original ground surface and central chambered cairn were preserved.",
    "summary": "The Calanais Stones (also known as Calanais I; Scottish Gaelic: Clachan Chalanais or Tursachan Chalanais) are a prehistoric stone circle and stone alignment on the west coast of the Isle of Lewis in the Outer Hebrides of Scotland. The monument was built during the Neolithic period, around c. 2750 BC.",
    "tags": "neolithic; archaeoastronomy; lunar-standstill; hebrides"
   }
  },
  {
   "type": "Feature",
   "id": "stenness",
   "geometry": {
    "type": "Point",
    "coordinates": [
     -3.20805,
     58.99402
    ]
   },
   "properties": {
    "id": "stenness",
    "name": "Stones of Stenness & Brodgar",
    "subtitle": "Orkney Islands, Scotland",
    "country": "United Kingdom",
    "region": "Europe",
    "category": "megalithic",
    "category_label": "Megalithic",
    "location_precision": "exact",
    "coordinate_source": "wikipedia",
    "celestial_body": "earth",
    "latitude": 58.99402,
    "longitude": -3.20805,
    "radius_km": 0.0,
    "wikipedia_title": "Standing Stones of Stenness",
    "wikipedia_url": "https://en.wikipedia.org/wiki/Standing_Stones_of_Stenness",
    "wikidata_id": "Q1478558",
    "claim": "The Orkney complex — henges, the Maeshowe chambered cairn and the Ness of Brodgar's painted walls — is cast as a northern command centre whose influence spread south to Stonehenge.",
    "context": "The Heart of Neolithic Orkney is a World Heritage site, and Orkney genuinely does appear to be a Neolithic innovation centre: grooved-ware pottery and henge architecture plausibly originate here and spread south. That is a mainstream and well-evidenced conclusion drawn from excavated sequences at Barnhouse, Skara Brae and the Ness of Brodgar.",
    "summary": "The Standing Stones of Stenness are a Neolithic monument five miles northeast of Stromness on the mainland of Orkney, Scotland. This may be the oldest henge site in the British Isles. Various traditions associated with the stones survived into the modern era and they form part of the Heart of Neolithic Orkney World Heritage Site.",
    "tags": "unesco; neolithic; ness-of-brodgar; orkney"
   }
  },
  {
   "type": "Feature",
   "id": "edinburgh-castle",
   "geometry": {
    "type": "Point",
    "coordinates": [
     -3.1999,
     55.9486
    ]
   },
   "properties": {
    "id": "edinburgh-castle",
    "name": "Edinburgh Castle & the Stone of Destiny",
    "subtitle": "Edinburgh, Scotland",
    "country": "United Kingdom",
    "region": "Europe",
    "category": "artifact",
    "category_label": "Artefact Locus",
    "location_precision": "exact",
    "coordinate_source": "authored",
    "celestial_body": "earth",
    "latitude": 55.9486,
    "longitude": -3.1999,
    "radius_km": 0.0,
    "wikipedia_title": "Stone of Scone",
    "wikipedia_url": "https://en.wikipedia.org/wiki/Stone_of_Scone",
    "wikidata_id": "Q756442",
    "claim": "The coronation stone is identified with Jacob's pillow from Genesis 28 — the rock he slept on when he saw a ladder with beings ascending and descending — making it a relic of a contact event.",
    "context": "Geologists have matched the Stone of Scone to Old Red Sandstone from the Scone area in Perthshire, which rules out a Levantine origin. The Jacob's-pillow identification is a medieval origin legend serving dynastic legitimacy, of a kind common across European regalia.",
    "summary": "The Stone of Scone (Scottish Gaelic: An Lia Fàil, meaning Stone of Destiny, also called clach-na-cinneamhuinn; Scots: Stane o Scone) is an oblong block of red sandstone that was used in the coronation of Scottish monarchs until the 13th century when it was seized by Edward I during the First War of Scottish Independence and taken to England. Thereafter, it was used in the coronation of English and later British monarchs.",
    "tags": "stone-of-scone; coronation; jacob's-pillow"
   }
  },
  {
   "type": "Feature",
   "id": "tintagel",
   "geometry": {
    "type": "Point",
    "coordinates": [
     -4.759928,
     50.667974
    ]
   },
   "properties": {
    "id": "tintagel",
    "name": "Tintagel Castle & Island",
    "subtitle": "Cornwall, England",
    "country": "United Kingdom",
    "region": "Europe",
    "category": "city",
    "category_label": "Ancient City",
    "location_precision": "exact",
    "coordinate_source": "wikipedia",
    "celestial_body": "earth",
    "latitude": 50.667974,
    "longitude": -4.759928,
    "radius_km": 0.0,
    "wikipedia_title": "Tintagel Castle",
    "wikipedia_url": "https://en.wikipedia.org/wiki/Tintagel_Castle",
    "wikidata_id": "Q934922",
    "claim": "Arthur's conception by Merlin's shape-shifting magic, and the sword drawn from stone, are read as engineered birth and as advanced metallurgy — with Tintagel as the point of intervention.",
    "context": "Excavation has revealed a substantial 5th–7th-century high-status settlement with imported Mediterranean amphorae and Phocaean red slip ware, plus a 7th-century inscribed slate — genuinely important evidence for post-Roman Atlantic trade. The Arthurian association derives from Geoffrey of Monmouth writing c. 1136, and the castle itself is 13th-century, built partly to trade on that legend.",
    "summary": "Tintagel Castle (Cornish: Kastel Dintagel) is a medieval fortification located on the peninsula of Tintagel Island adjacent to the village of Tintagel (Trevena), North Cornwall in the United Kingdom. The site was possibly occupied in the Romano-British period, as an array of artefacts dating from this period have been found on the peninsula, but as yet no Roman-era structure has been proven to have existed there. It was settled during the early medieval period, when it was probably one of the seasonal residences of the regional king of Dumnonia.",
    "tags": "arthurian; post-roman; trade; merlin"
   }
  },
  {
   "type": "Feature",
   "id": "ilkley-moor",
   "geometry": {
    "type": "Point",
    "coordinates": [
     -1.8217,
     53.9033
    ]
   },
   "properties": {
    "id": "ilkley-moor",
    "name": "Ilkley Moor — Twelve Apostles",
    "subtitle": "West Yorkshire, England",
    "country": "United Kingdom",
    "region": "Europe",
    "category": "megalithic",
    "category_label": "Megalithic",
    "location_precision": "approximate",
    "coordinate_source": "authored",
    "celestial_body": "earth",
    "latitude": 53.9033,
    "longitude": -1.8217,
    "radius_km": 0.0,
    "wikipedia_title": "Twelve Apostles, West Yorkshire",
    "wikipedia_url": "https://en.wikipedia.org/wiki/Twelve_Apostles,_West_Yorkshire",
    "wikidata_id": "Q1436702",
    "claim": "Bronze Age cup-and-ring carvings here are read as star charts, and the moor's reputation — including PC Alan Godfrey-era Yorkshire sighting reports and the 1987 'Ilkley Moor alien' photograph — as continuing activity.",
    "context": "Cup-and-ring marking is an Atlantic-wide rock-art tradition from Iberia to Scotland, with hundreds of panels on Rombalds Moor alone; its meaning is unresolved but its distribution is thoroughly mapped. The 1987 photograph has never been independently authenticated and the figure's proportions are consistent with a small model.",
    "summary": "The Twelve Apostles (grid reference SE12614506) is a stone circle near Ilkley and Burley in Wharfedale in West Yorkshire, England.",
    "tags": "rock-art; cup-and-ring; swastika-stone; ufo"
   }
  },
  {
   "type": "Feature",
   "id": "rudloe-manor",
   "geometry": {
    "type": "Point",
    "coordinates": [
     -2.216861,
     51.420633
    ]
   },
   "properties": {
    "id": "rudloe-manor",
    "name": "Rudloe Manor & Corsham Tunnels",
    "subtitle": "Wiltshire, England",
    "country": "United Kingdom",
    "region": "Europe",
    "category": "military",
    "category_label": "Military / Secure",
    "location_precision": "exact",
    "coordinate_source": "wikipedia",
    "celestial_body": "earth",
    "latitude": 51.420633,
    "longitude": -2.216861,
    "radius_km": 0.0,
    "wikipedia_title": "RAF Rudloe Manor",
    "wikipedia_url": "https://en.wikipedia.org/wiki/RAF_Rudloe_Manor",
    "wikidata_id": "Q7275547",
    "claim": "Dubbed 'Britain's Area 51': the RAF site is said to have run a covert UFO desk, with recovered material held in the Bath-stone quarry complex beneath Corsham.",
    "context": "The MoD acknowledged that the Provost and Security Services at Rudloe Manor handled UFO report correspondence into the 1990s — a clerical function, later moved to Whitehall and then wound up in 2009 when the MoD closed its UFO desk. The underground site is the declassified Burlington Central Government War Headquarters, now public record.",
    "summary": "RAF Rudloe Manor, formerly RAF Box, was a Royal Air Force station north-east of Bath, England, between the settlements of Box and Corsham, in Wiltshire. It was one of several military installations in the area and covered three dispersed sites. Parts of the site are now used by Defence Digital within the MoD Corsham complex; other areas are vacant and some have been sold, including the 17th-century manor house, Rudloe Manor.",
    "tags": "raf; ufo-desk; bunker; corsham"
   }
  },
  {
   "type": "Feature",
   "id": "rendlesham",
   "geometry": {
    "type": "Point",
    "coordinates": [
     1.449167,
     52.088889
    ]
   },
   "properties": {
    "id": "rendlesham",
    "name": "Rendlesham Forest — RAF Bentwaters & Woodbridge",
    "subtitle": "Suffolk, England",
    "country": "United Kingdom",
    "region": "Europe",
    "category": "ufo",
    "category_label": "UFO Incident",
    "location_precision": "exact",
    "coordinate_source": "wikipedia",
    "celestial_body": "earth",
    "latitude": 52.088889,
    "longitude": 1.449167,
    "radius_km": 0.0,
    "wikipedia_title": "Rendlesham Forest incident",
    "wikipedia_url": "https://en.wikipedia.org/wiki/Rendlesham_Forest_incident",
    "wikidata_id": "Q2271637",
    "claim": "Over several nights in December 1980, USAF personnel from the twin bases reported lights descending into the forest, a landed craft with glyph-like markings and radiation traces — Britain's best-documented military encounter.",
    "context": "Deputy base commander Charles Halt's memo is genuine and declassified, which is why the case matters. Proposed explanations include the Orfordness lighthouse 8 km east (matching the pulsing light's bearing and interval), a bright fireball recorded that night, and the Shipwash light vessel; the radiation readings were within regional background. Witnesses continue to dispute these accounts, and the case remains unresolved rather than explained.",
    "summary": "The Rendlesham Forest incident was a series of reported sightings of unexplained lights near Rendlesham Forest in Suffolk, England, in December 1980, which became linked with alleged UFO landings. The events occurred just outside RAF Woodbridge, which was used at the time by the United States Air Force (USAF). USAF personnel, including deputy base commander Lieutenant Colonel Charles I.",
    "tags": "1980; usaf; halt-memo; cold-war"
   }
  },
  {
   "type": "Feature",
   "id": "bonnybridge",
   "geometry": {
    "type": "Point",
    "coordinates": [
     -3.89,
     56.0
    ]
   },
   "properties": {
    "id": "bonnybridge",
    "name": "Bonnybridge — Falkirk Triangle",
    "subtitle": "Falkirk, Scotland",
    "country": "United Kingdom",
    "region": "Europe",
    "category": "anomaly",
    "category_label": "Anomaly Zone",
    "location_precision": "area",
    "coordinate_source": "authored",
    "celestial_body": "earth",
    "latitude": 56.0,
    "longitude": -3.89,
    "radius_km": 12.0,
    "wikipedia_title": "Bonnybridge",
    "wikipedia_url": "https://en.wikipedia.org/wiki/Bonnybridge",
    "wikidata_id": "Q1014515",
    "claim": "Several hundred sighting reports a year since 1992 make this small Scottish town, with the surrounding 'Falkirk Triangle', one of the densest reported UFO clusters on Earth.",
    "context": "The report volume is real and traceable to local campaigning that began in 1992 and actively solicited accounts — a reporting artefact well documented in the sighting literature. The area sits beneath Edinburgh and Glasgow approach corridors and near Grangemouth's flare stacks. No physical trace evidence has been produced.",
    "summary": "Bonnybridge (Scottish Gaelic: Drochaid Bhunaich; Scots: Bonniebrig) is a village in the Falkirk council area of Scotland. It is 4.0 miles (6.4 km) west of Falkirk, 5.3 miles (8.5 km) north-east of Cumbernauld and 8.3 miles (13.4 km) south-southwest of Stirling. The village is situated near the Bonny Water which runs through the town and lies north of the Forth and Clyde Canal.",
    "tags": "ufo-hotspot; falkirk; sighting-cluster"
   }
  },
  {
   "type": "Feature",
   "id": "newgrange",
   "geometry": {
    "type": "Point",
    "coordinates": [
     -6.475566,
     53.694725
    ]
   },
   "properties": {
    "id": "newgrange",
    "name": "Newgrange (Brú na Bóinne)",
    "subtitle": "County Meath, Ireland",
    "country": "Ireland",
    "region": "Europe",
    "category": "megalithic",
    "category_label": "Megalithic",
    "location_precision": "exact",
    "coordinate_source": "wikipedia",
    "celestial_body": "earth",
    "latitude": 53.694725,
    "longitude": -6.475566,
    "radius_km": 0.0,
    "wikipedia_title": "Newgrange",
    "wikipedia_url": "https://en.wikipedia.org/wiki/Newgrange",
    "wikidata_id": "Q339503",
    "claim": "A 5,200-year-old passage tomb whose roof-box admits the winter solstice sunrise to the exact end of a 19 m passage is presented as an engineered instrument requiring surveying the builders could not have had.",
    "context": "Newgrange predates Giza and Stonehenge, and the roof-box alignment is real, deliberate and among the finest in prehistory. It is also achievable by staking a sightline over successive solstices before building — a multi-generation observation programme, which the Boyne complex's three great mounds and dozens of satellites show was well within this society's organisational reach. Quartz from Wicklow and granite from the Mournes were brought by sea and river.",
    "summary": "Newgrange (Irish: Sí an Bhrú) is a prehistoric monument in County Meath in Ireland, placed on a rise overlooking the River Boyne, eight kilometres (five miles) west of the town of Drogheda. It is an exceptionally grand passage tomb built during the Neolithic Period, around 3100 BC, making it older than Stonehenge and the Egyptian pyramids. Newgrange is the main monument in the Brú na Bóinne complex, a World Heritage Site that also includes the passage tombs of Knowth and Dowth, as well as other henges, burial mounds and standing stones.",
    "tags": "unesco; neolithic; passage-tomb; solstice; archaeoastronomy"
   }
  },
  {
   "type": "Feature",
   "id": "uisneach",
   "geometry": {
    "type": "Point",
    "coordinates": [
     -7.3714,
     53.4897
    ]
   },
   "properties": {
    "id": "uisneach",
    "name": "Hill of Uisneach",
    "subtitle": "County Westmeath, Ireland",
    "country": "Ireland",
    "region": "Europe",
    "category": "sacred",
    "category_label": "Sacred Site",
    "location_precision": "exact",
    "coordinate_source": "authored",
    "celestial_body": "earth",
    "latitude": 53.4897,
    "longitude": -7.3714,
    "radius_km": 0.0,
    "wikipedia_title": "Hill of Uisneach",
    "wikipedia_url": "https://en.wikipedia.org/wiki/Hill_of_Uisneach",
    "wikidata_id": "Q1292728",
    "claim": "The ceremonial 'navel of Ireland', with its great erratic boulder marking the meeting of the provinces, is presented as a surveyed centre point fixed from above.",
    "context": "Uisneach is a genuine royal and assembly site with excavated enclosures, a burnt mound and a long Bealtaine fire tradition described in early Irish literature. The Ail na Mireann is a glacial erratic — a naturally transported boulder that the tradition invested with meaning. Geodetically it is near, but not at, the island's centroid.",
    "summary": "The Hill of Uisneach or Ushnagh (Irish: Uisneach or Cnoc Uisnigh) is a hill and ancient ceremonial site in the barony of Rathconrath in County Westmeath, Ireland. It is a protected national monument. It consists of numerous monuments and earthworks—prehistoric and medieval—including a probable megalithic tomb, burial mounds, enclosures, standing stones, holy wells and a medieval road.",
    "tags": "ail-na-mireann; bealtaine; royal-site"
   }
  },
  {
   "type": "Feature",
   "id": "cambridge-university",
   "geometry": {
    "type": "Point",
    "coordinates": [
     0.117222,
     52.205278
    ]
   },
   "properties": {
    "id": "cambridge-university",
    "name": "University of Cambridge",
    "subtitle": "Cambridge, England",
    "country": "United Kingdom",
    "region": "Europe",
    "category": "research",
    "category_label": "Research Centre",
    "location_precision": "exact",
    "coordinate_source": "wikipedia",
    "celestial_body": "earth",
    "latitude": 52.205278,
    "longitude": 0.117222,
    "radius_km": 0.0,
    "wikipedia_title": "University of Cambridge",
    "wikipedia_url": "https://en.wikipedia.org/wiki/University_of_Cambridge",
    "wikidata_id": "Q35794",
    "claim": "Appears as an interview location: Cambridge researchers are cited on exoplanet statistics, panspermia and the Drake equation, with their remarks used to support the plausibility of contact.",
    "context": "The institutional work referenced is real — Cambridge contributes substantially to exoplanet detection and astrobiology. The inferential leap is in the editing: statements about the likelihood of life elsewhere are not statements about visits to Earth, and researchers have repeatedly objected to that splice.",
    "summary": "The University of Cambridge is a collegiate public research university in Cambridge, England. Founded in 1209, the University of Cambridge is the second-oldest university in the English-speaking world and the world's third-oldest university in continuous operation. The university's founding followed the arrival of scholars who left the University of Oxford for Cambridge after a dispute with local townspeople.",
    "tags": "academia; seti; physics"
   }
  },
  {
   "type": "Feature",
   "id": "open-university",
   "geometry": {
    "type": "Point",
    "coordinates": [
     -0.705556,
     52.025
    ]
   },
   "properties": {
    "id": "open-university",
    "name": "The Open University",
    "subtitle": "Milton Keynes, England",
    "country": "United Kingdom",
    "region": "Europe",
    "category": "research",
    "category_label": "Research Centre",
    "location_precision": "exact",
    "coordinate_source": "wikipedia",
    "celestial_body": "earth",
    "latitude": 52.025,
    "longitude": -0.705556,
    "radius_km": 0.0,
    "wikipedia_title": "Open University",
    "wikipedia_url": "https://en.wikipedia.org/wiki/Open_University",
    "wikidata_id": "Q2413375",
    "claim": "Cited for its planetary and meteoritic research, invoked to support the proposition that organic precursors — and so life — arrived on Earth from space.",
    "context": "The OU's planetary science group does lead genuine work on meteoritic organics and sample return. Amino acids and nucleobases in carbonaceous chondrites are an established finding. That supports exogenous delivery of chemistry, which is a mainstream hypothesis — and says nothing about intelligent agents.",
    "summary": "The Open University (OU) is a public research university and the largest university in the United Kingdom by number of students. The majority of the OU's undergraduate students are based in the United Kingdom and principally study off-campus; many of its courses (both undergraduate and postgraduate) can also be studied anywhere in the world. There are also a number of full-time postgraduate research students based on the 45 ha (110-acre) university campus at Walton Hall in Milton Keynes, Buckinghamshire, where they use the staff facilities for research, as well as more than 1,000 members of academic and research staff and over 2,500 administrative, operational and support staff.",
    "tags": "academia; planetary-science; meteoritics"
   }
  },
  {
   "type": "Feature",
   "id": "carnac",
   "geometry": {
    "type": "Point",
    "coordinates": [
     -3.063889,
     47.597222
    ]
   },
   "properties": {
    "id": "carnac",
    "name": "Carnac Stones",
    "subtitle": "Brittany, France",
    "country": "France",
    "region": "Europe",
    "category": "megalithic",
    "category_label": "Megalithic",
    "location_precision": "exact",
    "coordinate_source": "wikipedia",
    "celestial_body": "earth",
    "latitude": 47.597222,
    "longitude": -3.063889,
    "radius_km": 0.0,
    "wikipedia_title": "Carnac stones",
    "wikipedia_url": "https://en.wikipedia.org/wiki/Carnac_stones",
    "wikidata_id": "Q833850",
    "claim": "More than 3,000 menhirs in multi-kilometre rows, plus Le Grand Menhir Brisé at an estimated 280 tonnes and 20 m, are presented as a surveyed grid — a runway, a lunar observatory, or an energy array exploiting the local granite's piezoelectric quartz.",
    "context": "The alignments were raised over roughly 2,000 years from c. 4500 BC and are a stratified, excavated landscape with contemporary settlements, tombs and quarry sources nearby. Le Grand Menhir lies in four pieces at Locmariaquer and was probably broken during erection or by earthquake; Alexander Thom's proposal that it served as a universal lunar foresight was tested and is no longer accepted. Granite's piezoelectric response is negligible at ambient stresses.",
    "summary": "The Carnac stones (Breton: Steudadoù Karnag) are an exceptionally dense collection of megalithic sites near the south coast of Brittany in northwestern France, consisting of stone alignments (rows), dolmens (stone tombs), tumuli (burial mounds), and single menhirs. More than 3,000 prehistoric standing stones were hewn from local granite and erected by the pre-Celtic people of Brittany and form the largest such collection in the world. Most of the stones are within the Breton municipality of Carnac, but some to the east are within neighboring La Trinité-sur-Mer.",
    "tags": "neolithic; alignments; menhir; brittany"
   }
  },
  {
   "type": "Feature",
   "id": "chateau-chinon",
   "geometry": {
    "type": "Point",
    "coordinates": [
     3.9333,
     47.0667
    ]
   },
   "properties": {
    "id": "chateau-chinon",
    "name": "Château-Chinon",
    "subtitle": "Nièvre, Burgundy, France",
    "country": "France",
    "region": "Europe",
    "category": "ufo",
    "category_label": "UFO Incident",
    "location_precision": "approximate",
    "coordinate_source": "authored",
    "celestial_body": "earth",
    "latitude": 47.0667,
    "longitude": 3.9333,
    "radius_km": 0.0,
    "wikipedia_title": "Château-Chinon",
    "wikipedia_url": "https://en.wikipedia.org/wiki/Ch%C3%A2teau-Chinon",
    "wikidata_id": "Q2152613",
    "claim": "Cited among the French sighting record — the kind of rural case that fed GEPAN/GEIPAN, France's official state investigation of unidentified aerospace phenomena.",
    "context": "France is genuinely unusual in running a public, state-funded investigation: GEIPAN, within CNES, has published its case files online since 2007. Its own statistics classify roughly a quarter of cases as unexplained for want of data (class D) — a statement about insufficient information, not about origin.",
    "summary": "Château-Chinon is the name of two communes of the Nièvre département, in France:",
    "tags": "sighting; morvan; burgundy"
   }
  },
  {
   "type": "Feature",
   "id": "orleans",
   "geometry": {
    "type": "Point",
    "coordinates": [
     1.909,
     47.9025
    ]
   },
   "properties": {
    "id": "orleans",
    "name": "Orléans",
    "subtitle": "Centre-Val de Loire, France",
    "country": "France",
    "region": "Europe",
    "category": "sacred",
    "category_label": "Sacred Site",
    "location_precision": "exact",
    "coordinate_source": "wikipedia",
    "celestial_body": "earth",
    "latitude": 47.9025,
    "longitude": 1.909,
    "radius_km": 0.0,
    "wikipedia_title": "Orléans",
    "wikipedia_url": "https://en.wikipedia.org/wiki/Orl%C3%A9ans",
    "wikidata_id": "Q6548",
    "claim": "Joan of Arc's voices and visions, her unexplained military competence and her knowledge of a hidden sword are presented as guidance from a non-human source.",
    "context": "Joan's trial and rehabilitation transcripts are exceptionally full primary records, and they document her own description of the voices as saints. The military record shows a figure of immense morale value operating alongside experienced commanders such as Dunois and La Hire. Medieval visionary experience is a well-studied religious and historical phenomenon.",
    "summary": "Orléans (US: ; French: [ɔʁleɑ̃] ) is a city in north-central France, about 120 kilometres (74 miles) southwest of Paris. It is the prefecture of the department of Loiret, within the region of Centre-Val de Loire.",
    "tags": "joan-of-arc; siege; visions"
   }
  },
  {
   "type": "Feature",
   "id": "florence-vinci",
   "geometry": {
    "type": "MultiPoint",
    "coordinates": [
     [
      11.265,
      43.7629
     ],
     [
      10.9256,
      43.7838
     ]
    ]
   },
   "properties": {
    "id": "florence-vinci",
    "name": "Florence & Vinci",
    "subtitle": "Tuscany, Italy",
    "country": "Italy",
    "region": "Europe",
    "category": "artifact",
    "category_label": "Artefact Locus",
    "location_precision": "exact",
    "coordinate_source": "authored",
    "celestial_body": "earth",
    "latitude": 43.7696,
    "longitude": 11.2558,
    "radius_km": 0.0,
    "wikipedia_title": "Leonardo da Vinci",
    "wikipedia_url": "https://en.wikipedia.org/wiki/Leonardo_da_Vinci",
    "wikidata_id": "Q762",
    "claim": "Leonardo's ornithopter, parachute, aerial screw and armoured vehicle designs are presented as too far ahead of 1500 to be original, implying access to recovered or transmitted knowledge.",
    "context": "Leonardo's notebooks document his process — anatomical bird studies, failed trials, iterative correction and clear intellectual debts to Vitruvius, Archimedes and contemporaries such as Taccola and Francesco di Giorgio. Several designs do not work as drawn: the ornithopter cannot generate the required power and the aerial screw lacks torque compensation. That is the signature of invention, not transcription.",
    "summary": "Leonardo di ser Piero da Vinci (15 April 1452 – 2 May 1519) was an Italian polymath of the High Renaissance who was active as a painter, draughtsman, engineer, scientist, theorist, sculptor, and architect. While his fame initially rested on his achievements as a painter, he has also become known for his notebooks, in which he made drawings and notes on a variety of subjects, including anatomy, astronomy, botany, cartography, painting, and palaeontology. Leonardo is widely regarded as a genius who epitomised the Renaissance humanist ideal, and his collective works contributed to the development of European art to an extent rivalled only by that of his younger contemporary Michelangelo.",
    "tags": "leonardo; renaissance; flight; codex"
   }
  },
  {
   "type": "Feature",
   "id": "montevecchia",
   "geometry": {
    "type": "Point",
    "coordinates": [
     9.383333,
     45.7
    ]
   },
   "properties": {
    "id": "montevecchia",
    "name": "Montevecchia",
    "subtitle": "Brianza, Lombardy, Italy",
    "country": "Italy",
    "region": "Europe",
    "category": "megalithic",
    "category_label": "Megalithic",
    "location_precision": "exact",
    "coordinate_source": "wikipedia",
    "celestial_body": "earth",
    "latitude": 45.7,
    "longitude": 9.383333,
    "radius_km": 0.0,
    "wikipedia_title": "Montevecchia",
    "wikipedia_url": "https://en.wikipedia.org/wiki/Montevecchia",
    "wikidata_id": "Q42260",
    "claim": "Three terraced hills near Milan, reported to mirror Orion's belt and to share the Giza pyramids' slope angle, are promoted as Europe's lost pyramid complex.",
    "context": "The hills are natural moraine and bedrock features, agriculturally terraced over centuries for vines — a standard Brianza landscape practice. No excavation has produced built structure, and no Italian archaeological authority recognises them as monuments. Orion correlations are easy to generate from any three raised points.",
    "summary": "Montevecchia (Italian: [ˌmonteˈvɛkkja]; Brianzöö: Muntavégia) is a comune (municipality) in the Province of Lecco in the Italian region of Lombardy, located about 30 kilometres (19 mi) northeast of Milan and about 15 kilometres (9 mi) south of Lecco. As of 31 December 2004, it had a population of 2,477 and an area of 5.9 square kilometres (2.3 mi2).",
    "tags": "terraces; claimed-pyramids; lombardy"
   }
  },
  {
   "type": "Feature",
   "id": "rome",
   "geometry": {
    "type": "Point",
    "coordinates": [
     12.482778,
     41.893333
    ]
   },
   "properties": {
    "id": "rome",
    "name": "Rome",
    "subtitle": "Lazio, Italy",
    "country": "Italy",
    "region": "Europe",
    "category": "city",
    "category_label": "Ancient City",
    "location_precision": "exact",
    "coordinate_source": "wikipedia",
    "celestial_body": "earth",
    "latitude": 41.893333,
    "longitude": 12.482778,
    "radius_km": 0.0,
    "wikipedia_title": "Rome",
    "wikipedia_url": "https://en.wikipedia.org/wiki/Rome",
    "wikidata_id": "Q220",
    "claim": "Rome's thirteen re-erected Egyptian obelisks, the Pantheon's unreinforced 43 m concrete dome and the empire's engineering reach are cited as inherited technology.",
    "context": "Roman hydraulic concrete is a well-characterised material: volcanic pozzolana with lime, whose aluminous tobermorite and self-healing lime clasts were identified by modern materials science between 2017 and 2023. The Pantheon's dome tapers and uses progressively lighter aggregate toward the oculus. Obelisk transport and re-erection are documented in Pliny, in the purpose-built Obelisk Ship, and in Renaissance engravings of the 1586 Vatican move.",
    "summary": "Rome is the capital and largest city of Italy. It is also the administrative centre of the Lazio region and of the Metropolitan City of Rome. A special municipality named Roma Capitale with a population of 2.7 million in an area of 1,287.36 km2 (497.1 mi2), Rome is the third most populous city in the European Union by population within city limits.",
    "tags": "unesco; obelisks; pantheon; concrete"
   }
  },
  {
   "type": "Feature",
   "id": "vatican-city",
   "geometry": {
    "type": "Point",
    "coordinates": [
     12.4525,
     41.9025
    ]
   },
   "properties": {
    "id": "vatican-city",
    "name": "Vatican City",
    "subtitle": "Vatican City State",
    "country": "Vatican City",
    "region": "Europe",
    "category": "sacred",
    "category_label": "Sacred Site",
    "location_precision": "exact",
    "coordinate_source": "wikipedia",
    "celestial_body": "earth",
    "latitude": 41.9025,
    "longitude": 12.4525,
    "radius_km": 0.0,
    "wikipedia_title": "Vatican City",
    "wikipedia_url": "https://en.wikipedia.org/wiki/Vatican_City",
    "wikidata_id": "Q237",
    "claim": "The Vatican Observatory's work, its LUCIFER-instrumented telescope on Mount Graham, and senior clerics' public remarks about baptising extraterrestrials are presented as evidence the Church knows more than it says, with proof held in the Apostolic Archive.",
    "context": "The Vatican Observatory is a working research institution publishing in refereed journals, and its Mount Graham collaboration is a real partnership with the University of Arizona. LUCIFER is an acronym for a German-built near-infrared spectrograph, since renamed LUCI. The Apostolic Archive has been open to credentialed researchers since 1881; its catalogue is published.",
    "summary": "Vatican City, officially the Vatican City State (Italian: Stato della Città del Vaticano; Latin: Status Civitatis Vaticanae), often shortened as the Vatican, is a landlocked sovereign city-state in Southern Europe. Ruled by the pope, it is an enclave within the city of Rome, Italy, and serves as the administrative centre of the Catholic Church. Vatican City is governed by the See of Rome, commonly known as the Holy See, itself a sovereign entity under international law, which maintains its temporal power, governance, diplomacy, and spiritual independence.",
    "tags": "unesco; vatican-observatory; archives; specola"
   }
  },
  {
   "type": "Feature",
   "id": "sicily-shipwreck",
   "geometry": {
    "type": "Point",
    "coordinates": [
     14.25,
     37.0667
    ]
   },
   "properties": {
    "id": "sicily-shipwreck",
    "name": "Sicily — Gela Shipwrecks",
    "subtitle": "Gela, Sicily, Italy",
    "country": "Italy",
    "region": "Europe",
    "category": "underwater",
    "category_label": "Submerged",
    "location_precision": "approximate",
    "coordinate_source": "authored",
    "celestial_body": "earth",
    "latitude": 37.0667,
    "longitude": 14.25,
    "radius_km": 0.0,
    "wikipedia_title": "Gela",
    "wikipedia_url": "https://en.wikipedia.org/wiki/Gela",
    "wikidata_id": "Q39971",
    "claim": "Metal ingots recovered off Gela were reported in 2015 as orichalcum, the alloy Plato says clad the walls of Atlantis — cited as physical confirmation of the lost city.",
    "context": "Analysis identified the ingots as a brass alloy of roughly 75–80% copper with zinc, lead and iron — a composition consistent with 6th-century-BC Mediterranean metallurgy and cargo from a shipwreck. 'Orichalcum' is a term of uncertain reference used by several ancient authors for brass-like alloys; the identification is a label, not a provenance, and Plato's Atlantis appears in the Timaeus and Critias as a didactic fiction.",
    "summary": "Gela (Sicilian and Italian pronunciation: [ˈdʒɛːla]; Ancient Greek: Γέλα) is a city and comune (municipality) in the Autonomous Region of Sicily, Italy; in terms of area and population, it is the largest municipality on the southern coast of Sicily. Gela is part of the Province of Caltanissetta and is one of the few comuni in Italy with a population and area that exceed those of the provincial capital.Gela was founded around 688 BC by Greek colonists from Rhodes and Crete; it was an influential polis of Magna Graecia in the 7th and 6th centuries BC and became one of the most powerful cities until the 5th c.",
    "tags": "shipwreck; orichalcum; atlantis; ingots"
   }
  },
  {
   "type": "Feature",
   "id": "fatima",
   "geometry": {
    "type": "Point",
    "coordinates": [
     -8.6727,
     39.6317
    ]
   },
   "properties": {
    "id": "fatima",
    "name": "Fátima",
    "subtitle": "Santarém District, Portugal",
    "country": "Portugal",
    "region": "Europe",
    "category": "sacred",
    "category_label": "Sacred Site",
    "location_precision": "exact",
    "coordinate_source": "authored",
    "celestial_body": "earth",
    "latitude": 39.6317,
    "longitude": -8.6727,
    "radius_km": 0.0,
    "wikipedia_title": "Our Lady of Fátima",
    "wikipedia_url": "https://en.wikipedia.org/wiki/Our_Lady_of_F%C3%A1tima",
    "wikidata_id": "Q719524",
    "claim": "The 13 October 1917 'Miracle of the Sun' — a crowd of tens of thousands reporting the sun spinning, changing colour and plunging toward the earth, preceded by a luminous object and a figure visible to three children — is read as a mass contact event rather than a Marian apparition.",
    "context": "The event is unusually well attested for its size, and accounts vary widely: many present reported nothing. Proposed natural explanations include sun-gazing-induced retinal afterimages and phosphene effects, atmospheric optics from ice crystals, and collective expectation in a crowd primed by three months of publicity. No instrument recorded solar motion, and observatories worldwide recorded nothing.",
    "summary": "Our Lady of Fátima (Portuguese: Nossa Senhora de Fátima, pronounced [ˈnɔsɐ sɨˈɲɔɾɐ ðɨ ˈfatimɐ]; formally known as Our Lady of the Holy Rosary of Fátima) is a Catholic title of Mary, mother of Jesus, based on the Marian apparitions reported in 1917 by three shepherd children at the Cova da Iria in Fátima, Portugal. The three children were Lúcia dos Santos and her cousins Francisco and Jacinta Marto. José Alves Correia da Silva, Bishop of Leiria, declared the events worthy of belief on 13 October 1930.",
    "tags": "marian-apparition; miracle-of-the-sun; 1917"
   }
  },
  {
   "type": "Feature",
   "id": "spain-explorers",
   "geometry": {
    "type": "Point",
    "coordinates": [
     -3.7038,
     40.4168
    ]
   },
   "properties": {
    "id": "spain-explorers",
    "name": "Spain",
    "subtitle": "Iberian Peninsula (regional)",
    "country": "Spain",
    "region": "Europe",
    "category": "region",
    "category_label": "Broad Region",
    "location_precision": "area",
    "coordinate_source": "authored",
    "celestial_body": "earth",
    "latitude": 40.4168,
    "longitude": -3.7038,
    "radius_km": 400.0,
    "wikipedia_title": "Spain",
    "wikipedia_url": "https://en.wikipedia.org/wiki/Spain",
    "wikidata_id": "Q29",
    "claim": "Spain enters the series through the chroniclers — Sahagún, Las Casas, Cieza de León — whose records of Aztec and Inca testimony about sky-born teachers are treated as transcribed eyewitness accounts.",
    "context": "The chronicles are indispensable primary sources and also deeply mediated: written by missionaries and soldiers, through interpreters, to justify conquest and conversion, and routinely assimilating indigenous deities to European demonological categories. Modern Mesoamerican and Andean scholarship reads them against archaeology and indigenous-language sources precisely because of that filtering.",
    "summary": "Spain, officially the Kingdom of Spain, is a country in Southern and Western Europe with territories in North Africa. Featuring the southernmost point of continental Europe, it is the largest country in Southern Europe and the fourth-most populous European Union (EU) member state. Spanning the majority of the Iberian Peninsula, its territory also includes the Canary Islands, in the Eastern Atlantic Ocean; the Balearic Islands, in the Western Mediterranean Sea; and the autonomous cities of Ceuta and Melilla, in mainland Africa.",
    "tags": "regional; conquest; chronicles"
   }
  },
  {
   "type": "Feature",
   "id": "gibraltar",
   "geometry": {
    "type": "Point",
    "coordinates": [
     -5.344444,
     36.129444
    ]
   },
   "properties": {
    "id": "gibraltar",
    "name": "Strait of Gibraltar — Pillars of Hercules",
    "subtitle": "Gibraltar / Spain / Morocco",
    "country": "Gibraltar / Spain / Morocco",
    "region": "Europe",
    "category": "landform",
    "category_label": "Landform",
    "location_precision": "exact",
    "coordinate_source": "wikipedia",
    "celestial_body": "earth",
    "latitude": 36.129444,
    "longitude": -5.344444,
    "radius_km": 0.0,
    "wikipedia_title": "Pillars of Hercules",
    "wikipedia_url": "https://en.wikipedia.org/wiki/Pillars_of_Hercules",
    "wikidata_id": "Q152854",
    "claim": "Plato places Atlantis beyond the Pillars; the series treats the strait as the gateway to a drowned civilisation, with Gorham's Cave rock engravings cited as surviving evidence of advanced pre-human culture.",
    "context": "The Gorham's Cave complex is a World Heritage site and genuinely important: it preserves Neanderthal occupation to c. 32,000 BP and an abstract engraved 'hashtag' panel — real evidence of Neanderthal symbolic behaviour, which is a significant scientific finding about hominins, not visitors. The Atlantis passages are Plato's own framed allegory, introduced as a story told at several removes.",
    "summary": "The Pillars of Hercules are the promontories that flank the entrance to the Strait of Gibraltar. The northern Pillar, Calpe Mons, is the Rock of Gibraltar. The identity of the corresponding southern Pillar, Abila Mons, has been disputed throughout history, with the two most likely candidates being Jebel Musa and Monte Hacho.",
    "tags": "atlantis; strait; gorhams-cave; neanderthal"
   }
  },
  {
   "type": "Feature",
   "id": "acropolis-athens",
   "geometry": {
    "type": "Point",
    "coordinates": [
     23.726111,
     37.971667
    ]
   },
   "properties": {
    "id": "acropolis-athens",
    "name": "Acropolis of Athens & the Parthenon",
    "subtitle": "Athens, Attica, Greece",
    "country": "Greece",
    "region": "Europe",
    "category": "pyramid",
    "category_label": "Pyramid / Temple",
    "location_precision": "exact",
    "coordinate_source": "wikipedia",
    "celestial_body": "earth",
    "latitude": 37.971667,
    "longitude": 23.726111,
    "radius_km": 0.0,
    "wikipedia_title": "Acropolis of Athens",
    "wikipedia_url": "https://en.wikipedia.org/wiki/Acropolis_of_Athens",
    "wikidata_id": "Q131013",
    "claim": "The Parthenon's optical refinements — entasis, upward-curving stylobate, inward-leaning columns, no two blocks identical — are presented as tolerances requiring instruments the Greeks lacked.",
    "context": "The refinements are real and are among the best-understood achievements in architectural history, reconstructed from the building's own cut marks, from Pentelic quarry faces, and from the Athenian accounts inscribed on stone that list materials, wages and contractors. Iktinos and Kallikrates are named as architects; Manolis Korres's drawings trace the geometry block by block from surviving tool evidence.",
    "summary": "The Acropolis of Athens (Ancient Greek: Ἡ Ἀκρόπολις τῶν Ἀθηνῶν, romanized: Hē Akropolis tōn Athēnōn; Modern Greek: Η Ακρόπολη των Αθηνών, romanized: I Akrópoli ton Athinón) is an ancient citadel located on a rocky outcrop above the city of Athens, Greece, and contains the remains of several ancient buildings of great architectural and historical significance, the most famous being the Parthenon. The word Acropolis is from Greek ἄκρον (akron) 'highest point, extremity' and πόλις (polis) 'city'. The term acropolis is generic and there are many other acropoleis in Greece.",
    "tags": "unesco; classical; entasis; pentelic"
   }
  },
  {
   "type": "Feature",
   "id": "delphi",
   "geometry": {
    "type": "Point",
    "coordinates": [
     22.5013,
     38.4823
    ]
   },
   "properties": {
    "id": "delphi",
    "name": "Delphi — Temple of Apollo",
    "subtitle": "Phocis, Greece",
    "country": "Greece",
    "region": "Europe",
    "category": "sacred",
    "category_label": "Sacred Site",
    "location_precision": "exact",
    "coordinate_source": "wikipedia",
    "celestial_body": "earth",
    "latitude": 38.4823,
    "longitude": 22.5013,
    "radius_km": 0.0,
    "wikipedia_title": "Delphi",
    "wikipedia_url": "https://en.wikipedia.org/wiki/Delphi",
    "wikidata_id": "Q75459",
    "claim": "The Pythia's trance prophecies, delivered over a chasm, are presented as a channel to a non-human intelligence, with the omphalos stone marking a surveyed world centre.",
    "context": "Geologists de Boer and Hale mapped intersecting faults beneath the adyton and measured ethylene and methane in the spring waters — ethylene produces euphoric trance at low concentration, matching ancient descriptions of sweet-smelling pneuma. The finding has been debated on concentration grounds, but it gives a testable natural mechanism. The oracle's political function in Greek decision-making is extensively documented.",
    "summary": "Delphi (Greek: Δελφοί [ðelˈfi]), in legend previously called Pytho (Πυθώ), was an ancient sacred precinct in central Greece. It was the seat of Pythia, the major oracle who was consulted about important decisions throughout the ancient classical world. The ancient Greeks considered the centre of the world to be in Delphi, marked by the stone monument known as the Omphalos of Delphi.",
    "tags": "unesco; oracle; pythia; ethylene"
   }
  },
  {
   "type": "Feature",
   "id": "mount-olympus",
   "geometry": {
    "type": "Point",
    "coordinates": [
     22.358611,
     40.085556
    ]
   },
   "properties": {
    "id": "mount-olympus",
    "name": "Mount Olympus",
    "subtitle": "Thessaly / Macedonia, Greece",
    "country": "Greece",
    "region": "Europe",
    "category": "landform",
    "category_label": "Landform",
    "location_precision": "exact",
    "coordinate_source": "wikipedia",
    "celestial_body": "earth",
    "latitude": 40.085556,
    "longitude": 22.358611,
    "radius_km": 0.0,
    "wikipedia_title": "Mount Olympus",
    "wikipedia_url": "https://en.wikipedia.org/wiki/Mount_Olympus",
    "wikidata_id": "Q80344",
    "claim": "A mountain whose summit is wreathed in cloud, named as the literal residence of beings who descended to intervene in human affairs, is read as a base — and the Olympians as its crew.",
    "context": "Olympus is Greece's highest massif at 2,917 m, and its cloud cap is orographic. No structural remains have been found at the summit; the ancient cult sites sit at the foot, at Dion. Homeric and Hesiodic Olympus is a mythological topography whose development can be traced across texts, and it shifts between a physical mountain and a celestial realm.",
    "summary": "Mount Olympus (Greek: Όλυμπος, romanized: Ólympos, IPA: [ˈoli(m)bos]) is an extensive massif near the Thermaic Gulf of the Aegean Sea, in Greece, located on the border between Thessaly and Macedonia, between the regional units of Larissa and Pieria, about 80 km (50 mi) southwest from Thessaloniki. Mount Olympus has 52 peaks and deep gorges.",
    "tags": "mythology; national-park; mytikas"
   }
  },
  {
   "type": "Feature",
   "id": "mycenae",
   "geometry": {
    "type": "Point",
    "coordinates": [
     22.75387,
     37.72682
    ]
   },
   "properties": {
    "id": "mycenae",
    "name": "Mycenae — Treasury of Atreus",
    "subtitle": "Argolis, Peloponnese, Greece",
    "country": "Greece",
    "region": "Europe",
    "category": "megalithic",
    "category_label": "Megalithic",
    "location_precision": "exact",
    "coordinate_source": "wikipedia",
    "celestial_body": "earth",
    "latitude": 37.72682,
    "longitude": 22.75387,
    "radius_km": 0.0,
    "wikipedia_title": "Treasury of Atreus",
    "wikipedia_url": "https://en.wikipedia.org/wiki/Treasury_of_Atreus",
    "wikidata_id": "Q1262524",
    "claim": "The 120-tonne lintel over the Treasury of Atreus and the 'cyclopean' walls — which later Greeks themselves attributed to giants — are offered as masonry beyond Bronze Age capability.",
    "context": "The tholos (c. 1250 BC) held the largest unsupported dome in the world for over a millennium, and its construction is legible: the corbelled vault was built into a cut hillside, so the earth itself served as the ramp and the centring. Conglomerate came from local outcrops. The 'cyclopean' attribution is an ancient Greek folk etymology for masonry already old in their own time.",
    "summary": "The Treasury of Atreus or Tomb of Agamemnon is a large tholos or beehive tomb constructed between 1300 and 1250 BCE in Mycenae, Greece.",
    "tags": "unesco; bronze-age; tholos; cyclopean; lion-gate"
   }
  },
  {
   "type": "Feature",
   "id": "crete-knossos",
   "geometry": {
    "type": "Point",
    "coordinates": [
     25.163056,
     35.298056
    ]
   },
   "properties": {
    "id": "crete-knossos",
    "name": "Crete — Knossos",
    "subtitle": "Heraklion, Crete, Greece",
    "country": "Greece",
    "region": "Europe",
    "category": "city",
    "category_label": "Ancient City",
    "location_precision": "exact",
    "coordinate_source": "wikipedia",
    "celestial_body": "earth",
    "latitude": 35.298056,
    "longitude": 25.163056,
    "radius_km": 0.0,
    "wikipedia_title": "Knossos",
    "wikipedia_url": "https://en.wikipedia.org/wiki/Knossos",
    "wikidata_id": "Q173527",
    "claim": "The Minotaur is read as a genetic hybrid produced in a laboratory under the palace, with the labyrinth as its containment and undeciphered Linear A as the suppressed record.",
    "context": "Knossos is a multi-storey Bronze Age palace complex whose storerooms, light-wells, drainage and workshops explain the 'labyrinth' impression directly; Arthur Evans named the culture after the legend, not the reverse. Linear B was deciphered as Greek by Ventris in 1952 and records inventories and rations; Linear A remains unread chiefly because the corpus is small and the underlying language unknown. Bull-leaping frescoes document the cult that the myth most likely refracts.",
    "summary": "Knossos (Ancient Greek: Κνωσσός, romanized: Knōssós; Greek: Κνωσός, romanized: Knōsós; Linear B: 𐀒𐀜𐀰 Ko-no-so) is an archaeological site and ancient urban centre in Crete, Greece. It is located within the southern periphery of Heraklion, about 5 km (3.1 mi) south of the city's historic centre. The site was occupied from the Neolithic period into the first millennium AD and became the largest and best-known centre of the Minoan civilisation.",
    "tags": "minoan; labyrinth; bronze-age; linear-a"
   }
  },
  {
   "type": "Feature",
   "id": "samos",
   "geometry": {
    "type": "Point",
    "coordinates": [
     26.93,
     37.694
    ]
   },
   "properties": {
    "id": "samos",
    "name": "Samos — Heraion & the Eupalinian Aqueduct",
    "subtitle": "North Aegean, Greece",
    "country": "Greece",
    "region": "Europe",
    "category": "megalithic",
    "category_label": "Megalithic",
    "location_precision": "exact",
    "coordinate_source": "wikipedia",
    "celestial_body": "earth",
    "latitude": 37.694,
    "longitude": 26.93,
    "radius_km": 0.0,
    "wikipedia_title": "Tunnel of Eupalinos",
    "wikipedia_url": "https://en.wikipedia.org/wiki/Tunnel_of_Eupalinos",
    "wikidata_id": "Q955894",
    "claim": "A 6th-century-BC tunnel driven 1,036 m from both ends and meeting with only metres of error, on an island that also produced Pythagoras, is presented as surveying from a transmitted source.",
    "context": "The Tunnel of Eupalinos is a landmark in the history of engineering and the method is reconstructible: Hero of Alexandria later described the geometric technique, and the tunnel's own surviving correction kinks and measurement marks show the crews detecting and fixing drift as they went. Herodotus names Eupalinos of Megara as the engineer.",
    "summary": "The Tunnel of Eupalinos or Eupalinian aqueduct (Greek: Ευπαλίνειο όρυγμα, romanized: Efpalinio orygma) is a tunnel of 1,036 m (3,399 ft) length running through Mount Kastro in Samos, Greece, built in the 6th century BC to serve as an aqueduct. The tunnel is the second known tunnel in history which was excavated from both ends (Ancient Greek: ἀμφίστομον, romanized: amphistomon, \"having two openings\"), and the first with a geometry-based approach in doing so. Today it is a popular tourist attraction.",
    "tags": "unesco; pythagoras; tunnel; engineering"
   }
  },
  {
   "type": "Feature",
   "id": "rhodes",
   "geometry": {
    "type": "Point",
    "coordinates": [
     28.2225,
     36.4512
    ]
   },
   "properties": {
    "id": "rhodes",
    "name": "Rhodes — Colossus & Lindos",
    "subtitle": "Dodecanese, Greece",
    "country": "Greece",
    "region": "Europe",
    "category": "city",
    "category_label": "Ancient City",
    "location_precision": "approximate",
    "coordinate_source": "authored",
    "celestial_body": "earth",
    "latitude": 36.4512,
    "longitude": 28.2225,
    "radius_km": 0.0,
    "wikipedia_title": "Colossus of Rhodes",
    "wikipedia_url": "https://en.wikipedia.org/wiki/Colossus_of_Rhodes",
    "wikidata_id": "Q41553",
    "claim": "A 33 m bronze figure raised in the 3rd century BC, then lost, is cited as evidence of large-scale metallurgy and casting capabilities beyond the period.",
    "context": "Philo of Byzantium describes the method: an iron armature, stone ballast, and bronze plates cast in sections and assembled in situ with earth ramps raised around the figure — the same sectional technique used for smaller Hellenistic bronzes that survive, such as the Artemision Bronze. An earthquake felled it c. 226 BC and Strabo saw the pieces.",
    "summary": "The Colossus of Rhodes was a statue of the Greek sun god Helios, erected in the city of Rhodes, on the Greek island of the same name, by Chares of Lindos in 280 BC. One of the Seven Wonders of the Ancient World, it was constructed to celebrate the successful defence of Rhodes against an attack by Demetrius I of Macedon, who had besieged it for a year with a large army and navy.",
    "tags": "unesco; colossus; hellenistic; wonder"
   }
  },
  {
   "type": "Feature",
   "id": "patmos",
   "geometry": {
    "type": "Point",
    "coordinates": [
     26.541667,
     37.325
    ]
   },
   "properties": {
    "id": "patmos",
    "name": "Patmos",
    "subtitle": "Dodecanese, Greece",
    "country": "Greece",
    "region": "Europe",
    "category": "sacred",
    "category_label": "Sacred Site",
    "location_precision": "exact",
    "coordinate_source": "wikipedia",
    "celestial_body": "earth",
    "latitude": 37.325,
    "longitude": 26.541667,
    "radius_km": 0.0,
    "wikipedia_title": "Patmos",
    "wikipedia_url": "https://en.wikipedia.org/wiki/Patmos",
    "wikidata_id": "Q190053",
    "claim": "Revelation's imagery — a sea of glass, a crystalline city descending, locust-machines with iron breastplates, a woman clothed with the sun — is presented as a literal description of craft and of an orbital structure.",
    "context": "Revelation is apocalyptic literature with a dense and decodable symbolic vocabulary drawn from Daniel, Ezekiel and Isaiah, and with a specific first-century political target: Rome under Domitian, named through the Babylon cipher. Its numerology and beast imagery are conventions of the genre, legible to its original audience.",
    "summary": "Patmos (Greek: Πάτμος, pronounced [ˈpatmos]) is a Greek island in the Aegean Sea. It is famous as the place where, according to Christian belief, John of Patmos received the vision found in the Book of Revelation of the New Testament, and where the book was written.",
    "tags": "unesco; revelation; apocalypse; cave"
   }
  },
  {
   "type": "Feature",
   "id": "lemnos",
   "geometry": {
    "type": "Point",
    "coordinates": [
     25.25,
     39.9
    ]
   },
   "properties": {
    "id": "lemnos",
    "name": "Lemnos — Hephaistia",
    "subtitle": "North Aegean, Greece",
    "country": "Greece",
    "region": "Europe",
    "category": "city",
    "category_label": "Ancient City",
    "location_precision": "approximate",
    "coordinate_source": "authored",
    "celestial_body": "earth",
    "latitude": 39.9,
    "longitude": 25.25,
    "radius_km": 0.0,
    "wikipedia_title": "Lemnos",
    "wikipedia_url": "https://en.wikipedia.org/wiki/Lemnos",
    "wikidata_id": "Q192483",
    "claim": "The island of Hephaestus — the smith god cast down from Olympus, who forged self-moving tripods, golden handmaidens and the bronze automaton Talos — is presented as a workshop staffed by a crashed and crippled engineer.",
    "context": "Lemnos's Hephaestus cult is tied to its volcanic geology and early metallurgy, and the sanctuary at Hephaistia has been excavated. The automata appear in Iliad 18 and later in Apollonius; classicists read them as a mythology of craft, and historians of technology note that Hellenistic engineers — Ctesibius, Philo, Hero — later built real pneumatic and hydraulic automata, plausibly inspired by those stories.",
    "summary": "Lemnos (Ancient Greek: Λῆμνος [ˈlɛ̂ːmnos]) or Limnos (Modern Greek: Λήμνος [ˈlimnos]) is a Greek island in the northern Aegean Sea. Administratively the island forms a separate municipality within the Lemnos regional unit, which is part of the North Aegean region. The principal town of the island and seat of the municipality is Myrina.",
    "tags": "hephaestus; metallurgy; volcanic; automata"
   }
  },
  {
   "type": "Feature",
   "id": "euboea-dragon-houses",
   "geometry": {
    "type": "Point",
    "coordinates": [
     24.4667,
     38.05
    ]
   },
   "properties": {
    "id": "euboea-dragon-houses",
    "name": "Mount Ochi — Dragon Houses",
    "subtitle": "Euboea, Greece",
    "country": "Greece",
    "region": "Europe",
    "category": "megalithic",
    "category_label": "Megalithic",
    "location_precision": "approximate",
    "coordinate_source": "authored",
    "celestial_body": "earth",
    "latitude": 38.05,
    "longitude": 24.4667,
    "radius_km": 0.0,
    "wikipedia_title": "Dragon houses",
    "wikipedia_url": "https://en.wikipedia.org/wiki/Dragon_houses",
    "wikidata_id": "Q16328890",
    "claim": "Corbel-roofed stone structures on a remote 1,400 m summit, built from multi-tonne slabs with no mortar and no agreed date or purpose, are offered as pre-Greek construction by non-human builders — hence the local 'dragon' name.",
    "context": "The drakospita sit beside the Karystos cipollino marble quarries that supplied Rome, and the leading reading is quarry-workers' shelters or a sanctuary of the Roman and late Classical periods, using slabs split from the outcrops on site. Dating is genuinely unresolved for want of stratified deposits; corbelling itself is a widespread Mediterranean dry-stone technique, as in Apulian trulli and Sardinian nuraghi.",
    "summary": "The dragon houses (Greek: Δρακόσπιτα, Drakospita) or Draga (Δραγκά) are some twenty large, ruined buildings found in the south of the island of Euboea, Greece. They were built with massive stone blocks without mortar and large stone slabs for the roofs. The Dragon House on Mount Ochi (Δρακόσπιτο της Όχης), north of Karystos is the most famous and well preserved.",
    "tags": "drakospita; corbelled; quarry; karystos"
   }
  },
  {
   "type": "Feature",
   "id": "antikythera",
   "geometry": {
    "type": "Point",
    "coordinates": [
     23.3053,
     35.8614
    ]
   },
   "properties": {
    "id": "antikythera",
    "name": "Antikythera & the Antikythera Wreck",
    "subtitle": "Aegean Sea, Greece",
    "country": "Greece",
    "region": "Europe",
    "category": "artifact",
    "category_label": "Artefact Locus",
    "location_precision": "exact",
    "coordinate_source": "authored",
    "celestial_body": "earth",
    "latitude": 35.8614,
    "longitude": 23.3053,
    "radius_km": 0.0,
    "wikipedia_title": "Antikythera mechanism",
    "wikipedia_url": "https://en.wikipedia.org/wiki/Antikythera_mechanism",
    "wikidata_id": "Q182324",
    "claim": "A bronze geared computer recovered from a 1st-century-BC wreck — with at least 30 gears modelling lunar anomaly, eclipse cycles and planetary motion — is presented as technology out of time, with no comparable device for 1,400 years.",
    "context": "The Antikythera Mechanism is entirely real and is one of the most important artefacts ever recovered — which is why it is also well explained. CT imaging and the 2006–2021 Antikythera Mechanism Research Project read its inscriptions and reconstructed the gearing; it implements Babylonian arithmetic astronomy and Greek geometric models described in surviving texts. Cicero describes comparable spheres by Archimedes and Posidonius, so it is a surviving example of a known Hellenistic tradition, not an isolate.",
    "summary": "The Antikythera mechanism ( AN-tik-ih-THEER-ə, US also AN-ty-kih-) is an ancient Greek hand-powered orrery (model of the Solar System) built in the 2nd century BC and discovered in 1901. It is the oldest known example of an analogue computer. It could be used to predict astronomical positions and eclipses decades in advance.",
    "tags": "antikythera-mechanism; shipwreck; gearing; astronomy"
   }
  },
  {
   "type": "Feature",
   "id": "nuremberg",
   "geometry": {
    "type": "Point",
    "coordinates": [
     11.0767,
     49.4521
    ]
   },
   "properties": {
    "id": "nuremberg",
    "name": "Nuremberg",
    "subtitle": "Bavaria, Germany",
    "country": "Germany",
    "region": "Europe",
    "category": "ufo",
    "category_label": "UFO Incident",
    "location_precision": "exact",
    "coordinate_source": "authored",
    "celestial_body": "earth",
    "latitude": 49.4521,
    "longitude": 11.0767,
    "radius_km": 0.0,
    "wikipedia_title": "1561 celestial phenomenon over Nuremberg",
    "wikipedia_url": "https://en.wikipedia.org/wiki/1561_celestial_phenomenon_over_Nuremberg",
    "wikidata_id": "Q628929",
    "claim": "Hans Glaser's 1561 broadsheet, showing cylinders, spheres, crosses and a great black spear-shaped object fighting above the city at dawn, is presented as a printed eyewitness record of an aerial battle.",
    "context": "The broadsheet is a genuine 1561 artefact in the Zurich Wickiana collection. Its own text reads the display as a divine warning calling the city to repentance — the standard function of the 16th-century prodigy broadsheet, a commercial news-and-portent genre. The described forms match a complex sun-dog display: parhelia, sun pillars and arcs, which produce exactly these spheres, rods and crosses in cold dawn air.",
    "summary": "In April 1561, a broadsheet by Hans Glaser described a mass sighting of celestial phenomena or unidentified flying objects (UFO) above Nuremberg (then a Free Imperial City of the Holy Roman Empire). Ufologists have speculated that contemporary observers may have witnessed extraterrestrial spacecraft. Skeptics assert that the incident was likely to have been an atmospheric event, such as a sun dog.",
    "tags": "1561; broadsheet; celestial-phenomenon"
   }
  },
  {
   "type": "Feature",
   "id": "oberjoch",
   "geometry": {
    "type": "Point",
    "coordinates": [
     10.4167,
     47.5167
    ]
   },
   "properties": {
    "id": "oberjoch",
    "name": "Oberjoch",
    "subtitle": "Bad Hindelang, Bavaria, Germany",
    "country": "Germany",
    "region": "Europe",
    "category": "ufo",
    "category_label": "UFO Incident",
    "location_precision": "approximate",
    "coordinate_source": "authored",
    "celestial_body": "earth",
    "latitude": 47.5167,
    "longitude": 10.4167,
    "radius_km": 0.0,
    "wikipedia_title": "Oberjoch",
    "wikipedia_url": "https://en.wikipedia.org/wiki/Oberjoch",
    "wikidata_id": "Q1555822",
    "claim": "Cited among Alpine sighting and claimed-landing reports, in the cluster of German cases the series uses to argue for continuous post-war activity over central Europe.",
    "context": "Oberjoch is a high Alpine pass and ski area at 1,136 m. Mountain settings generate a well-known catalogue of misperceived phenomena: lenticular cloud, Brocken spectre, alpenglow, high-altitude balloons and glider traffic. No case from the locality has produced instrumented data.",
    "summary": "Oberjoch (German pronunciation: [ˈoːbɐˌjɔx]) is a small village in the municipality of Bad Hindelang in the German district of Oberallgäu, Bavaria. It has a total population of 15,230 people.",
    "tags": "sighting; alps; allgau"
   }
  },
  {
   "type": "Feature",
   "id": "freiburg-black-forest",
   "geometry": {
    "type": "Point",
    "coordinates": [
     7.8421,
     47.999
    ]
   },
   "properties": {
    "id": "freiburg-black-forest",
    "name": "Freiburg & the Black Forest",
    "subtitle": "Baden-Württemberg, Germany",
    "country": "Germany",
    "region": "Europe",
    "category": "region",
    "category_label": "Broad Region",
    "location_precision": "area",
    "coordinate_source": "authored",
    "celestial_body": "earth",
    "latitude": 47.999,
    "longitude": 7.8421,
    "radius_km": 60.0,
    "wikipedia_title": "Black Forest",
    "wikipedia_url": "https://en.wikipedia.org/wiki/Black_Forest",
    "wikidata_id": "Q4204",
    "claim": "The forest's dwarf and kobold folklore, its deep medieval silver mines and local sighting reports are woven into a claim of a long-standing subterranean presence.",
    "context": "Black Forest mining folklore maps closely onto its real occupational history: silver and lead workings around Schauinsland and the Münstertal from the 11th century, with kobold traditions functioning as hazard lore for firedamp and rockfall. The word 'cobalt' descends from that usage — ore that poisoned smelters was blamed on the spirit.",
    "summary": "The Black Forest (German: Schwarzwald [ˈʃvaʁtsvalt] ) is a large forested mountain range in the state of Baden-Württemberg in southwest Germany, bounded by the Rhine Valley to the west and south and close to the borders with France and Switzerland. It is the source of the Danube and Neckar rivers.",
    "tags": "black-forest; folklore; mining"
   }
  },
  {
   "type": "Feature",
   "id": "peenemunde",
   "geometry": {
    "type": "Point",
    "coordinates": [
     13.8,
     54.15
    ]
   },
   "properties": {
    "id": "peenemunde",
    "name": "Peenemünde Army Research Centre",
    "subtitle": "Usedom, Mecklenburg-Vorpommern, Germany",
    "country": "Germany",
    "region": "Europe",
    "category": "military",
    "category_label": "Military / Secure",
    "location_precision": "exact",
    "coordinate_source": "wikipedia",
    "celestial_body": "earth",
    "latitude": 54.15,
    "longitude": 13.8,
    "radius_km": 0.0,
    "wikipedia_title": "Peenemünde Army Research Center",
    "wikipedia_url": "https://en.wikipedia.org/wiki/Peenem%C3%BCnde_Army_Research_Center",
    "wikidata_id": "Q897509",
    "claim": "The leap from artillery to a liquid-fuelled guided ballistic missile inside a decade, and the Nazi 'foo fighter' and Die Glocke stories, are presented as German reverse-engineering of recovered craft — with the knowledge later carried to the US by Operation Paperclip.",
    "context": "The A4/V-2 programme is documented to an unusual depth: design drawings, test telemetry, failure reports, procurement records and the forced-labour history of Mittelwerk, where roughly 20,000 prisoners died. Its intellectual lineage runs through Oberth, Goddard and the VfR. Paperclip is also fully documented, and what it transferred was engineers and A4 hardware. Die Glocke appears first in Igor Witkowski's 2000 book, sourced to an unnamed informant and unverifiable documents.",
    "summary": "The Peenemünde Army Research Center (German: Heeresversuchsanstalt Peenemünde, HVP) was founded in 1937 as one of five military proving grounds under the German Army Weapons Office (Heereswaffenamt). Several German guided missiles and rockets of World War II were developed by the HVP, including the V-2 rocket. The works were attacked by the British in Operation Crossbow from August 1943, before falling to the Soviets in May 1945.",
    "tags": "v2; rocketry; operation-paperclip; wwii"
   }
  },
  {
   "type": "Feature",
   "id": "wewelsburg",
   "geometry": {
    "type": "Point",
    "coordinates": [
     8.651667,
     51.606389
    ]
   },
   "properties": {
    "id": "wewelsburg",
    "name": "Wewelsburg Castle",
    "subtitle": "Büren, North Rhine-Westphalia, Germany",
    "country": "Germany",
    "region": "Europe",
    "category": "military",
    "category_label": "Military / Secure",
    "location_precision": "exact",
    "coordinate_source": "wikipedia",
    "celestial_body": "earth",
    "latitude": 51.606389,
    "longitude": 8.651667,
    "radius_km": 0.0,
    "wikipedia_title": "Wewelsburg",
    "wikipedia_url": "https://en.wikipedia.org/wiki/Wewelsburg",
    "wikidata_id": "Q637827",
    "claim": "Himmler's renovated castle, with its dark-green sun wheel inlaid in the north-tower floor, is presented as the ritual centre of an SS programme to contact non-human intelligences and recover Hyperborean technology.",
    "context": "The SS occupation of Wewelsburg (1934–45) is well documented, and the castle now houses a permanent museum on SS ideology. The 'Black Sun' name and its later esoteric meanings are post-war inventions; the ornament is an SS design of uncertain intent. The Ahnenerbe's pseudo-scholarship — Tibet and Antarctic expeditions included — was real, politically driven and produced no technology.",
    "summary": "Wewelsburg (German pronunciation: [ˈveːvl̩sbʊɐ̯k]) is a Renaissance castle located in the village of Wewelsburg, which is a district of the town of Büren, Westphalia, in the Landkreis of Paderborn in the northeast of North Rhine-Westphalia, Germany. The castle has a triangular layout, with three round towers connected by massive walls. After 1934 it was used by the Schutzstaffel (SS) under Heinrich Himmler and was to be expanded into a complex which would serve as the central SS cult-site.",
    "tags": "ss; himmler; occult; black-sun"
   }
  },
  {
   "type": "Feature",
   "id": "humboldt-berlin",
   "geometry": {
    "type": "Point",
    "coordinates": [
     13.393333,
     52.518056
    ]
   },
   "properties": {
    "id": "humboldt-berlin",
    "name": "Humboldt University of Berlin",
    "subtitle": "Berlin, Germany",
    "country": "Germany",
    "region": "Europe",
    "category": "research",
    "category_label": "Research Centre",
    "location_precision": "exact",
    "coordinate_source": "wikipedia",
    "celestial_body": "earth",
    "latitude": 52.518056,
    "longitude": 13.393333,
    "radius_km": 0.0,
    "wikipedia_title": "Humboldt University of Berlin",
    "wikipedia_url": "https://en.wikipedia.org/wiki/Humboldt_University_of_Berlin",
    "wikidata_id": "Q152087",
    "claim": "Appears as an interview setting for cuneiform and ancient-text specialists, whose comments on Mesopotamian astronomy are used to support the Anunnaki reading.",
    "context": "Berlin is a historic centre of Assyriology, and the Vorderasiatisches Museum holds the Ishtar Gate and a major tablet collection. The discipline's published grammars, sign lists and bilingual texts are precisely what makes Sitchin's translations checkable — and German Assyriologists have been among their most direct critics.",
    "summary": "The Humboldt University of Berlin (German: Humboldt-Universität zu Berlin, abbreviated HU Berlin) is a public research university in the central borough of Mitte in Berlin, Germany.",
    "tags": "academia; assyriology; physics"
   }
  },
  {
   "type": "Feature",
   "id": "the-hague",
   "geometry": {
    "type": "Point",
    "coordinates": [
     4.31,
     52.08
    ]
   },
   "properties": {
    "id": "the-hague",
    "name": "The Hague — World Forum",
    "subtitle": "South Holland, Netherlands",
    "country": "Netherlands",
    "region": "Europe",
    "category": "research",
    "category_label": "Research Centre",
    "location_precision": "exact",
    "coordinate_source": "wikipedia",
    "celestial_body": "earth",
    "latitude": 52.08,
    "longitude": 4.31,
    "radius_km": 0.0,
    "wikipedia_title": "The Hague",
    "wikipedia_url": "https://en.wikipedia.org/wiki/The_Hague",
    "wikidata_id": "Q36600",
    "claim": "Cited as a venue for disclosure conferences and as the seat of international justice that would handle first contact — framing a legal and diplomatic architecture already quietly in place.",
    "context": "The Hague hosts the ICJ, ICC and OPCW, and the World Forum is a commercial conference centre used by a wide range of organisers. There is no treaty body with a mandate over extraterrestrial contact; the nearest instruments are the 1967 Outer Space Treaty and COSPAR's planetary-protection protocols, which address contamination, not diplomacy.",
    "summary": "The Hague (Dutch: Den Haag, short for 's-Gravenhage) is the capital city of the South Holland province of the Netherlands. With a population of over half a million, it is the third-largest city in the Netherlands. Situated on the west coast facing the North Sea, The Hague is the country's administrative centre and its seat of government, and has been described as the country's de facto capital since the time of the Dutch Republic, while Amsterdam is the official capital of the Netherlands.",
    "tags": "diplomacy; conference; disclosure"
   }
  },
  {
   "type": "Feature",
   "id": "southwestern-poland",
   "geometry": {
    "type": "Point",
    "coordinates": [
     16.33,
     50.68
    ]
   },
   "properties": {
    "id": "southwestern-poland",
    "name": "Lower Silesia — Project Riese",
    "subtitle": "Owl Mountains, Lower Silesia, Poland",
    "country": "Poland",
    "region": "Europe",
    "category": "underground",
    "category_label": "Subterranean",
    "location_precision": "area",
    "coordinate_source": "authored",
    "celestial_body": "earth",
    "latitude": 50.68,
    "longitude": 16.33,
    "radius_km": 25.0,
    "wikipedia_title": "Project Riese",
    "wikipedia_url": "https://en.wikipedia.org/wiki/Project_Riese",
    "wikidata_id": "Q320076",
    "claim": "Seven vast unfinished tunnel complexes under the Owl Mountains, built at enormous cost by forced labour and never explained in surviving records, are presented as housing for the Nazi anti-gravity programme — the 'Wunderwaffe' and Die Glocke.",
    "context": "Project Riese is real, incomplete, and consumed more concrete in 1944 than Germany's entire civil air-raid shelter programme. Surviving documentation is thin because the project was compartmented and records were destroyed, but Albert Speer's testimony and Todt Organisation records point to a dispersed armaments plant and a Führer headquarters. Nothing anomalous has been recovered in eighty years of exploration; thousands of Gross-Rosen prisoners died building it.",
    "summary": "Riese ([ˈʁiːzə]; German for \"giant\") was the codename given to a construction project undertaken by Nazi Germany between 1943 and 1945. Consisting of seven underground structures at Książ Castle and in the Owl Mountains in Lower Silesia, which was then Nazi Germany and is now Poland.",
    "tags": "project-riese; wwii; tunnels; owl-mountains"
   }
  },
  {
   "type": "Feature",
   "id": "moscow",
   "geometry": {
    "type": "Point",
    "coordinates": [
     37.617778,
     55.755833
    ]
   },
   "properties": {
    "id": "moscow",
    "name": "Moscow",
    "subtitle": "Russia",
    "country": "Russia",
    "region": "Europe",
    "category": "research",
    "category_label": "Research Centre",
    "location_precision": "exact",
    "coordinate_source": "wikipedia",
    "celestial_body": "earth",
    "latitude": 55.755833,
    "longitude": 37.617778,
    "radius_km": 0.0,
    "wikipedia_title": "Moscow",
    "wikipedia_url": "https://en.wikipedia.org/wiki/Moscow",
    "wikidata_id": "Q649",
    "claim": "Soviet archives are said to hold recovered craft and encounter reports from across the USSR — including the 1908 Tunguska event read as a crash — with the state space programme built on the findings.",
    "context": "Post-1991 archival opening released an enormous volume of Soviet military and space material, including candid failure reports; no recovered-craft documentation has surfaced. Tunguska is well characterised as a 3–5 km airburst of a stony body, supported by the butterfly-shaped treefall pattern, seismic and barographic records from 1908, and later microparticle work.",
    "summary": "Moscow is the capital and largest city of Russia, situated on the Moskva River in Central Russia. The city has a population estimated at more than 13 million residents within city limits, more than 19.1 million residents in the urban area, and more than 21.5 million residents in the metropolitan area. The city covers an area of 2,511 square kilometers (970 sq mi); the urban area covers 5,891 square kilometers (2,275 sq mi); and the metropolitan area covers more than 26,000 square kilometers (10,000 sq mi).",
    "tags": "space-program; archives; cold-war"
   }
  },
  {
   "type": "Feature",
   "id": "dubna",
   "geometry": {
    "type": "Point",
    "coordinates": [
     37.189444,
     56.746389
    ]
   },
   "properties": {
    "id": "dubna",
    "name": "Dubna — Joint Institute for Nuclear Research",
    "subtitle": "Moscow Oblast, Russia",
    "country": "Russia",
    "region": "Europe",
    "category": "research",
    "category_label": "Research Centre",
    "location_precision": "exact",
    "coordinate_source": "wikipedia",
    "celestial_body": "earth",
    "latitude": 56.746389,
    "longitude": 37.189444,
    "radius_km": 0.0,
    "wikipedia_title": "Joint Institute for Nuclear Research",
    "wikipedia_url": "https://en.wikipedia.org/wiki/Joint_Institute_for_Nuclear_Research",
    "wikidata_id": "Q259517",
    "claim": "JINR's synthesis of superheavy elements is invoked for the 'island of stability' and for element 115 — the material Bob Lazar claimed fuelled a craft at S4, named moscovium when it was actually made.",
    "context": "Moscovium (Z=115) was first synthesised at Dubna in 2003 by bombarding americium-243 with calcium-48, and its isotopes have half-lives measured in tens to hundreds of milliseconds. It cannot be stockpiled, machined or used as fuel. Lazar's account predates the synthesis and predicted a stable, macroscopic quantity — the opposite of the measured result.",
    "summary": "The Joint Institute for Nuclear Research (JINR, Russian: Объединённый институт ядерных исследований, ОИЯИ), in Dubna, Moscow Oblast (110 km north of Moscow), Russia, is an international research center for nuclear sciences, with 5,500 staff members including 1,200 researchers holding over 1,000 PhDs from eighteen countries. Most scientists are scientists of the Russian Federation.",
    "tags": "jinr; synchrophasotron; superheavy-elements"
   }
  },
  {
   "type": "Feature",
   "id": "siberia",
   "geometry": {
    "type": "Point",
    "coordinates": [
     110.0,
     66.0
    ]
   },
   "properties": {
    "id": "siberia",
    "name": "Siberia — Permafrost Megafauna Sites",
    "subtitle": "Russian Federation (regional)",
    "country": "Russia",
    "region": "Europe",
    "category": "region",
    "category_label": "Broad Region",
    "location_precision": "area",
    "coordinate_source": "authored",
    "celestial_body": "earth",
    "latitude": 66.0,
    "longitude": 110.0,
    "radius_km": 1500.0,
    "wikipedia_title": "Woolly mammoth",
    "wikipedia_url": "https://en.wikipedia.org/wiki/Woolly_mammoth",
    "wikidata_id": "Q3699044",
    "claim": "Mammoths frozen with undigested vegetation, found in jumbled bone beds, are presented as evidence of an instantaneous global catastrophe — a weapon, an orbital shift, or a planetary intervention.",
    "context": "The deposits are taphonomically well studied: most carcasses are partial, weathered and scavenged, concentrated in river-bank and thermokarst traps that accumulate remains across millennia. Radiocarbon dates span tens of thousands of years, not one event, and Wrangel Island populations survived to about 4,000 years ago. Preserved stomach contents indicate a short time to freezing for an individual animal, not a synchronous global event.",
    "summary": "The woolly mammoth (Mammuthus primigenius) is an extinct species of mammoth that lived from the Middle Pleistocene until its extinction in the Holocene epoch. It was one of the last in a line of mammoth species, beginning with the African Mammuthus subplanifrons in the early Pliocene. The woolly mammoth began to diverge from the steppe mammoth about 800,000 years ago in Siberia.",
    "tags": "mammoth; permafrost; tunguska; quaternary"
   }
  },
  {
   "type": "Feature",
   "id": "oslo",
   "geometry": {
    "type": "Point",
    "coordinates": [
     10.722064,
     59.939936
    ]
   },
   "properties": {
    "id": "oslo",
    "name": "University of Oslo",
    "subtitle": "Oslo, Norway",
    "country": "Norway",
    "region": "Europe",
    "category": "research",
    "category_label": "Research Centre",
    "location_precision": "exact",
    "coordinate_source": "wikipedia",
    "celestial_body": "earth",
    "latitude": 59.939936,
    "longitude": 10.722064,
    "radius_km": 0.0,
    "wikipedia_title": "University of Oslo",
    "wikipedia_url": "https://en.wikipedia.org/wiki/University_of_Oslo",
    "wikidata_id": "Q486156",
    "claim": "Appears as an interview setting for Norse material: the Æsir descending the Bifröst, Thor's hammer and Odin's ravens read as technology, with Scandinavian rock art cited as its record.",
    "context": "The Museum of Cultural History holds the Oseberg and Gokstad ships and Norway's runic corpus. Norse mythology survives chiefly via the 13th-century Eddas, written in Christian Iceland two centuries after conversion; Bronze Age Scandinavian rock art — sun discs, ships, chariots — is read in mainstream scholarship as solar and maritime cult imagery with a continuous iconographic development.",
    "summary": "The University of Oslo (Norwegian: Universitetet i Oslo; Latin: Universitas Osloensis) is a public research university located in Oslo, Norway. It is the oldest university in Norway. Originally named the Royal Frederick University, the university was established in 1811 as the de facto Norwegian continuation of Denmark–Norway's common university, the University of Copenhagen, with which it shares many traditions.",
    "tags": "academia; runology; viking-studies"
   }
  },
  {
   "type": "Feature",
   "id": "iceland",
   "geometry": {
    "type": "Point",
    "coordinates": [
     -19.0208,
     64.9631
    ]
   },
   "properties": {
    "id": "iceland",
    "name": "Iceland",
    "subtitle": "North Atlantic",
    "country": "Iceland",
    "region": "Europe",
    "category": "landform",
    "category_label": "Landform",
    "location_precision": "area",
    "coordinate_source": "authored",
    "celestial_body": "earth",
    "latitude": 64.9631,
    "longitude": -19.0208,
    "radius_km": 300.0,
    "wikipedia_title": "Iceland",
    "wikipedia_url": "https://en.wikipedia.org/wiki/Iceland",
    "wikidata_id": "Q189",
    "claim": "Iceland's position astride the Mid-Atlantic Ridge is tied to Atlantis, and the enduring huldufólk ('hidden people') traditions — which still occasionally reroute road projects — to a resident non-human population.",
    "context": "Iceland is the exposed crest of the Mid-Atlantic Ridge above the Iceland hotspot, formed about 16–18 million years ago by seafloor spreading — continuously growing, not a sunken remnant. Huldufólk belief is a well-documented living folklore tradition studied by Icelandic ethnologists, and the road diversions are heritage and public-consultation outcomes.",
    "summary": "Iceland is a Nordic island country between the Arctic Ocean and the North Atlantic Ocean, located on the Mid-Atlantic Ridge between Europe and North America. It is Europe's westernmost and most sparsely populated country. Its capital and largest city is Reykjavík, which is home to about 35% of the country's roughly 395,000 residents (excluding nearby towns/suburbs, which are separate municipalities and contribute a further substantial percentage).",
    "tags": "volcanic; mid-atlantic-ridge; sagas; huldufolk"
   }
  },
  {
   "type": "Feature",
   "id": "scandinavia",
   "geometry": {
    "type": "Point",
    "coordinates": [
     15.0,
     62.0
    ]
   },
   "properties": {
    "id": "scandinavia",
    "name": "Scandinavia",
    "subtitle": "Norway, Sweden, Denmark & Iceland (regional)",
    "country": "Nordic countries",
    "region": "Europe",
    "category": "region",
    "category_label": "Broad Region",
    "location_precision": "area",
    "coordinate_source": "authored",
    "celestial_body": "earth",
    "latitude": 62.0,
    "longitude": 15.0,
    "radius_km": 1000.0,
    "wikipedia_title": "Scandinavia",
    "wikipedia_url": "https://en.wikipedia.org/wiki/Scandinavia",
    "wikidata_id": "Q21195",
    "claim": "Taken together, Norse cosmology, the Tanum petroglyphs and the Trundholm sun chariot are presented as a northern record of sky-borne visitors and of the vehicles they arrived in.",
    "context": "The Tanum rock-art area is a World Heritage site with some 10,000 Bronze Age figures, and the Trundholm sun chariot (c. 1400 BC) is a securely dated cult object expressing a solar theology found across Bronze Age Europe. The imagery's continuity with contemporary Danish and Swedish burial and hoard material is what allows it to be interpreted at all.",
    "summary": "Scandinavia is a subregion of northern Europe that most commonly comprises Denmark, Norway, and Sweden, which share strong historical, cultural, and linguistic ties. It may also refer to the Scandinavian Peninsula (which excludes Denmark but includes part of northern Finland). In English usage, the term is also used as a synonym for the Nordic countries.",
    "tags": "regional; rock-art; norse; bronze-age"
   }
  },
  {
   "type": "Feature",
   "id": "mohenjo-daro",
   "geometry": {
    "type": "Point",
    "coordinates": [
     68.138889,
     27.329167
    ]
   },
   "properties": {
    "id": "mohenjo-daro",
    "name": "Mohenjo-daro",
    "subtitle": "Sindh, Pakistan",
    "country": "Pakistan",
    "region": "South Asia",
    "category": "city",
    "category_label": "Ancient City",
    "location_precision": "exact",
    "coordinate_source": "wikipedia",
    "celestial_body": "earth",
    "latitude": 27.329167,
    "longitude": 68.138889,
    "radius_km": 0.0,
    "wikipedia_title": "Mohenjo-daro",
    "wikipedia_url": "https://en.wikipedia.org/wiki/Mohenjo-daro",
    "wikidata_id": "Q5725",
    "claim": "A city with a gridded street plan, covered drains and standardised fired bricks, reportedly abandoned abruptly — combined with claimed radioactive skeletons and vitrified rubble — is presented as the site of an ancient nuclear strike described in the Mahabharata.",
    "context": "Mohenjo-daro's planning is real and is the basis for its World Heritage listing. The 'radioactive skeletons' claim traces to popular books of the 1960s–80s with no supporting measurements; the excavated human remains are ordinary burials and casual interments, published by Marshall, Mackay and Wheeler, and no vitrified layer exists in the stratigraphy. Decline is now attributed to Indus and Ghaggar-Hakra hydrological shifts and monsoon weakening around 1900 BC, with population moving eastward.",
    "summary": "Mohenjo-daro (Sindhi: موهن جو دڙو, lit. 'Mound of the Dead Men'; Urdu: موئن جو دڑو [muˑənⁱ dʑoˑ d̪əɽoˑ]) is an archaeological site in the Larkana District of Sindh, Pakistan. Built c. 2500 BCE, it was one of the largest settlements of the ancient Indus Valley Civilisation, and one of the world's earliest major cities, contemporaneous with the civilisations of ancient Egypt, Mesopotamia, Minoa, and Norte Chico.",
    "tags": "unesco; indus-valley; bronze-age; urban-grid"
   }
  },
  {
   "type": "Feature",
   "id": "harappa",
   "geometry": {
    "type": "Point",
    "coordinates": [
     72.863889,
     30.628889
    ]
   },
   "properties": {
    "id": "harappa",
    "name": "Harappa",
    "subtitle": "Punjab, Pakistan",
    "country": "Pakistan",
    "region": "South Asia",
    "category": "city",
    "category_label": "Ancient City",
    "location_precision": "exact",
    "coordinate_source": "wikipedia",
    "celestial_body": "earth",
    "latitude": 30.628889,
    "longitude": 72.863889,
    "radius_km": 0.0,
    "wikipedia_title": "Harappa",
    "wikipedia_url": "https://en.wikipedia.org/wiki/Harappa",
    "wikidata_id": "Q185562",
    "claim": "The type-site of a civilisation whose script remains unread and whose weights and measures were standardised across a million square kilometres is presented as centrally administered from outside.",
    "context": "Harappa has a continuous excavated sequence from c. 3300 BC through the Mature Harappan, including kilns, workshops, cemeteries and the development of the weight system from local chert cubes. The script is undeciphered because the inscriptions are extremely short — typically five signs — and no bilingual text exists, not because it is being withheld.",
    "summary": "Harappa (Punjabi pronunciation: [ɦəɽəˈpaː]) was a settlement in Punjab, Pakistan, about 24 kilometres (15 miles) west of Sahiwal, that takes its name from a modern village near the former course of the Ravi River. The Ravi now runs eight kilometres (five miles) to the north.",
    "tags": "indus-valley; bronze-age; seals; granary"
   }
  },
  {
   "type": "Feature",
   "id": "kot-diji",
   "geometry": {
    "type": "Point",
    "coordinates": [
     68.706667,
     27.345556
    ]
   },
   "properties": {
    "id": "kot-diji",
    "name": "Kot Diji",
    "subtitle": "Khairpur District, Sindh, Pakistan",
    "country": "Pakistan",
    "region": "South Asia",
    "category": "city",
    "category_label": "Ancient City",
    "location_precision": "exact",
    "coordinate_source": "wikipedia",
    "celestial_body": "earth",
    "latitude": 27.345556,
    "longitude": 68.706667,
    "radius_km": 0.0,
    "wikipedia_title": "Kot Diji",
    "wikipedia_url": "https://en.wikipedia.org/wiki/Kot_Diji",
    "wikidata_id": "Q1017084",
    "claim": "A fortified pre-Harappan settlement with a stone-and-mud defensive wall is cited as evidence of a threat requiring defence before cities and warfare are supposed to have existed in the region.",
    "context": "Kot Diji defines the Early Harappan Kot Dijian phase (c. 3300–2600 BC) and is important precisely because it shows indigenous development toward urbanism — fortification, specialised ceramics and a citadel-and-town layout prefiguring Mohenjo-daro. Defensive walls in this period also served against floods and for storage control.",
    "summary": "Kot Diji (Sindhi: ڪوٽ ڏیجي; Urdu: کوٹ ڈیجی, IPA: [koːʈ ɖiːdʒiː]) is an ancient site which was part of the Indus Valley Civilisation, estimated to have been occupied around 3300 BCE. Located about 45 km (28 mi) south of Khairpur in the modern-day province of Sindh, Pakistan, it is on the east bank of the Indus River opposite Mohenjo-daro. The remains consist of two parts: the citadel area on the high ground (about 12 m [39 ft]), and the area around it.",
    "tags": "indus-valley; early-harappan; fortification"
   }
  },
  {
   "type": "Feature",
   "id": "indus-valley",
   "geometry": {
    "type": "Point",
    "coordinates": [
     68.5,
     27.5
    ]
   },
   "properties": {
    "id": "indus-valley",
    "name": "Indus Valley",
    "subtitle": "Indus basin, Pakistan & north-west India",
    "country": "Pakistan / India",
    "region": "South Asia",
    "category": "region",
    "category_label": "Broad Region",
    "location_precision": "area",
    "coordinate_source": "authored",
    "celestial_body": "earth",
    "latitude": 27.5,
    "longitude": 68.5,
    "radius_km": 600.0,
    "wikipedia_title": "Indus Valley Civilisation",
    "wikipedia_url": "https://en.wikipedia.org/wiki/Indus_Valley_Civilisation",
    "wikidata_id": "Q42534",
    "claim": "The civilisation's sudden appearance, uniform urban template and unread script, followed by an unexplained collapse, are presented as the full life cycle of an off-world colonial project.",
    "context": "More than 1,500 sites are known, giving a continuous sequence from Mehrgarh (c. 7000 BC) through Early, Mature and Late Harappan phases into the Painted Grey Ware cultures. Palaeoclimate records from Indian Ocean cores and Himalayan speleothems document monsoon weakening after c. 2200 BC, matching the settlement shift eastward toward the Ganges.",
    "summary": "The Indus Valley Civilisation (IVC), also known as the Indus Civilisation, was a Bronze Age civilisation in the northwestern regions of South Asia, lasting from 3300 BCE to 1300 BCE, and in its mature form from 2600 BCE to 1900 BCE. Together with ancient Egypt, Mesopotamia, and China, it was one of the four centres of the ancient world; it was geographically larger than ancient Egypt and Mesopotamia combined. It spanned much of Pakistan, northwestern India, and northeast Afghanistan.",
    "tags": "regional; bronze-age; undeciphered-script"
   }
  },
  {
   "type": "Feature",
   "id": "thar-desert",
   "geometry": {
    "type": "Point",
    "coordinates": [
     71.0,
     27.0
    ]
   },
   "properties": {
    "id": "thar-desert",
    "name": "Thar Desert",
    "subtitle": "India–Pakistan border region",
    "country": "India / Pakistan",
    "region": "South Asia",
    "category": "region",
    "category_label": "Broad Region",
    "location_precision": "uncertain",
    "coordinate_source": "authored",
    "celestial_body": "earth",
    "latitude": 27.0,
    "longitude": 71.0,
    "radius_km": 450.0,
    "wikipedia_title": "Thar Desert",
    "wikipedia_url": "https://en.wikipedia.org/wiki/Thar_Desert",
    "wikidata_id": "Q172691",
    "claim": "A layer of fused, radioactive glass under the desert, reportedly covering several square kilometres near a ruined city, is offered as ground zero for the Mahabharata's Brahmastra.",
    "context": "No such vitrified field has been located, sampled or published; the claim circulates without a site name, coordinates or institutional report. Comparable natural glasses do exist — fulgurites from lightning, and desert glass from impact events such as Libyan Desert Glass — and are geochemically distinguishable from nuclear trinitite. The series' 'Sian Desert' does not correspond to a mapped place name; the Thar is the nearest match to the described location.",
    "summary": "The Thar Desert (Rajasthani pronunciation: [t̪ʰaːɾ]), also known as the Great Indian Desert, is an arid region in the north-western part of the Indian subcontinent stretching across India and Pakistan. Covering an area of 264,091 km2 (101,966 sq mi), it is one of the largest subtropical deserts in Asia by area. About two-thirds of the desert area lies in India, with the remainder in Pakistan.",
    "tags": "desert; vitrification-claim; mahabharata"
   }
  },
  {
   "type": "Feature",
   "id": "charama",
   "geometry": {
    "type": "Point",
    "coordinates": [
     81.3,
     20.1167
    ]
   },
   "properties": {
    "id": "charama",
    "name": "Charama",
    "subtitle": "Kanker District, Chhattisgarh, India",
    "country": "India",
    "region": "South Asia",
    "category": "geoglyph",
    "category_label": "Geoglyph",
    "location_precision": "approximate",
    "coordinate_source": "authored",
    "celestial_body": "earth",
    "latitude": 20.1167,
    "longitude": 81.3,
    "radius_km": 0.0,
    "wikipedia_title": "Kanker district",
    "wikipedia_url": "https://en.wikipedia.org/wiki/Kanker_district",
    "wikidata_id": "Q2310530",
    "claim": "Rock paintings reported from caves near Charama in 2014 — showing figures without clear faces, wearing what look like helmets and suits, beside a disc-shaped object — were described by a state archaeology officer as possibly depicting extraterrestrials, and the story was carried worldwide.",
    "context": "The paintings are real and belong to central India's extensive Mesolithic-to-historic rock-art tradition, best known from the World Heritage shelters at Bhimbetka. The 'extraterrestrial' reading was one official's speculation to reporters, not a published finding; the stylised, featureless human figure is a standard convention across the region's panels. Local Gond communities have their own interpretive traditions for the figures.",
    "summary": "Uttar Bastar Kanker district is located in the southern region of the state of Chhattisgarh, India between latitudes 20.6-20.24 and longitudes 80.48-81.48. The district covers an area of 6432 square kilometers and has a population of 748,941.",
    "tags": "rock-art; chhattisgarh; mesolithic"
   }
  },
  {
   "type": "Feature",
   "id": "amarnath-cave",
   "geometry": {
    "type": "Point",
    "coordinates": [
     75.5008,
     34.2149
    ]
   },
   "properties": {
    "id": "amarnath-cave",
    "name": "Amarnath Cave",
    "subtitle": "Jammu & Kashmir, India",
    "country": "India",
    "region": "South Asia",
    "category": "sacred",
    "category_label": "Sacred Site",
    "location_precision": "exact",
    "coordinate_source": "wikipedia",
    "celestial_body": "earth",
    "latitude": 34.2149,
    "longitude": 75.5008,
    "radius_km": 0.0,
    "wikipedia_title": "Amarnath Temple",
    "wikipedia_url": "https://en.wikipedia.org/wiki/Amarnath_Temple",
    "wikidata_id": "Q455167",
    "claim": "A naturally forming ice column at 3,888 m, waxing and waning with the moon and venerated for millennia, is cited alongside Himalayan accounts of vimanas and sky-beings as a marker of a contact site.",
    "context": "The lingam is a stalagmite of ice formed by water seeping through the cave roof and freezing; its height varies with precipitation and temperature, and in warm years it has melted early — documented repeatedly in recent decades. The pilgrimage is a major, well-recorded Shaiva tradition.",
    "summary": "Amarnath Temple is a Hindu shrine located in the Pahalgam tehsil of Anantnag district of Jammu and Kashmir, India. It is a cave situated at an altitude of 3,888 m (12,756 ft), about 72 km from Anantnag, the district headquarters, 141 km (88 mi) from Srinagar, the summer capital of Jammu and Kashmir, accessible via either Sonamarg or Pahalgam",
    "tags": "himalaya; shiva; ice-lingam; pilgrimage"
   }
  },
  {
   "type": "Feature",
   "id": "tamil-nadu",
   "geometry": {
    "type": "Point",
    "coordinates": [
     78.6569,
     11.1271
    ]
   },
   "properties": {
    "id": "tamil-nadu",
    "name": "Tamil Nadu",
    "subtitle": "Southern India",
    "country": "India",
    "region": "South Asia",
    "category": "region",
    "category_label": "Broad Region",
    "location_precision": "area",
    "coordinate_source": "authored",
    "celestial_body": "earth",
    "latitude": 11.1271,
    "longitude": 78.6569,
    "radius_km": 350.0,
    "wikipedia_title": "Tamil Nadu",
    "wikipedia_url": "https://en.wikipedia.org/wiki/Tamil_Nadu",
    "wikidata_id": "Q1445",
    "claim": "Kumari Kandam — a submerged southern landmass in Tamil literary tradition — is merged with the 19th-century 'Lemuria' hypothesis and presented as a drowned advanced civilisation, with Tamil Nadu's temple geometry as its inheritance.",
    "context": "Lemuria was proposed in 1864 by zoologist Philip Sclater to explain lemur distribution and was superseded by plate tectonics and the Gondwana model. Post-glacial sea-level rise did drown large tracts of the Indian shelf, and the Gulf of Khambhat and Poompuhar nearshore finds are genuinely studied. Keeladi's excavations have pushed Tamil urban and literate culture substantially earlier — an important mainstream result.",
    "summary": "Tamil Nadu is the southernmost state of India. The tenth largest Indian state by area and the sixth largest by population, it is the home of the Tamils, who speak the Tamil language, the state's official language and the first to be recognised as a classical language in India. Chennai is the state's largest city and capital.",
    "tags": "kumari-kandam; sangam; keeladi; temples"
   }
  },
  {
   "type": "Feature",
   "id": "patna-ganges",
   "geometry": {
    "type": "Point",
    "coordinates": [
     85.1375,
     25.593889
    ]
   },
   "properties": {
    "id": "patna-ganges",
    "name": "Patna & the Ganges",
    "subtitle": "Bihar, India",
    "country": "India",
    "region": "South Asia",
    "category": "city",
    "category_label": "Ancient City",
    "location_precision": "exact",
    "coordinate_source": "wikipedia",
    "celestial_body": "earth",
    "latitude": 25.593889,
    "longitude": 85.1375,
    "radius_km": 0.0,
    "wikipedia_title": "Patna",
    "wikipedia_url": "https://en.wikipedia.org/wiki/Patna",
    "wikidata_id": "Q80484",
    "claim": "Mauryan Pataliputra is tied to the legend of Ashoka's 'Nine Unknown Men' — a secret society entrusted with nine books of dangerous knowledge, including anti-gravity and psychological warfare — presented as a custodial order for off-world technology.",
    "context": "Pataliputra was one of the largest cities of its age, and Megasthenes' account of its timber palisade was confirmed by excavation. The Nine Unknown Men first appears in Talbot Mundy's 1923 novel 'The Nine Unknown' and has no attestation in Mauryan sources, in Ashoka's own edicts, or in Buddhist or Jain tradition.",
    "summary": "Patna (Hindi: Paṭanā, pronounced [ˈpəʈnaː] ), historically known as Pāṭaliputra, is the capital and largest city of the Indian state of Bihar. According to the United Nations, as of 2026, Patna had a population of 3.33 million, making it the 19th largest city in India. Covering 250 square kilometres (97 sq mi) and over 2.5 million people, its urban agglomeration is the 18th largest in India.",
    "tags": "pataliputra; mauryan; ashoka; ganges"
   }
  },
  {
   "type": "Feature",
   "id": "india-general",
   "geometry": {
    "type": "Point",
    "coordinates": [
     78.5,
     21.0
    ]
   },
   "properties": {
    "id": "india-general",
    "name": "India",
    "subtitle": "Republic of India (regional)",
    "country": "India",
    "region": "South Asia",
    "category": "region",
    "category_label": "Broad Region",
    "location_precision": "area",
    "coordinate_source": "authored",
    "celestial_body": "earth",
    "latitude": 21.0,
    "longitude": 78.5,
    "radius_km": 1200.0,
    "wikipedia_title": "India",
    "wikipedia_url": "https://en.wikipedia.org/wiki/India",
    "wikidata_id": "Q668",
    "claim": "The Sanskrit epics are the series' richest text source: vimanas described as flying palaces, the Brahmastra's described effects likened to a nuclear detonation, and the Vaimanika Shastra read as a surviving flight manual.",
    "context": "The Mahabharata and Ramayana are vast poetic compilations reaching their received form over roughly a thousand years; vimana means 'measured-out' and denotes palaces, temple towers and divine chariots depending on context. The Vaimanika Shastra was produced by Subbaraya Shastry via psychic channelling between 1900 and 1922 — it is not ancient. A 1974 Indian Institute of Science study found its described craft aerodynamically incapable of flight.",
    "summary": "India, officially the Republic of India, is a country in South Asia. It is the world's seventh-largest country by area and its most populous. Bounded by the Indian Ocean on the south, the Arabian Sea on the southwest, and the Bay of Bengal on the southeast, it shares land borders with Pakistan to the west, China, Nepal, and Bhutan to the north, and Bangladesh and Myanmar to the east.",
    "tags": "regional; vimana; sanskrit; mahabharata"
   }
  },
  {
   "type": "Feature",
   "id": "nepal-lumbini",
   "geometry": {
    "type": "Point",
    "coordinates": [
     83.2767,
     27.4833
    ]
   },
   "properties": {
    "id": "nepal-lumbini",
    "name": "Lumbini",
    "subtitle": "Rupandehi District, Nepal",
    "country": "Nepal",
    "region": "South Asia",
    "category": "sacred",
    "category_label": "Sacred Site",
    "location_precision": "exact",
    "coordinate_source": "authored",
    "celestial_body": "earth",
    "latitude": 27.4833,
    "longitude": 83.2767,
    "radius_km": 0.0,
    "wikipedia_title": "Lumbini",
    "wikipedia_url": "https://en.wikipedia.org/wiki/Lumbini",
    "wikidata_id": "Q9213",
    "claim": "The Buddha's birth narrative — conception by a white elephant entering his mother's side in a dream, a child who walks and speaks at once, thirty-two bodily marks — is read as a managed hybrid birth, with Shambhala as the custodians' base.",
    "context": "Lumbini's identification rests on the Ashokan pillar erected c. 249 BC, whose inscription names the birthplace; excavation has exposed earlier timber and brick shrine phases beneath the Maya Devi temple. The miraculous birth elements belong to Buddhist hagiography and appear in later texts, not the earliest strata of the canon.",
    "summary": "Lumbini is a Buddhist pilgrimage site in the Rupandehi District of Lumbini Province in Nepal. According to sacred texts and Buddhist commentaries, Queen Maya gave birth to Siddhartha Gautama, the Buddha, in Lumbini, c. 563 BCE. Lumbini is one of four most sacred pilgrimage sites pivotal in the life of the Buddha.",
    "tags": "unesco; buddha; ashoka-pillar; pilgrimage"
   }
  },
  {
   "type": "Feature",
   "id": "mount-kailash",
   "geometry": {
    "type": "Point",
    "coordinates": [
     81.3125,
     31.066667
    ]
   },
   "properties": {
    "id": "mount-kailash",
    "name": "Mount Kailash",
    "subtitle": "Ngari Prefecture, Tibet, China",
    "country": "China",
    "region": "East Asia",
    "category": "sacred",
    "category_label": "Sacred Site",
    "location_precision": "exact",
    "coordinate_source": "wikipedia",
    "celestial_body": "earth",
    "latitude": 31.066667,
    "longitude": 81.3125,
    "radius_km": 0.0,
    "wikipedia_title": "Mount Kailash",
    "wikipedia_url": "https://en.wikipedia.org/wiki/Mount_Kailash",
    "wikidata_id": "Q229107",
    "claim": "A near-pyramidal 6,638 m peak, sacred to four religions, never summited, identified with the cosmic Mount Meru and claimed to sit on a global grid of monuments, is presented as an artificial structure or an energy node.",
    "context": "Kailash is a mass of Tertiary conglomerate uplifted by the India–Asia collision; its stepped profile is bedding and glacial erosion, and comparable forms occur throughout the Transhimalaya. It is unclimbed by agreement out of respect for its sanctity, not because attempts fail. The 'global grid' alignments are constructed by selecting from thousands of candidate monuments.",
    "summary": "Mount Kailash is a mountain in Ngari Prefecture, Tibet Autonomous Region of China. It lies in the Gangdise Shan mountain range of the Transhimalaya, in the western part of the Tibetan Plateau. The peak of Mount Kailash is located at an elevation of 6,638 m (21,778 ft), near the western trijunction of China, India, and Nepal.",
    "tags": "pilgrimage; unclimbed; four-religions; himalaya"
   }
  },
  {
   "type": "Feature",
   "id": "guge-ruins",
   "geometry": {
    "type": "Point",
    "coordinates": [
     79.8,
     31.4833
    ]
   },
   "properties": {
    "id": "guge-ruins",
    "name": "Guge Kingdom — Tsaparang",
    "subtitle": "Ngari Prefecture, Tibet, China",
    "country": "China",
    "region": "East Asia",
    "category": "city",
    "category_label": "Ancient City",
    "location_precision": "approximate",
    "coordinate_source": "authored",
    "celestial_body": "earth",
    "latitude": 31.4833,
    "longitude": 79.8,
    "radius_km": 0.0,
    "wikipedia_title": "Guge",
    "wikipedia_url": "https://en.wikipedia.org/wiki/Guge",
    "wikidata_id": "Q1193554",
    "claim": "A honeycombed cliff city of hundreds of chambers and tunnels, abandoned and depopulated so completely that its fate was forgotten, is presented as a site of mass abduction or a vanished non-human enclave.",
    "context": "Guge was a Buddhist kingdom from the 10th century, central to the second transmission of Buddhism into Tibet. Its fall is attributable to the 1630 Ladakhi invasion, recorded in Tibetan and Jesuit sources — António de Andrade's mission was there from 1624. The chambers are cut into soft Zanda-formation clay, and the surviving murals are a major art-historical corpus.",
    "summary": "Guge (Tibetan: གུ་གེ་, Wylie: gu ge) was an ancient dynastic kingdom in Western Tibet. The kingdom was centered in present-day Zanda County, Ngari Prefecture, Tibet Autonomous Region. At various points in history after the 10th century AD, the kingdom held sway over a vast area including south-eastern Zanskar, Kinnaur district, and Spiti Valley, either by conquest or as tributaries.",
    "tags": "tibet; cliff-city; abandoned; buddhist-murals"
   }
  },
  {
   "type": "Feature",
   "id": "tibet",
   "geometry": {
    "type": "Point",
    "coordinates": [
     88.0,
     31.5
    ]
   },
   "properties": {
    "id": "tibet",
    "name": "Tibet",
    "subtitle": "Tibetan Plateau (regional)",
    "country": "China",
    "region": "East Asia",
    "category": "region",
    "category_label": "Broad Region",
    "location_precision": "area",
    "coordinate_source": "authored",
    "celestial_body": "earth",
    "latitude": 31.5,
    "longitude": 88.0,
    "radius_km": 900.0,
    "wikipedia_title": "Tibet",
    "wikipedia_url": "https://en.wikipedia.org/wiki/Tibet",
    "wikidata_id": "Q17252",
    "claim": "Tibet is cast as the guardian of an underground city — Shambhala or Agartha — reached through tunnels, holding records from before the Flood; the Nazi Ahnenerbe expeditions of 1938–39 are offered as evidence that states took this seriously.",
    "context": "Shambhala appears in the Kalachakra tantra as a pure land, a spiritual rather than geographic destination within its own tradition; Tibetan commentators treat its location as not physically accessible. Ernst Schäfer's 1938–39 expedition is documented in its own publications and collected ornithological, ethnographic and anthropometric data in service of Nazi racial theory. It found no city.",
    "summary": "Tibet is a region in the western part of East Asia, covering much of the Tibetan Plateau. It is the homeland of the Tibetans. Other ethnic groups also reside on the plateau, including Mongols, the Lhoba, Monpa, Qiang, Sherpa, and since the 20th century, Han and Hui peoples.",
    "tags": "regional; shambhala; plateau; bon"
   }
  },
  {
   "type": "Feature",
   "id": "shaanxi-pyramids",
   "geometry": {
    "type": "Point",
    "coordinates": [
     108.888,
     34.3853
    ]
   },
   "properties": {
    "id": "shaanxi-pyramids",
    "name": "Shaanxi — Imperial Tumuli",
    "subtitle": "Xianyang Plain, Shaanxi, China",
    "country": "China",
    "region": "East Asia",
    "category": "pyramid",
    "category_label": "Pyramid / Temple",
    "location_precision": "exact",
    "coordinate_source": "authored",
    "celestial_body": "earth",
    "latitude": 34.3853,
    "longitude": 108.888,
    "radius_km": 0.0,
    "wikipedia_title": "Chinese pyramids",
    "wikipedia_url": "https://en.wikipedia.org/wiki/Chinese_pyramids",
    "wikidata_id": "Q252858",
    "claim": "Dozens of flat-topped 'pyramids' on the Xianyang plain — including a 'Great White Pyramid' reported by a USAAF pilot in 1945 — are presented as a concealed complex that China refuses to excavate.",
    "context": "They are rammed-earth imperial burial mounds of the Qin, Western Han and Tang, well catalogued and freely visible on open satellite imagery; the Maoling mausoleum of Emperor Wu is the largest. Excavation is deliberately limited by Chinese heritage policy pending better conservation techniques — the same policy that leaves most of the Qin Shi Huang mausoleum unopened while the terracotta army pits beside it are excavated and published.",
    "summary": "Chinese pyramids are pyramidal-shaped burial mounds built as mausoleums for the early emperors of China and their imperial relatives. About 38 of them are located around 25 kilometres (16 mi) – 35 kilometres (22 mi) north-west of Xi'an, on the Guanzhong Plains in Shaanxi Province. The most famous is the Mausoleum of the First Qin Emperor, northeast of Xi'an and 1.7 km west of where the Terracotta Army was found.",
    "tags": "han-tombs; qin; tumulus; mausoleum"
   }
  },
  {
   "type": "Feature",
   "id": "zhongtiao-shan",
   "geometry": {
    "type": "Point",
    "coordinates": [
     111.5,
     35.1667
    ]
   },
   "properties": {
    "id": "zhongtiao-shan",
    "name": "Zhongtiao Mountains",
    "subtitle": "Shanxi Province, China",
    "country": "China",
    "region": "East Asia",
    "category": "landform",
    "category_label": "Landform",
    "location_precision": "area",
    "coordinate_source": "authored",
    "celestial_body": "earth",
    "latitude": 35.1667,
    "longitude": 111.5,
    "radius_km": 60.0,
    "wikipedia_title": "Zhongtiao Mountains",
    "wikipedia_url": "https://en.wikipedia.org/wiki/Zhongtiao_Mountains",
    "wikidata_id": "Q197910",
    "claim": "Vast ancient copper workings in the range are tied to the Sitchin mining narrative and to legends of the Yellow Emperor's ascent on a dragon from this region.",
    "context": "The Zhongtiao copper belt is a genuine and important early mining district — its ores fed Erlitou and Shang bronze production, traced by lead-isotope analysis of excavated vessels. That makes it central to the archaeology of Chinese metallurgy. The Yellow Emperor is a legendary culture-hero of the mythic Three Sovereigns and Five Emperors sequence, not a documented ruler.",
    "summary": "The Zhongtiao Mountains (simplified Chinese: 中条山; traditional Chinese: 中條山; pinyin: Zhōngtiáo Shān) are a major mountain range located in the south of China’s Shanxi Province.",
    "tags": "copper; ancient-mining; shanxi"
   }
  },
  {
   "type": "Feature",
   "id": "fuxian-lake",
   "geometry": {
    "type": "Point",
    "coordinates": [
     102.888889,
     24.50225
    ]
   },
   "properties": {
    "id": "fuxian-lake",
    "name": "Fuxian Lake",
    "subtitle": "Yuxi, Yunnan Province, China",
    "country": "China",
    "region": "East Asia",
    "category": "underwater",
    "category_label": "Submerged",
    "location_precision": "exact",
    "coordinate_source": "wikipedia",
    "celestial_body": "earth",
    "latitude": 24.50225,
    "longitude": 102.888889,
    "radius_km": 0.0,
    "wikipedia_title": "Fuxian Lake",
    "wikipedia_url": "https://en.wikipedia.org/wiki/Fuxian_Lake",
    "wikidata_id": "Q127016",
    "claim": "Stone structures surveyed at depth in China's second-deepest lake since 2001 — reported as walls, roads and a stepped platform — are presented as a drowned city predating Chinese civilisation.",
    "context": "Chinese archaeologists have confirmed submerged stone structures and sonar anomalies, and the leading interpretation is the Han-era town of Yuyuan, lost to subsidence or earthquake — plausible on an active fault margin. Some surveyed features are assessed as natural karst. This is an open, publishing investigation of a historical-period site.",
    "summary": "Fuxian Lake (Chinese: 抚仙湖; pinyin: Fǔxiān Hú) is a body of water in Yunnan Province, China. It stretches through Chengjiang, Jiangchuan and Huaning Counties, spanning an area of 212 square kilometers. It is the third-largest lake in Yunnan, after Dian Lake and Erhai Lake, and the deepest, at 155 meters.",
    "tags": "submerged-ruins; yunnan; diving"
   }
  },
  {
   "type": "Feature",
   "id": "wucheng-sichuan",
   "geometry": {
    "type": "Point",
    "coordinates": [
     104.0667,
     30.65
    ]
   },
   "properties": {
    "id": "wucheng-sichuan",
    "name": "Sichuan Basin — 'Wucheng' Reference",
    "subtitle": "Sichuan Province, China",
    "country": "China",
    "region": "East Asia",
    "category": "region",
    "category_label": "Broad Region",
    "location_precision": "uncertain",
    "coordinate_source": "authored",
    "celestial_body": "earth",
    "latitude": 30.65,
    "longitude": 104.0667,
    "radius_km": 350.0,
    "wikipedia_title": "Sichuan",
    "wikipedia_url": "https://en.wikipedia.org/wiki/Sichuan",
    "wikidata_id": "Q19770",
    "claim": "A Sichuan locality is referenced in connection with bronze masks bearing enormous protruding eyes and non-human proportions, presented as portraits of visitors.",
    "context": "The place name as given does not resolve to a published archaeological site in Sichuan — the mapped Wucheng sites are in Jiangxi and Shandong — so this entry is positioned on the Sichuan Basin as a label rather than a location. The imagery described matches Sanxingdui (c. 1200 BC) near Guanghan, whose bronze masks and 2.6 m standing figure are stylised ritual objects from a distinct Shu culture, excavated with crucibles, moulds and casting debris on site.",
    "summary": "Sichuan is an inland province in Southwestern China. It is located in the Sichuan Basin and Tibetan Plateau—between the Jinsha River to the west, the Daba Mountains to the north, and the Yunnan–Guizhou Plateau to the south. Its capital city is Chengdu, and the province's population stands at 83 million.",
    "tags": "sanxingdui; bronze-age; unresolved-reference"
   }
  },
  {
   "type": "Feature",
   "id": "three-pagodas",
   "geometry": {
    "type": "Point",
    "coordinates": [
     100.147236,
     25.708725
    ]
   },
   "properties": {
    "id": "three-pagodas",
    "name": "Three Pagodas of Chongsheng Temple",
    "subtitle": "Dali, Yunnan Province, China",
    "country": "China",
    "region": "East Asia",
    "category": "pyramid",
    "category_label": "Pyramid / Temple",
    "location_precision": "exact",
    "coordinate_source": "wikipedia",
    "celestial_body": "earth",
    "latitude": 25.708725,
    "longitude": 100.147236,
    "radius_km": 0.0,
    "wikipedia_title": "Three Pagodas",
    "wikipedia_url": "https://en.wikipedia.org/wiki/Three_Pagodas",
    "wikidata_id": "Q1257126",
    "claim": "Three pagodas that survived repeated major earthquakes — one account says they split apart and realigned themselves — are presented as built with knowledge of seismic engineering acquired from outside.",
    "context": "The central pagoda dates to the 9th-century Tang period and the flanking pair to the Dali Kingdom. Their survival is explicable: tapered masonry, a low centre of mass and a wide base are recognised seismic virtues, and the structures have been repaired repeatedly, most substantially in 1978–81. The 'self-realigning' story derives from a local chronicle account of a 1515 earthquake.",
    "summary": "The Three Pagodas of the Chongsheng Temple (Chinese: 崇圣寺三塔; pinyin: Chóngshèng Sì Sāntǎ) are an ensemble of three independent pagodas arranged on the corners of an equilateral triangle, near the old town of Dali, Yunnan province, China, dating from the time of the Kingdom of Nanzhao and Kingdom of Dali in the 9th and 10th centuries.",
    "tags": "tang; dali-kingdom; earthquake-resistant"
   }
  },
  {
   "type": "Feature",
   "id": "tsinghua",
   "geometry": {
    "type": "Point",
    "coordinates": [
     116.3264,
     40.0
    ]
   },
   "properties": {
    "id": "tsinghua",
    "name": "Tsinghua University",
    "subtitle": "Beijing, China",
    "country": "China",
    "region": "East Asia",
    "category": "research",
    "category_label": "Research Centre",
    "location_precision": "exact",
    "coordinate_source": "authored",
    "celestial_body": "earth",
    "latitude": 40.0,
    "longitude": 116.3264,
    "radius_km": 0.0,
    "wikipedia_title": "Tsinghua University",
    "wikipedia_url": "https://en.wikipedia.org/wiki/Tsinghua_University",
    "wikidata_id": "Q16955",
    "claim": "Cited for Chinese astronomical records and for the Tsinghua Bamboo Slips, used to argue that early Chinese texts preserve dated observations of craft and of visitors.",
    "context": "Chinese astronomical records are genuinely the longest continuous observational series on Earth, and they are scientifically valuable — supernova and comet records from them underpin modern work on SN 1054 and on Halley's orbit. The Tsinghua Bamboo Slips are a Warring States manuscript cache acquired in 2008 and published progressively; they are historical and divinatory texts.",
    "summary": "Tsinghua University (Chinese: 清华大学; pinyin: Qīnghuá Dàxué; THU) is a public research university in Haidian, Beijing, China. It is affiliated with and funded by the Ministry of Education of China. The university is part of the Double First-Class Construction, and was a part of its predecessor initiatives: Project 211 and Project 985.",
    "tags": "academia; bamboo-slips; astronomy"
   }
  },
  {
   "type": "Feature",
   "id": "sun-yat-sen-university",
   "geometry": {
    "type": "Point",
    "coordinates": [
     113.2988,
     23.0966
    ]
   },
   "properties": {
    "id": "sun-yat-sen-university",
    "name": "Sun Yat-sen University",
    "subtitle": "Guangzhou, Guangdong, China",
    "country": "China",
    "region": "East Asia",
    "category": "research",
    "category_label": "Research Centre",
    "location_precision": "exact",
    "coordinate_source": "authored",
    "celestial_body": "earth",
    "latitude": 23.0966,
    "longitude": 113.2988,
    "radius_km": 0.0,
    "wikipedia_title": "Sun Yat-sen University",
    "wikipedia_url": "https://en.wikipedia.org/wiki/Sun_Yat-sen_University",
    "wikidata_id": "Q178972",
    "claim": "Appears as an interview location for Chinese archaeological and ethnographic material, including the Dropa stone discs and southern Chinese cave-burial traditions.",
    "context": "The Dropa stones story — perforated discs and small-statured beings in a Bayan Har cave — has no provenance: the cited institutions and the Professor 'Tsum Um Nui' credited with translating them cannot be documented, and the tale is traceable to 1960s Soviet and Western fringe magazines. Chinese academic archaeology in the region is extensively published.",
    "summary": "Sun Yat-sen University (Chinese: 中山大学; pinyin: Zhōngshān Dàxué; also SYSU) is a public university in Guangzhou, Guangdong, China. It is affiliated with the Ministry of Education and co-funded by the Ministry of Education, SASTIND, and Guangdong Provincial People's Government. As one of the top universities in China, it is part of Project 211, Project 985, and the Double First-Class Construction.",
    "tags": "academia; anthropology; archaeology"
   }
  },
  {
   "type": "Feature",
   "id": "ise-grand-shrine",
   "geometry": {
    "type": "Point",
    "coordinates": [
     136.725833,
     34.455
    ]
   },
   "properties": {
    "id": "ise-grand-shrine",
    "name": "Ise Grand Shrine",
    "subtitle": "Mie Prefecture, Japan",
    "country": "Japan",
    "region": "East Asia",
    "category": "sacred",
    "category_label": "Sacred Site",
    "location_precision": "exact",
    "coordinate_source": "wikipedia",
    "celestial_body": "earth",
    "latitude": 34.455,
    "longitude": 136.725833,
    "radius_km": 0.0,
    "wikipedia_title": "Ise Shrine",
    "wikipedia_url": "https://en.wikipedia.org/wiki/Ise_Shrine",
    "wikidata_id": "Q687168",
    "claim": "A shrine rebuilt identically every twenty years for over 1,300 years, housing a sacred mirror that no one may view, descended from a sun goddess whose grandson came down to rule Japan, is presented as a maintained relic of a contact event.",
    "context": "The Shikinen Sengū rebuilding is a documented ritual practice that preserves carpentry technique by transmission rather than preserving timber, and it is a case study in intangible heritage. The Yata no Kagami is one of the three imperial regalia; its concealment is a religious prohibition, and the descent narrative comes from the 8th-century Kojiki and Nihon Shoki, compiled to legitimise the imperial line.",
    "summary": "The Ise Shrine (Japanese: 伊勢神宮, Hepburn: Ise Jingū), located in Ise, Mie Prefecture of Japan, is a Shinto shrine dedicated to the solar goddess Amaterasu Ōmikami and the grain goddess Toyouke-hime. Also known simply as Jingū (神宮), Ise Shrine is a shrine complex composed of many Shinto shrines centered on two main shrines, Naikū (内宮) and Gekū (外宮).",
    "tags": "shinto; shikinen-sengu; amaterasu; mirror"
   }
  },
  {
   "type": "Feature",
   "id": "kansai-science-city",
   "geometry": {
    "type": "Point",
    "coordinates": [
     135.78,
     34.75
    ]
   },
   "properties": {
    "id": "kansai-science-city",
    "name": "Kansai Science City",
    "subtitle": "Keihanna, Kyoto / Osaka / Nara, Japan",
    "country": "Japan",
    "region": "East Asia",
    "category": "research",
    "category_label": "Research Centre",
    "location_precision": "exact",
    "coordinate_source": "authored",
    "celestial_body": "earth",
    "latitude": 34.75,
    "longitude": 135.78,
    "radius_km": 0.0,
    "wikipedia_title": "Kansai Science City",
    "wikipedia_url": "https://en.wikipedia.org/wiki/Kansai_Science_City",
    "wikidata_id": "Q3695586",
    "claim": "Japan's concentration of humanoid robotics and AI research is framed as humanity recapitulating its own creation — building synthetic servants exactly as the series says we were built.",
    "context": "Keihanna hosts ATR, NICT facilities and corporate laboratories doing published, peer-reviewed work in human–robot interaction and speech translation. The parallel drawn is rhetorical: that humans build tools in their own image is a long-noted feature of design psychology, not evidence about human origins.",
    "summary": "Kansai Science City (関西文化学術研究都市, Kansai Bunka-gakujutsu-kenkyū-toshi) is an unincorporated city located in the Keihanna Hills (京阪奈丘陵, Keihanna kyūryō), a border region between Kyoto, Osaka, and Nara Prefectures in Kansai region, Japan. The name is commonly shortened to Keihanna Science City (けいはんな学研都市, Keihanna Gakken-toshi) or Gakken-toshi (学研都市). The name Keihanna is constructed by extracting a representative kanji from Kyoto, Osaka, and Nara.",
    "tags": "robotics; ai; atr; keihanna"
   }
  },
  {
   "type": "Feature",
   "id": "cape-muroto",
   "geometry": {
    "type": "Point",
    "coordinates": [
     134.177494,
     33.253301
    ]
   },
   "properties": {
    "id": "cape-muroto",
    "name": "Cape Muroto & Mikurodo Cave",
    "subtitle": "Kōchi Prefecture, Shikoku, Japan",
    "country": "Japan",
    "region": "East Asia",
    "category": "underground",
    "category_label": "Subterranean",
    "location_precision": "exact",
    "coordinate_source": "wikipedia",
    "celestial_body": "earth",
    "latitude": 33.253301,
    "longitude": 134.177494,
    "radius_km": 0.0,
    "wikipedia_title": "Cape Muroto",
    "wikipedia_url": "https://en.wikipedia.org/wiki/Cape_Muroto",
    "wikidata_id": "Q11453014",
    "claim": "The cave where the monk Kūkai is said to have attained enlightenment — a morning star entering his mouth, after which he could recite texts he had never read — is presented as a transfer of knowledge from a descending object.",
    "context": "Kūkai's own 'Sangō shiiki' records the experience in the standard vocabulary of Shingon ascetic practice, in which the morning star represents the bodhisattva Ākāśagarbha; the Gumonji-hō rite he performed explicitly aims at perfect retention. Cape Muroto is a UNESCO Global Geopark for its rapidly uplifting marine terraces.",
    "summary": "Cape Muroto (室戸岬, Muroto-misaki) is a headland at the southeastern tip of the Japanese island of Shikoku, in the city of Muroto, Kōchi Prefecture. Extending into the Pacific Ocean and situated in Muroto UNESCO Global Geopark within Muroto-Anan Kaigan Quasi-National Park, the cape has been designated a Place of Scenic Beauty and the local vegetation a Natural Monument, while the Sound of the Waves at Cape Muroto and Mikurodo Cave is among the 100 Soundscapes of Japan.",
    "tags": "kukai; shingon; unesco-geopark; shikoku"
   }
  },
  {
   "type": "Feature",
   "id": "yonaguni",
   "geometry": {
    "type": "Point",
    "coordinates": [
     123.011389,
     24.435833
    ]
   },
   "properties": {
    "id": "yonaguni",
    "name": "Yonaguni Monument",
    "subtitle": "Yonaguni Island, Okinawa, Japan",
    "country": "Japan",
    "region": "East Asia",
    "category": "underwater",
    "category_label": "Submerged",
    "location_precision": "exact",
    "coordinate_source": "wikipedia",
    "celestial_body": "earth",
    "latitude": 24.435833,
    "longitude": 123.011389,
    "radius_km": 0.0,
    "wikipedia_title": "Yonaguni Monument",
    "wikipedia_url": "https://en.wikipedia.org/wiki/Yonaguni_Monument",
    "wikidata_id": "Q995511",
    "claim": "A submerged formation off Yonaguni with flat terraces, right angles, straight channels and what are described as steps and a road is presented as a city drowned by post-glacial sea-level rise — making it older than any accepted civilisation.",
    "context": "Masaaki Kimura argues for human modification; Robert Schoch and most marine geologists who have dived it identify natural features. The rock is Miocene Yaeyama sandstone with closely spaced horizontal bedding and two near-perpendicular joint sets, which fracture into exactly these steps and channels — and the same forms continue in the adjacent cliffs above water. No artefacts, tool marks or cultural deposits have been recovered. The debate is live but asymmetric.",
    "summary": "The Yonaguni Monument (Japanese: 与那国島海底地形, Hepburn: Yonaguni-jima Kaitei Chikei; lit. 'Yonaguni Island Seafloor Topography'), also known as the Yonaguni (Island) Submarine Ruins (与那国（島）海底遺跡, Yonaguni(-jima) Kaitei Iseki), is a submerged rock formation off the coast of Yonaguni, the southernmost of the Ryukyu Islands, in Japan. It lies approximately 100 kilometres (54 nmi; 62 mi) east of Taiwan.",
    "tags": "submerged; sandstone; ryukyu; diving"
   }
  },
  {
   "type": "Feature",
   "id": "angkor-wat",
   "geometry": {
    "type": "Point",
    "coordinates": [
     103.866667,
     13.4125
    ]
   },
   "properties": {
    "id": "angkor-wat",
    "name": "Angkor Wat",
    "subtitle": "Siem Reap, Cambodia",
    "country": "Cambodia",
    "region": "Southeast Asia & Oceania",
    "category": "pyramid",
    "category_label": "Pyramid / Temple",
    "location_precision": "exact",
    "coordinate_source": "wikipedia",
    "celestial_body": "earth",
    "latitude": 13.4125,
    "longitude": 103.866667,
    "radius_km": 0.0,
    "wikipedia_title": "Angkor Wat",
    "wikipedia_url": "https://en.wikipedia.org/wiki/Angkor_Wat",
    "wikidata_id": "Q43473",
    "claim": "The largest religious monument on Earth, raised in about 35 years from 5–10 million sandstone blocks quarried 40 km away, with equinoctial alignments and proportions said to encode the precessional cycle, is presented as built to a supplied design.",
    "context": "Angkor is exceptionally well documented by its own inscriptions, by Zhou Daguan's 13th-century eyewitness account, and by LiDAR survey since 2012 that mapped the surrounding hydraulic city, quarry roads and canal network used to float blocks from Phnom Kulen. The equinox alignment is real and is one of several deliberate cosmological features; the precession claims come from Graham Hancock's unit-of-measure selections.",
    "summary": "Angkor Wat (Khmer: អង្គរវត្ត, 'City/Capital of Temples') is a Theravada Buddhist temple complex, originally built as a Vaishnava Hindu temple, in Siem Reap, Cambodia. It is the largest religious complex in the world. Located on a site measuring 162.6 hectares (1.6 km2; 401.8 acres) within the medieval capital of Angkor, it was constructed between 1113 and 1150 CE during the reign of the Khmer king Suryavarman II as a Hindu temple dedicated to Vishnu.",
    "tags": "unesco; khmer; archaeoastronomy; hydraulic-city"
   }
  },
  {
   "type": "Feature",
   "id": "borobudur",
   "geometry": {
    "type": "Point",
    "coordinates": [
     110.204,
     -7.608
    ]
   },
   "properties": {
    "id": "borobudur",
    "name": "Borobudur",
    "subtitle": "Magelang, Central Java, Indonesia",
    "country": "Indonesia",
    "region": "Southeast Asia & Oceania",
    "category": "pyramid",
    "category_label": "Pyramid / Temple",
    "location_precision": "exact",
    "coordinate_source": "wikipedia",
    "celestial_body": "earth",
    "latitude": -7.608,
    "longitude": 110.204,
    "radius_km": 0.0,
    "wikipedia_title": "Borobudur",
    "wikipedia_url": "https://en.wikipedia.org/wiki/Borobudur",
    "wikidata_id": "Q42798",
    "claim": "A nine-tier stone mandala of some two million blocks, assembled without mortar, interlocked to survive eruptions and earthquakes, then abandoned and buried under ash for centuries, is presented as built to withstand a cataclysm foreseen from outside.",
    "context": "Borobudur is a 9th-century Sailendra monument whose 2,672 relief panels narrate specific Buddhist texts — the Lalitavistara, Jatakas and Gandavyuha — identifying its builders and their programme precisely. Interlocking dry masonry is standard in Javanese candi architecture. Its decline follows the shift of Javanese power east and the spread of Islam; the Merapi ash burial is well dated.",
    "summary": "Borobudur, also transcribed Barabudur (Indonesian: Candi Borobudur, Javanese: ꦕꦤ꧀ꦝꦶꦧꦫꦧꦸꦝꦸꦂ, romanized: Candhi Barabudhur), is a 9th-century Mahayana Buddhist temple in Magelang Regency, near the town of Muntilan, northwest of the city of Yogyakarta, in Central Java, Indonesia.",
    "tags": "unesco; buddhist; stupa; mandala; java"
   }
  },
  {
   "type": "Feature",
   "id": "candi-sukuh",
   "geometry": {
    "type": "Point",
    "coordinates": [
     111.131111,
     -7.627222
    ]
   },
   "properties": {
    "id": "candi-sukuh",
    "name": "Candi Sukuh",
    "subtitle": "Karanganyar, Central Java, Indonesia",
    "country": "Indonesia",
    "region": "Southeast Asia & Oceania",
    "category": "pyramid",
    "category_label": "Pyramid / Temple",
    "location_precision": "exact",
    "coordinate_source": "wikipedia",
    "celestial_body": "earth",
    "latitude": -7.627222,
    "longitude": 111.131111,
    "radius_km": 0.0,
    "wikipedia_title": "Sukuh",
    "wikipedia_url": "https://en.wikipedia.org/wiki/Sukuh",
    "wikidata_id": "Q3101506",
    "claim": "A truncated step-pyramid on Mount Lawu, unlike any other Javanese temple and stylistically compared to Mesoamerican platforms, is offered as evidence of transoceanic contact or a shared off-world template.",
    "context": "Candi Sukuh is a 15th-century late-Majapahit temple with a dated chronogram, built as Javanese Hindu-Buddhism absorbed indigenous mountain and ancestor cult — which is exactly why it looks unlike court temples. Its reliefs are legible Javanese iconography, including a Sudamala narrative and metalworking scenes. Terraced sanctuaries are a recognised Javanese class, as at nearby Candi Cetho.",
    "summary": "Sukuh (Indonesian: Candi Sukuh, Indonesian pronunciation: [ˌtʃandi ˈsukʊh]) is a 15th-century Javanese-Hindu temple (candi) that is located in Berjo, Ngargoyoso district, Karanganyar Regency, Central Java, Indonesia on the western slope of Mount Lawu (elevation 910 metres (2,990 ft)).",
    "tags": "majapahit; step-pyramid; lingam; java"
   }
  },
  {
   "type": "Feature",
   "id": "lake-toba",
   "geometry": {
    "type": "Point",
    "coordinates": [
     98.88,
     2.68
    ]
   },
   "properties": {
    "id": "lake-toba",
    "name": "Lake Toba",
    "subtitle": "North Sumatra, Indonesia",
    "country": "Indonesia",
    "region": "Southeast Asia & Oceania",
    "category": "landform",
    "category_label": "Landform",
    "location_precision": "exact",
    "coordinate_source": "wikipedia",
    "celestial_body": "earth",
    "latitude": 2.68,
    "longitude": 98.88,
    "radius_km": 0.0,
    "wikipedia_title": "Lake Toba",
    "wikipedia_url": "https://en.wikipedia.org/wiki/Lake_Toba",
    "wikidata_id": "Q183360",
    "claim": "The Toba supereruption of about 74,000 years ago, said to have cut humanity to a few thousand breeding individuals, is presented as the bottleneck that prompted an off-world rescue or a genetic intervention in the survivors.",
    "context": "The eruption is real, one of the largest of the Quaternary, with its ash layer traced across South Asia and into Antarctic and Greenland ice. The severity of its human impact is now substantially downgraded: excavations at Pinnacle Point and in the Middle Awash show populations persisting through the ash horizon, and the genetic bottleneck signal is explicable by ordinary founder effects during dispersal.",
    "summary": "Lake Toba (Indonesian: Danau Toba, Toba Batak: ᯖᯀᯬ ᯖᯬᯅ; romanized: Tao Toba) is a large natural lake in North Sumatra and Indonesia. The lake is the massive caldera of the Toba supervolcano. The lake is located in the middle of the northern part of the island of Sumatra, with a surface elevation of about 900 metres (2,953 ft), and stretches from 2.88°N 98.52°E﻿ / 2.88; 98.52 to 2.35°N 99.1°E﻿ / 2.35; 99.1.",
    "tags": "supervolcano; caldera; genetic-bottleneck; sumatra"
   }
  },
  {
   "type": "Feature",
   "id": "mount-tambora",
   "geometry": {
    "type": "Point",
    "coordinates": [
     118,
     -8.25
    ]
   },
   "properties": {
    "id": "mount-tambora",
    "name": "Mount Tambora",
    "subtitle": "Sumbawa, West Nusa Tenggara, Indonesia",
    "country": "Indonesia",
    "region": "Southeast Asia & Oceania",
    "category": "landform",
    "category_label": "Landform",
    "location_precision": "exact",
    "coordinate_source": "wikipedia",
    "celestial_body": "earth",
    "latitude": -8.25,
    "longitude": 118,
    "radius_km": 0.0,
    "wikipedia_title": "Mount Tambora",
    "wikipedia_url": "https://en.wikipedia.org/wiki/Mount_Tambora",
    "wikidata_id": "Q168714",
    "claim": "The 1815 eruption — the largest in recorded history, which caused the 'year without a summer' and global crop failure — is used to argue that such events have been monitored, and sometimes triggered, from orbit.",
    "context": "Tambora 1815 is the best-documented large eruption in the instrumental and historical record: ship logs, ice-core sulphate spikes, tree-ring suppression and 1816 harvest data converge. The buried settlement of Tambora was excavated in 2004. Its cultural consequences, including the writing of 'Frankenstein' during a sunless Swiss summer, are traceable social history.",
    "summary": "Mount Tambora, or Tomboro, is an active stratovolcano in West Nusa Tenggara, Indonesia. Located on Sumbawa in the Lesser Sunda Islands, volcanism is the result of subduction zones. The 1815 eruption was the largest in recorded history, erupting up to 150 cubic kilometers of volcanic material, making it a VEI-7 on the Volcanic Explosivity Index.",
    "tags": "1815-eruption; year-without-summer; caldera"
   }
  },
  {
   "type": "Feature",
   "id": "nan-madol",
   "geometry": {
    "type": "Point",
    "coordinates": [
     158.332222,
     6.841944
    ]
   },
   "properties": {
    "id": "nan-madol",
    "name": "Nan Madol",
    "subtitle": "Temwen Island, Pohnpei, Federated States of Micronesia",
    "country": "Federated States of Micronesia",
    "region": "Southeast Asia & Oceania",
    "category": "megalithic",
    "category_label": "Megalithic",
    "location_precision": "exact",
    "coordinate_source": "wikipedia",
    "celestial_body": "earth",
    "latitude": 6.841944,
    "longitude": 158.332222,
    "radius_km": 0.0,
    "wikipedia_title": "Nan Madol",
    "wikipedia_url": "https://en.wikipedia.org/wiki/Nan_Madol",
    "wikidata_id": "Q846967",
    "claim": "Ninety-nine artificial islets built from an estimated 750,000 tonnes of columnar basalt — some pieces over 50 tonnes — on a remote Pacific reef, with local tradition saying the stones were flown into place by sorcery, is presented as the clearest case of levitation technology.",
    "context": "The columnar basalt comes from identified quarries on Pohnpei; bamboo rafts and log rollers at high tide are the method indicated by ethnographic accounts and by the reef-flat setting. Construction ran from roughly AD 1180 to 1600 under the Saudeleur dynasty, with radiocarbon dates from islet fill. The oral traditions describing sorcery are recorded Pohnpeian history, and they also name the dynasty, its rulers and its fall.",
    "summary": "Nan Madol is an archaeological site adjacent to the eastern shore of the island of Pohnpei, now part of the Madolenihmw district of Pohnpei state in the Federated States of Micronesia in the western Pacific Ocean. Nan Madol was the capital of the Saudeleur dynasty until about 1628. The city, constructed in a lagoon, consists of a series of small artificial islands linked by a network of canals.",
    "tags": "unesco; basalt; artificial-islets; saudeleur"
   }
  },
  {
   "type": "Feature",
   "id": "tuyen-quang",
   "geometry": {
    "type": "Point",
    "coordinates": [
     105.2142,
     21.8233
    ]
   },
   "properties": {
    "id": "tuyen-quang",
    "name": "Tuyên Quang Province",
    "subtitle": "Northern Vietnam",
    "country": "Vietnam",
    "region": "Southeast Asia & Oceania",
    "category": "ufo",
    "category_label": "UFO Incident",
    "location_precision": "area",
    "coordinate_source": "authored",
    "celestial_body": "earth",
    "latitude": 21.8233,
    "longitude": 105.2142,
    "radius_km": 40.0,
    "wikipedia_title": "Tuyên Quang province",
    "wikipedia_url": "https://en.wikipedia.org/wiki/Tuy%C3%AAn_Quang_province",
    "wikidata_id": "Q2332060",
    "claim": "Cited for reported sightings and claimed physical traces in northern Vietnam's limestone country, offered as part of a dense South-East Asian activity corridor.",
    "context": "Tuyên Quang is a mountainous karst province in the Northeast region. No instrumented or institutionally investigated case from the province appears in the published record; Vietnam has no state UAP investigation comparable to France's GEIPAN or the US AARO.",
    "summary": "Tuyên Quang (Vietnamese: [tʷiə̄n kʷāːŋ]) is a province in the northeastern part of Vietnam, at the centre of Lô River valley, a tributary of the Red River. Its capital is Minh Xuân Ward. The province had a population of 1,865,270 in 2025, with a density of 137 persons per km2 over a total land area of 13,795.50 square kilometres (5,326.47 mi2).",
    "tags": "sighting; karst; vietnam"
   }
  },
  {
   "type": "Feature",
   "id": "kimberley",
   "geometry": {
    "type": "Point",
    "coordinates": [
     126.0,
     -16.5
    ]
   },
   "properties": {
    "id": "kimberley",
    "name": "Kimberley — Wandjina Rock Art",
    "subtitle": "Western Australia",
    "country": "Australia",
    "region": "Southeast Asia & Oceania",
    "category": "geoglyph",
    "category_label": "Geoglyph",
    "location_precision": "area",
    "coordinate_source": "authored",
    "celestial_body": "earth",
    "latitude": -16.5,
    "longitude": 126.0,
    "radius_km": 250.0,
    "wikipedia_title": "Wandjina",
    "wikipedia_url": "https://en.wikipedia.org/wiki/Wandjina",
    "wikidata_id": "Q535154",
    "claim": "Wandjina figures — large pale faces with huge dark eyes, no mouths and radiating halo-like headdresses — are among the series' most frequently shown images, presented as portraits of visitors.",
    "context": "Wandjina are ancestral rain and creation beings of the Worrorra, Ngarinyin and Wunambal peoples, who hold continuing custodial authority over the images and repaint them as a maintenance obligation. The iconography is explained within that living tradition: the halo is storm cloud and lightning, the absent mouth signifies the power of rain held in check. Traditional owners have objected publicly and repeatedly to the extraterrestrial reading.",
    "summary": "The Wandjina, also written Wanjina and Wondjina and also known as Gulingi, are cloud and rain spirits in the beliefs of the Wanjina Wunggurr cultural bloc of Aboriginal Australians, depicted prominently in rock art in northwestern Australia. Some of the artwork in the Kimberley region of Western Australia dates back to approximately 4,000 years ago. Another closely related spirit entity is the creator being Wunngurr, a being analogous to the Rainbow Serpent in other Aboriginal peoples' belief systems, but with a different interpretation.",
    "tags": "rock-art; wandjina; gwion; first-nations"
   }
  },
  {
   "type": "Feature",
   "id": "melanesia-png",
   "geometry": {
    "type": "Point",
    "coordinates": [
     147.0,
     -6.0
    ]
   },
   "properties": {
    "id": "melanesia-png",
    "name": "Melanesia & Papua New Guinea",
    "subtitle": "South-west Pacific (regional)",
    "country": "Papua New Guinea / Melanesia",
    "region": "Southeast Asia & Oceania",
    "category": "region",
    "category_label": "Broad Region",
    "location_precision": "area",
    "coordinate_source": "authored",
    "celestial_body": "earth",
    "latitude": -6.0,
    "longitude": 147.0,
    "radius_km": 900.0,
    "wikipedia_title": "Cargo cult",
    "wikipedia_url": "https://en.wikipedia.org/wiki/Cargo_cult",
    "wikidata_id": "Q22314",
    "claim": "The series inverts the cargo cults as its central analogy: if islanders built runways and effigy aircraft to summon back the Americans who once descended with goods, then ancient temples and ziggurats are the same impulse aimed at earlier visitors.",
    "context": "The analogy is the series' strongest rhetorical move and its clearest logical gap. Cargo cults are documented twentieth-century responses to a contact that demonstrably occurred, with living witnesses, dated wartime airstrips and surviving materiel. Anthropologists also now read them less as misunderstanding than as political movements asserting a claim on wealth. The analogy predicts that ancient contact would leave comparable residue — which is precisely what has not been found.",
    "summary": "Cargo cults are spiritual and political movements that arose among indigenous Melanesians following Western colonisation of the region in the early 20th century. The first documented cargo cults were religious movements that foretold followers would imminently receive an abundance of (often Western) food and goods (the \"cargo\") brought by their ancestors. Cargo cults have a wide diversity of beliefs and practices, but typically (though not universally) include: charismatic prophet figures foretelling a coming cataclysm or utopia for followers (a worldview known as millenarianism); predictions by these prophets of the return of dead ancestors or other powerful beings bringing the cargo; the belief that ancestral spirits were responsible for the creation of the cargo; and the instruction by these prophets to followers to fulfill the prophecy by either reviving ancestral traditions or adopting new rituals, such as ecstatic dancing or imitating the actions of colonists and military personnel, like flag-raising, marching and drilling.",
    "tags": "cargo-cult; john-frum; ethnography"
   }
  },
  {
   "type": "Feature",
   "id": "hawaiian-islands",
   "geometry": {
    "type": "Point",
    "coordinates": [
     -156.3319,
     20.7984
    ]
   },
   "properties": {
    "id": "hawaiian-islands",
    "name": "Hawaiian Islands",
    "subtitle": "Hawaii, United States",
    "country": "United States",
    "region": "Southeast Asia & Oceania",
    "category": "landform",
    "category_label": "Landform",
    "location_precision": "area",
    "coordinate_source": "authored",
    "celestial_body": "earth",
    "latitude": 20.7984,
    "longitude": -156.3319,
    "radius_km": 350.0,
    "wikipedia_title": "Hawaiian Islands",
    "wikipedia_url": "https://en.wikipedia.org/wiki/Hawaiian_Islands",
    "wikidata_id": "Q192626",
    "claim": "Polynesian open-ocean navigation across thousands of kilometres without instruments, plus the Menehune traditions of small beings who built stone works overnight, are presented as transmitted knowledge and as a resident non-human population.",
    "context": "Polynesian wayfinding is a reconstructed and demonstrated human skill: Hōkūle'a's voyages since 1976, navigated by Mau Piailug and successors using star paths, swell patterns and bird behaviour, have crossed the Pacific repeatedly without instruments. The Menehune Ditch and Alekoko fishpond are Hawaiian-built structures; the Menehune tradition is now generally read as referring to an earlier social class or settlement wave.",
    "summary": "The Hawaiian Islands (Hawaiian: Mokupuni Hawaiʻi) are an archipelago of eight major volcanic islands, several atolls, and numerous smaller islets in the North Pacific Ocean, extending some 1,500 miles (2,400 kilometers) from the island of Hawaiʻi in the south to northernmost Kure Atoll. Formerly called the Sandwich Islands, the present name for the archipelago is derived from the name of its largest island, Hawaiʻi.",
    "tags": "hotspot; heiau; navigation; menehune"
   }
  },
  {
   "type": "Feature",
   "id": "haleakala",
   "geometry": {
    "type": "Point",
    "coordinates": [
     -156.2571,
     20.7083
    ]
   },
   "properties": {
    "id": "haleakala",
    "name": "Haleakalā Observatory",
    "subtitle": "Maui, Hawaii, United States",
    "country": "United States",
    "region": "Southeast Asia & Oceania",
    "category": "research",
    "category_label": "Research Centre",
    "location_precision": "exact",
    "coordinate_source": "wikipedia",
    "celestial_body": "earth",
    "latitude": 20.7083,
    "longitude": -156.2571,
    "radius_km": 0.0,
    "wikipedia_title": "Haleakalā Observatory",
    "wikipedia_url": "https://en.wikipedia.org/wiki/Haleakal%C4%81_Observatory",
    "wikidata_id": "Q5641443",
    "claim": "A military and civilian optical complex at 3,055 m — tracking satellites, hosting Pan-STARRS and sitting atop a volcano Hawaiian tradition calls the house of the sun — is presented as a monitoring post for inbound traffic, with its findings withheld.",
    "context": "Haleakalā hosts the Air Force Maui Optical and Supercomputing site and Pan-STARRS, whose near-Earth-object survey is published continuously through the Minor Planet Center and which discovered 1I/ʻOumuamua in 2017. Space-surveillance tracking data on catalogued objects is public via space-track.org. Native Hawaiian concerns about summit development are real, well-articulated and unrelated to the claim.",
    "summary": "The Haleakalā Observatory, also known as the Haleakalā High Altitude Observatory Site, is Hawaii's first astronomical research observatory. It is located on the island of Maui and is owned by the Institute for Astronomy of the University of Hawaiʻi, which operates some of the facilities on the site and leases portions to other organizations. Tenants include the Air Force Research Laboratory (AFRL) and the Las Cumbres Observatory Global Telescope Network (LCOGTN).",
    "tags": "observatory; pan-starrs; space-surveillance; maui"
   }
  },
  {
   "type": "Feature",
   "id": "mauritius",
   "geometry": {
    "type": "Point",
    "coordinates": [
     57.5,
     -20.2
    ]
   },
   "properties": {
    "id": "mauritius",
    "name": "Mauritius",
    "subtitle": "Indian Ocean",
    "country": "Mauritius",
    "region": "Africa",
    "category": "landform",
    "category_label": "Landform",
    "location_precision": "exact",
    "coordinate_source": "wikipedia",
    "celestial_body": "earth",
    "latitude": -20.2,
    "longitude": 57.5,
    "radius_km": 0.0,
    "wikipedia_title": "Mauritius",
    "wikipedia_url": "https://en.wikipedia.org/wiki/Mauritius",
    "wikidata_id": "Q1027",
    "claim": "Three-billion-year-old zircon crystals recovered on a nine-million-year-old volcanic island, reported in 2013 and 2017 as evidence of a drowned continent called Mauritia, are presented as the physical remains of Lemuria.",
    "context": "The zircons are real and the finding is mainstream geology: they indicate a fragment of Archean continental crust stranded beneath Mauritius when Madagascar and India separated, and 'Mauritia' is the geological name for it. It is sunken continental crust tens of kilometres down, not a habitable landmass, and it foundered roughly 84 million years before any hominin existed.",
    "summary": "Mauritius, officially the Republic of Mauritius, is an island country in the Indian Ocean, located about 1,100 nautical miles (2,000 km; 1,300 mi) off the southeastern coast of Africa, east of Madagascar. It includes the main island (also called Mauritius), as well as Rodrigues, Agaléga, and St. Brandon (Cargados Carajos shoals).",
    "tags": "mauritia; zircon; lost-continent; dodo"
   }
  },
  {
   "type": "Feature",
   "id": "serpent-mound",
   "geometry": {
    "type": "Point",
    "coordinates": [
     -83.430833,
     39.026389
    ]
   },
   "properties": {
    "id": "serpent-mound",
    "name": "Great Serpent Mound",
    "subtitle": "Adams County, Ohio, United States",
    "country": "United States",
    "region": "North America",
    "category": "geoglyph",
    "category_label": "Geoglyph",
    "location_precision": "exact",
    "coordinate_source": "wikipedia",
    "celestial_body": "earth",
    "latitude": 39.026389,
    "longitude": -83.430833,
    "radius_km": 0.0,
    "wikipedia_title": "Serpent Mound",
    "wikipedia_url": "https://en.wikipedia.org/wiki/Serpent_Mound",
    "wikidata_id": "Q968802",
    "claim": "A 411 m serpent effigy built on the rim of a cryptoexplosion structure — a site of either meteorite impact or deep gas collapse — with solstice alignments in its coils, is presented as a marker placed on a crash site.",
    "context": "The Serpent Mound Disturbance is a genuine and unusual geological feature, and shocked quartz supports an impact origin some 300 million years ago. The mound itself is attributed to the Fort Ancient culture around AD 1070 on the basis of radiocarbon dates from the embankment, with possible earlier Adena involvement. Serpent imagery is widespread in Mississippian and Fort Ancient iconography.",
    "summary": "The Great Serpent Mound is a 1,348-feet-long (411m), four-feet-high precontact effigy mound located in Peebles, Ohio, United States. It was built on what is known as the Serpent Mound crater plateau, running along the Ohio Brush Creek in Adams County, Ohio. The mound is the largest serpent effigy known in the world.",
    "tags": "effigy-mound; fort-ancient; archaeoastronomy; cryptoexplosion"
   }
  },
  {
   "type": "Feature",
   "id": "big-horn-medicine-wheel",
   "geometry": {
    "type": "Point",
    "coordinates": [
     -107.921667,
     44.826111
    ]
   },
   "properties": {
    "id": "big-horn-medicine-wheel",
    "name": "Bighorn Medicine Wheel",
    "subtitle": "Bighorn National Forest, Wyoming, United States",
    "country": "United States",
    "region": "North America",
    "category": "megalithic",
    "category_label": "Megalithic",
    "location_precision": "exact",
    "coordinate_source": "wikipedia",
    "celestial_body": "earth",
    "latitude": 44.826111,
    "longitude": -107.921667,
    "radius_km": 0.0,
    "wikipedia_title": "Medicine Wheel/Medicine Mountain National Historic Landmark",
    "wikipedia_url": "https://en.wikipedia.org/wiki/Medicine_Wheel%2FMedicine_Mountain_National_Historic_Landmark",
    "wikidata_id": "Q6806755",
    "claim": "A 24 m stone wheel with 28 spokes at 2,940 m, reported to align on the solstice sunrise and on the risings of Aldebaran, Rigel and Sirius, is presented as a precision instrument beyond its builders.",
    "context": "The wheel is roughly 300–800 years old and is one of about 150 medicine wheels on the northern Plains. Jack Eddy's 1974 survey did find plausible stellar alignments, and the heliacal risings concerned are directly observable from the ridge across generations. The site remains in active ceremonial use by Crow, Cheyenne, Arapaho, Shoshone and Lakota people, and is co-managed with those nations.",
    "summary": "The Medicine Wheel/Medicine Mountain National Historic Landmark (Crow: Annáshisee, lit. 'Large campsite'; formerly known as the Bighorn Medicine Wheel) is a medicine wheel located in the Bighorn National Forest, in the U.S. state of Wyoming.",
    "tags": "archaeoastronomy; medicine-wheel; plains; national-landmark"
   }
  },
  {
   "type": "Feature",
   "id": "chaco-canyon",
   "geometry": {
    "type": "Point",
    "coordinates": [
     -107.9559,
     36.0603
    ]
   },
   "properties": {
    "id": "chaco-canyon",
    "name": "Chaco Canyon",
    "subtitle": "San Juan County, New Mexico, United States",
    "country": "United States",
    "region": "North America",
    "category": "city",
    "category_label": "Ancient City",
    "location_precision": "area",
    "coordinate_source": "authored",
    "celestial_body": "earth",
    "latitude": 36.0603,
    "longitude": -107.9559,
    "radius_km": 14.0,
    "wikipedia_title": "Chaco Culture National Historical Park",
    "wikipedia_url": "https://en.wikipedia.org/wiki/Chaco_Culture_National_Historical_Park",
    "wikidata_id": "Q732463",
    "claim": "Great houses of up to 650 rooms, 400 km of engineered roads running dead straight over mesas, buildings aligned to the 18.6-year lunar standstill, and the Fajada Butte 'Sun Dagger' are presented as a surveyed complex built to an off-world plan in a desert that could not feed its builders.",
    "context": "Chaco is one of the most thoroughly investigated archaeological landscapes in North America, with tree-ring dating to the individual year of construction for many rooms — the Chaco sequence runs c. AD 850–1150. Timber was carried from the Chuska and Zuni mountains, traced by strontium isotopes; cacao and macaws document trade with Mesoamerica. The alignments are real and are mainstream archaeoastronomy. Descendant Pueblo, Hopi and Navajo nations maintain continuous cultural connection to the site.",
    "summary": "Chaco Culture National Historical Park is a United States National Historical Park in the American Southwest hosting a large concentration of pre-Columbian indigenous ruins of pueblos. The park is in northwestern New Mexico, between Albuquerque and Farmington, in a remote canyon cut by the Chaco Wash. Containing the most sweeping collection of ancient ruins north of Mexico, the park preserves one of the most important cultural and historical areas in the United States.",
    "tags": "unesco; ancestral-puebloan; archaeoastronomy; great-houses; lunar-standstill"
   }
  },
  {
   "type": "Feature",
   "id": "zuni-pueblo",
   "geometry": {
    "type": "Point",
    "coordinates": [
     -108.872778,
     35.067222
    ]
   },
   "properties": {
    "id": "zuni-pueblo",
    "name": "Zuni Pueblo",
    "subtitle": "McKinley County, New Mexico, United States",
    "country": "United States",
    "region": "North America",
    "category": "sacred",
    "category_label": "Sacred Site",
    "location_precision": "exact",
    "coordinate_source": "wikipedia",
    "celestial_body": "earth",
    "latitude": 35.067222,
    "longitude": -108.872778,
    "radius_km": 0.0,
    "wikipedia_title": "Zuni Pueblo, New Mexico",
    "wikipedia_url": "https://en.wikipedia.org/wiki/Zuni_Pueblo,_New_Mexico",
    "wikidata_id": "Q2241166",
    "claim": "Zuni emergence narratives and kachina traditions are cited — sometimes alongside a claimed Zuni–Japanese linguistic link — as a record of ancestors who came from the sky or from another world.",
    "context": "Zuni is a continuously occupied community with its own living religious institutions, and its oral traditions are the property and responsibility of that community. Zuni is a language isolate; Nancy Yaw Davis's proposed Japanese connection has not been accepted by linguists, who find the correspondences too few and too loose. Emergence narratives are a widespread Pueblo theological form.",
    "summary": "Zuni Pueblo (Zuni: Halona Idiwan’a; lit. 'Middle Place') is a census-designated place (CDP) in McKinley County, New Mexico, United States. The population was 6,176 as of the 2020 Census.",
    "tags": "pueblo; oral-tradition; kachina; emergence"
   }
  },
  {
   "type": "Feature",
   "id": "black-mesa",
   "geometry": {
    "type": "Point",
    "coordinates": [
     -110.3,
     36.5
    ]
   },
   "properties": {
    "id": "black-mesa",
    "name": "Black Mesa",
    "subtitle": "Navajo & Hopi lands, north-eastern Arizona, United States",
    "country": "United States",
    "region": "North America",
    "category": "landform",
    "category_label": "Landform",
    "location_precision": "area",
    "coordinate_source": "authored",
    "celestial_body": "earth",
    "latitude": 36.5,
    "longitude": -110.3,
    "radius_km": 60.0,
    "wikipedia_title": "Black Mesa (Apache-Navajo Counties, Arizona)",
    "wikipedia_url": "https://en.wikipedia.org/wiki/Black_Mesa_(Apache-Navajo_Counties,_Arizona)",
    "wikidata_id": "Q1774742",
    "claim": "Hopi prophecy — the emergence from previous worlds, the Blue Star Kachina, and the Ant People who sheltered the Hopi underground between worlds — is presented as a preserved account of off-world guardians, with Black Mesa as its centre.",
    "context": "Hopi religious knowledge is held by initiated members of specific clans and societies, and Hopi authorities have repeatedly stated that popularised versions of 'Hopi prophecy' — including most published Blue Star material, which traces to non-Hopi authors from the 1950s onward — misrepresent it. The mesa's documented modern history is dominated by the Peabody coal lease, aquifer drawdown and the Navajo–Hopi land dispute.",
    "summary": "Black Mesa (also called Big Mountain) is an upland mountainous mesa of Arizona, north-trending in Navajo County, west and southeast-trending in Apache County. In Navajo it is called Dziłíjiin ('Black Mountain') and during Mexican rule of Arizona it was called Mesa de las Vacas (Spanish for 'mesa of the cows'). It derives its dark appearance from its pinyon-juniper and mixed conifer woodlands.",
    "tags": "hopi; navajo; coal; mesa"
   }
  },
  {
   "type": "Feature",
   "id": "grand-canyon",
   "geometry": {
    "type": "Point",
    "coordinates": [
     -112.1401,
     36.0544
    ]
   },
   "properties": {
    "id": "grand-canyon",
    "name": "Grand Canyon",
    "subtitle": "Coconino County, Arizona, United States",
    "country": "United States",
    "region": "North America",
    "category": "landform",
    "category_label": "Landform",
    "location_precision": "area",
    "coordinate_source": "authored",
    "celestial_body": "earth",
    "latitude": 36.0544,
    "longitude": -112.1401,
    "radius_km": 70.0,
    "wikipedia_title": "Grand Canyon",
    "wikipedia_url": "https://en.wikipedia.org/wiki/Grand_Canyon",
    "wikidata_id": "Q118841",
    "claim": "A 1909 Arizona Gazette story described a Smithsonian expedition finding a vast cavern of Egyptian and Oriental artefacts, mummies and hieroglyphs in the canyon wall — presented as a discovery subsequently buried by the institution.",
    "context": "The Gazette piece names 'S. A. Jordan' and 'G. E. Kinkaid', neither of whom appears in Smithsonian personnel records, and the Smithsonian states it has no record of the expedition. The story ran once, with no follow-up, in a period when the paper carried frequent sensational filler. The canyon's Egyptian-sounding place names — Isis Temple, Tower of Ra — were assigned by surveyor Clarence Dutton in 1882 as a deliberate naming scheme.",
    "summary": "The Grand Canyon is a steep-sided canyon carved by the Colorado River in Arizona, United States. The Grand Canyon is 277 miles (446 km) long, up to 18 miles (29 km) wide and attains a depth of over a mile (6,093 feet or 1,857 meters).",
    "tags": "unesco; colorado-river; 1909-hoax; geology"
   }
  },
  {
   "type": "Feature",
   "id": "flagstaff-san-francisco-peaks",
   "geometry": {
    "type": "Point",
    "coordinates": [
     -111.666667,
     35.333333
    ]
   },
   "properties": {
    "id": "flagstaff-san-francisco-peaks",
    "name": "San Francisco Peaks & Flagstaff",
    "subtitle": "Coconino County, Arizona, United States",
    "country": "United States",
    "region": "North America",
    "category": "research",
    "category_label": "Research Centre",
    "location_precision": "exact",
    "coordinate_source": "wikipedia",
    "celestial_body": "earth",
    "latitude": 35.333333,
    "longitude": -111.666667,
    "radius_km": 0.0,
    "wikipedia_title": "San Francisco Peaks",
    "wikipedia_url": "https://en.wikipedia.org/wiki/San_Francisco_Peaks",
    "wikidata_id": "Q1974825",
    "claim": "A sacred mountain to thirteen tribes, which Hopi tradition names as the home of the kachinas, sitting beside the observatory where Pluto was found and where Percival Lowell mapped Martian 'canals', is presented as a monitored contact point.",
    "context": "The Peaks are an eroded stratovolcano, and their sacred status to Hopi, Navajo, Havasupai, Zuni and others is legally recognised and the subject of sustained litigation over development. Lowell Observatory is a working institution: Clyde Tombaugh found Pluto there in 1930, and Lowell's canals were resolved as an optical artefact of small-aperture visual observing, confirmed by Mariner imaging in 1965.",
    "summary": "The San Francisco Peaks are a volcanic mountain range in north central Arizona, just north of Flagstaff. Part of the San Francisco volcanic field, the Peaks are the remnant of the former San Francisco Mountain, a prehistorically larger single stratovolcano. The highest summit in the range, Humphreys Peak, is the highest point in the state of Arizona at 12,633 feet (3,851 m) in elevation.",
    "tags": "lowell-observatory; sacred-mountain; volcanic; pluto"
   }
  },
  {
   "type": "Feature",
   "id": "mount-shasta",
   "geometry": {
    "type": "Point",
    "coordinates": [
     -122.194888,
     41.409196
    ]
   },
   "properties": {
    "id": "mount-shasta",
    "name": "Mount Shasta",
    "subtitle": "Siskiyou County, California, United States",
    "country": "United States",
    "region": "North America",
    "category": "landform",
    "category_label": "Landform",
    "location_precision": "exact",
    "coordinate_source": "wikipedia",
    "celestial_body": "earth",
    "latitude": 41.409196,
    "longitude": -122.194888,
    "radius_km": 0.0,
    "wikipedia_title": "Mount Shasta",
    "wikipedia_url": "https://en.wikipedia.org/wiki/Mount_Shasta",
    "wikidata_id": "Q748355",
    "claim": "A 4,322 m stratovolcano said to house Telos, a Lemurian city inside the mountain, and to produce lenticular clouds read as cloaked craft — one of North America's densest clusters of contact claims.",
    "context": "Shasta is an active Cascade stratovolcano with four overlapping cones; its lenticular caps are standard orographic clouds formed in the lee of an isolated peak. The Telos tradition begins with Frederick Spencer Oliver's 1894 novel 'A Dweller on Two Planets' and was developed by Guy Ballard's 'I AM' movement from 1930. Geological and geophysical surveys show no cavity system; the mountain is sacred to Winnemem Wintu, Shasta, Modoc and Achumawi peoples.",
    "summary": "Mount Shasta ( SHASS-tə; Shasta: Waka-nunee-Tuki-wuki; Karuk: Úytaahkoo) is a potentially active stratovolcano at the southern end of the Cascade Range in Siskiyou County, California. At an elevation of 14,179 ft (4,322 m), it is the second-highest peak in the Cascades and the fifth-highest in the state. Mount Shasta has an estimated volume of 85 cubic miles (350 cubic kilometers), which makes it the most voluminous stratovolcano in the Cascade Volcanic Arc.",
    "tags": "volcano; lemuria; telos; new-age"
   }
  },
  {
   "type": "Feature",
   "id": "lake-michigan-stones",
   "geometry": {
    "type": "Point",
    "coordinates": [
     -85.55,
     44.95
    ]
   },
   "properties": {
    "id": "lake-michigan-stones",
    "name": "Grand Traverse Bay Stone Alignment",
    "subtitle": "Traverse City, Michigan, United States",
    "country": "United States",
    "region": "North America",
    "category": "underwater",
    "category_label": "Submerged",
    "location_precision": "approximate",
    "coordinate_source": "authored",
    "celestial_body": "earth",
    "latitude": 44.95,
    "longitude": -85.55,
    "radius_km": 0.0,
    "wikipedia_title": "Grand Traverse Bay",
    "wikipedia_url": "https://en.wikipedia.org/wiki/Grand_Traverse_Bay",
    "wikidata_id": "Q5595169",
    "claim": "A line of boulders found in 2007 at about 12 m depth in Grand Traverse Bay, one reportedly carved with a mastodon, is presented as a drowned megalithic alignment from before the lake filled.",
    "context": "Mark Holley, who located the boulders, has consistently described them as probably natural glacial deposits and has cautioned against the 'Stonehenge' framing applied by media. Boulder trains and moraine lines are exactly what retreating ice leaves on the Great Lakes floor. The claimed mastodon carving has not been authenticated; mastodons did inhabit the region and the bay floor was dry land during the low-water Chippewa phase.",
    "summary": "Grand Traverse Bay ( TRAV-ərss) is an arm of Lake Michigan, located along the west coast of the Lower Peninsula of Michigan. The bay is separated from the rest of Lake Michigan by the Leelanau Peninsula. The bay is some 32 miles (51 km) long, ranges from 7 to 10 miles (11 to 16 km) wide, and up to 620 feet (190 m) deep in spots.",
    "tags": "submerged; boulders; glacial; great-lakes"
   }
  },
  {
   "type": "Feature",
   "id": "miami-circle",
   "geometry": {
    "type": "Point",
    "coordinates": [
     -80.188961,
     25.76947
    ]
   },
   "properties": {
    "id": "miami-circle",
    "name": "Miami Circle",
    "subtitle": "Miami, Florida, United States",
    "country": "United States",
    "region": "North America",
    "category": "megalithic",
    "category_label": "Megalithic",
    "location_precision": "exact",
    "coordinate_source": "wikipedia",
    "celestial_body": "earth",
    "latitude": 25.76947,
    "longitude": -80.188961,
    "radius_km": 0.0,
    "wikipedia_title": "Miami Circle",
    "wikipedia_url": "https://en.wikipedia.org/wiki/Miami_Circle",
    "wikidata_id": "Q6827290",
    "claim": "A 12 m ring of basins cut into bedrock at the mouth of the Miami River, discovered in 1998, is presented as an astronomical instrument or a landing marker of unknown authorship.",
    "context": "The circle is a National Historic Landmark attributed to the Tequesta and dated to roughly 2,000 years ago. The 24 basins are read as footings for a substantial circular structure, matching post-hole patterns from other Tequesta sites; associated artefacts include shell tools, pottery and faunal remains. A second partial circle was later found across the river.",
    "summary": "The Miami Circle, also known as The Miami River Circle, Brickell Point, or The Miami Circle at Brickell Point Site, is an archaeological site in Brickell, Miami, Florida. It consists of a perfect circle measuring 38 feet (11.5m) of 600 postmolds that contain 24 holes or basins cut into the limestone bedrock, on a coastal spit of land, surrounded by a large number of other 'minor' holes. It predates other known permanent settlements on the East Coast.",
    "tags": "tequesta; national-landmark; post-holes; florida"
   }
  },
  {
   "type": "Feature",
   "id": "fort-george-island",
   "geometry": {
    "type": "Point",
    "coordinates": [
     -81.4403,
     30.4199
    ]
   },
   "properties": {
    "id": "fort-george-island",
    "name": "Fort George Island",
    "subtitle": "Jacksonville, Florida, United States",
    "country": "United States",
    "region": "North America",
    "category": "city",
    "category_label": "Ancient City",
    "location_precision": "exact",
    "coordinate_source": "wikipedia",
    "celestial_body": "earth",
    "latitude": 30.4199,
    "longitude": -81.4403,
    "radius_km": 0.0,
    "wikipedia_title": "Fort George Island",
    "wikipedia_url": "https://en.wikipedia.org/wiki/Fort_George_Island",
    "wikidata_id": "Q49638371",
    "claim": "Mount Cornelia, one of the highest points on the US Atlantic coast south of New Jersey, and the surrounding shell mounds are presented as artificial earthworks of unknown and possibly non-human origin.",
    "context": "Mount Cornelia is a relict dune with shell-midden capping, and the island holds a long archaeological sequence of Timucua occupation plus the Kingsley Plantation. Shell middens on this coast are accumulated refuse and deliberate mounding by known cultures, excavated and dated across the south-east.",
    "summary": "For the island in James Bay, Canada, see Chisasibi.",
    "tags": "timucua; mount-cornelia; shell-mound; fort-caroline"
   }
  },
  {
   "type": "Feature",
   "id": "green-river-utah",
   "geometry": {
    "type": "Point",
    "coordinates": [
     -110.15,
     38.993333
    ]
   },
   "properties": {
    "id": "green-river-utah",
    "name": "Green River",
    "subtitle": "Emery County, Utah, United States",
    "country": "United States",
    "region": "North America",
    "category": "military",
    "category_label": "Military / Secure",
    "location_precision": "exact",
    "coordinate_source": "wikipedia",
    "celestial_body": "earth",
    "latitude": 38.993333,
    "longitude": -110.15,
    "radius_km": 0.0,
    "wikipedia_title": "Green River, Utah",
    "wikipedia_url": "https://en.wikipedia.org/wiki/Green_River,_Utah",
    "wikidata_id": "Q483364",
    "claim": "The town's decommissioned launch complex, which fired Athena missiles toward White Sands, and the surrounding canyon rock art — including large figures with antennae-like headdresses — are presented as an old and a new use of the same corridor.",
    "context": "The Green River Launch Complex operated from 1964 to 1979 as an Army range extension, and its history is fully declassified. The rock art belongs to the Barrier Canyon style, attributed to Archaic hunter-gatherers and dated broadly to 2000 BC–AD 500; its tall, tapering anthropomorphs are a well-defined regional convention.",
    "summary": "Green River is a city in Emery County, Utah United States. The population was 847 at the 2020 census.",
    "tags": "missile-range; athena; white-sands; rock-art"
   }
  },
  {
   "type": "Feature",
   "id": "utah-monolith",
   "geometry": {
    "type": "Point",
    "coordinates": [
     -109.666194,
     38.343083
    ]
   },
   "properties": {
    "id": "utah-monolith",
    "name": "Utah Monolith Site",
    "subtitle": "Red Rock Country, San Juan County, Utah, United States",
    "country": "United States",
    "region": "North America",
    "category": "artifact",
    "category_label": "Artefact Locus",
    "location_precision": "exact",
    "coordinate_source": "wikipedia",
    "celestial_body": "earth",
    "latitude": 38.343083,
    "longitude": -109.666194,
    "radius_km": 0.0,
    "wikipedia_title": "Utah monolith",
    "wikipedia_url": "https://en.wikipedia.org/wiki/Utah_monolith",
    "wikidata_id": "Q102285438",
    "claim": "A three-metre steel prism found in a remote slot canyon by a wildlife helicopter crew in November 2020, with no road access and no explanation, was widely presented as an artefact of non-human placement — then vanished nine days later.",
    "context": "Satellite imagery dates the installation to between July and October 2016, and it is generally attributed to the artist John McCracken or to someone working in his idiom; McCracken's gallery initially suggested his authorship. A group of men filmed removing it came forward, citing damage from visitor traffic to the canyon. Copycat monoliths subsequently appeared worldwide.",
    "summary": "The Utah monolith was a metal pillar that stood in a slot canyon in northern San Juan County, Utah, United States. The pillar was 9.5 ft (2.9 m) tall and made of metal sheets riveted into a triangular prism. It was unlawfully placed on public land between July and October 2016, where it stood unnoticed for over four years until its discovery and removal in late 2020.",
    "tags": "2020; art-installation; hoax; canyon"
   }
  },
  {
   "type": "Feature",
   "id": "area-51",
   "geometry": {
    "type": "Point",
    "coordinates": [
     -115.8111,
     37.235
    ]
   },
   "properties": {
    "id": "area-51",
    "name": "Groom Lake, Papoose Mountain & S4",
    "subtitle": "Nevada Test and Training Range, Nevada, United States",
    "country": "United States",
    "region": "North America",
    "category": "military",
    "category_label": "Military / Secure",
    "location_precision": "area",
    "coordinate_source": "authored",
    "celestial_body": "earth",
    "latitude": 37.235,
    "longitude": -115.8111,
    "radius_km": 26.0,
    "wikipedia_title": "Area 51",
    "wikipedia_url": "https://en.wikipedia.org/wiki/Area_51",
    "wikidata_id": "Q177397",
    "claim": "The series' signature military site: Bob Lazar's 1989 account of nine recovered craft in hangars at S4 near Papoose Lake, a gravity-wave propulsion system fuelled by element 115, and a reverse-engineering programme hidden inside a classified airfield.",
    "context": "Area 51's existence was officially acknowledged in 2013 with the CIA's declassified OXCART history, which documents its actual purpose: flight testing the U-2, A-12, SR-71, F-117 and later programmes — aircraft whose unfamiliar profiles generated genuine sighting reports. Lazar's claimed credentials from MIT and Caltech have not been substantiated by either institution, and his element-115 predictions were contradicted when the element was actually synthesised at Dubna in 2003.",
    "summary": "Area 51 is a highly classified United States Air Force (USAF) facility within the Nevada Test and Training Range in southern Nevada, 83 miles (134 km) north-northwest of Las Vegas.",
    "tags": "area-51; nts; u2; oxcart; lazar"
   }
  },
  {
   "type": "Feature",
   "id": "archuleta-mesa",
   "geometry": {
    "type": "Point",
    "coordinates": [
     -106.99,
     36.95
    ]
   },
   "properties": {
    "id": "archuleta-mesa",
    "name": "Archuleta Mesa & Dulce",
    "subtitle": "Jicarilla Apache Nation, New Mexico, United States",
    "country": "United States",
    "region": "North America",
    "category": "military",
    "category_label": "Military / Secure",
    "location_precision": "approximate",
    "coordinate_source": "authored",
    "celestial_body": "earth",
    "latitude": 36.95,
    "longitude": -106.99,
    "radius_km": 0.0,
    "wikipedia_title": "Dulce Base",
    "wikipedia_url": "https://en.wikipedia.org/wiki/Dulce_Base",
    "wikidata_id": "Q3447736",
    "claim": "A seven-level joint human–alien laboratory is said to lie inside the mesa above Dulce, with genetic experimentation on its lower floors, tied to the regional cattle-mutilation reports of the 1970s.",
    "context": "The account originates with Paul Bennewitz in the early 1980s. Declassified Air Force Office of Special Investigations records and the testimony of Richard Doty describe a deliberate disinformation effort directed at Bennewitz, who was independently monitoring Kirtland AFB transmissions. The 1979–80 Rommel report, a federally funded investigation by a former FBI agent, attributed New Mexico's mutilations to ordinary scavenging — soft tissue removed by birds and small predators. No excavation, geophysical survey or construction record supports a facility.",
    "summary": "Dulce Base is the subject of a conspiracy theory claiming that a jointly-operated human and alien underground facility exists under Archuleta Mesa near the town of Dulce, New Mexico, in the United States. Claims of alien activity there first arose from Albuquerque businessman Paul Bennewitz.",
    "tags": "dulce-base; cattle-mutilation; jicarilla"
   }
  },
  {
   "type": "Feature",
   "id": "white-sands",
   "geometry": {
    "type": "Point",
    "coordinates": [
     -106.325,
     32.7805
    ]
   },
   "properties": {
    "id": "white-sands",
    "name": "White Sands Proving Ground",
    "subtitle": "Doña Ana County, New Mexico, United States",
    "country": "United States",
    "region": "North America",
    "category": "military",
    "category_label": "Military / Secure",
    "location_precision": "area",
    "coordinate_source": "authored",
    "celestial_body": "earth",
    "latitude": 32.7805,
    "longitude": -106.325,
    "radius_km": 80.0,
    "wikipedia_title": "White Sands Missile Range",
    "wikipedia_url": "https://en.wikipedia.org/wiki/White_Sands_Missile_Range",
    "wikidata_id": "Q1694811",
    "claim": "The range that hosted the Trinity test and the first American V-2 launches is cast as the trigger: the detonation that drew attention, and the site where captured and recovered craft were first flown.",
    "context": "White Sands is extensively documented, including the July 1945 Trinity test and the 1946–52 Hermes V-2 programme, whose telemetry, films and failure reports are archived. Clyde Tombaugh — the discoverer of Pluto — ran the range's optical tracking and did report an anomalous 1949 sighting; he also maintained it was probably an atmospheric phenomenon.",
    "summary": "White Sands Missile Range (WSMR) is a United States Army military testing area and firing range located in the US state of New Mexico. The range was originally established in 1941 as the Alamogordo Bombing and Gunnery Range, where the Trinity test site lay at the northern end of the Range, in Socorro County near the towns of Carrizozo and San Antonio. It then became the White Sands Proving Ground on 9 July 1945.",
    "tags": "trinity; v2; missile-range; 1947"
   }
  },
  {
   "type": "Feature",
   "id": "alamogordo",
   "geometry": {
    "type": "Point",
    "coordinates": [
     -105.974444,
     32.856111
    ]
   },
   "properties": {
    "id": "alamogordo",
    "name": "Alamogordo",
    "subtitle": "Otero County, New Mexico, United States",
    "country": "United States",
    "region": "North America",
    "category": "military",
    "category_label": "Military / Secure",
    "location_precision": "exact",
    "coordinate_source": "wikipedia",
    "celestial_body": "earth",
    "latitude": 32.856111,
    "longitude": -105.974444,
    "radius_km": 0.0,
    "wikipedia_title": "Alamogordo, New Mexico",
    "wikipedia_url": "https://en.wikipedia.org/wiki/Alamogordo,_New_Mexico",
    "wikidata_id": "Q467617",
    "claim": "A 1964 landing at nearby Holloman AFB, said to be captured on film and to show a craft met by Air Force officers, is presented as documented official contact.",
    "context": "The Holloman landing footage traces to the 1974 pseudo-documentary 'UFOs: Past, Present and Future' and to Robert Emenegger, who has stated the sequence was a planned reconstruction he was offered and which never materialised as real footage. Holloman's actual aerospace record — high-altitude balloon programmes, rocket sleds and early biomedical flights — generated many genuine reports.",
    "summary": "Alamogordo is a city in and the county seat of Otero County, New Mexico, United States. A city in the Tularosa Basin of the Chihuahuan Desert, it is bordered on the east by the Sacramento Mountains and to the west by Holloman Air Force Base. The population was 31,384 as of the 2020 census.",
    "tags": "holloman; 1964-film; atomic-age"
   }
  },
  {
   "type": "Feature",
   "id": "roswell",
   "geometry": {
    "type": "MultiPoint",
    "coordinates": [
     [
      -104.523,
      33.3943
     ],
     [
      -105.4583,
      33.9472
     ]
    ]
   },
   "properties": {
    "id": "roswell",
    "name": "Roswell",
    "subtitle": "Chaves County, New Mexico, United States",
    "country": "United States",
    "region": "North America",
    "category": "ufo",
    "category_label": "UFO Incident",
    "location_precision": "exact",
    "coordinate_source": "authored",
    "celestial_body": "earth",
    "latitude": 33.3943,
    "longitude": -104.523,
    "radius_km": 0.0,
    "wikipedia_title": "Roswell incident",
    "wikipedia_url": "https://en.wikipedia.org/wiki/Roswell_incident",
    "wikidata_id": "Q219355",
    "claim": "The founding case: debris recovered from a ranch north-west of Roswell in July 1947, announced by the Roswell Army Air Field as a 'flying disc', then retracted as a weather balloon the next day — with later witnesses describing memory metal, beams with glyphs and bodies.",
    "context": "The Air Force's 1994 and 1997 reports identify the debris as Project Mogul Flight 4, a classified constant-altitude balloon array of neoprene, foil-laminate radar targets and balsa battens — materials that match the first-hand descriptions of foil that would not stay creased and lightweight beams with pinkish-purple floral tape. The secrecy was real and was about nuclear-test acoustic detection. The body accounts entered the record from the late 1970s onward, over thirty years after the event. Two points are mapped here: the town, where the press release was issued, and the Foster Ranch debris field near Corona some 95 km north-west, where the material was found.",
    "summary": "Debris found by a rancher in 1947 near Roswell, New Mexico, has become the basis for UFO conspiracy theories alleging that the United States military recovered a crashed extraterrestrial spacecraft. After metallic and rubber debris was recovered by Roswell Army Air Field personnel, the United States Army Air Forces announced possession of a \"flying disc\". This announcement made international headlines, but was retracted within a day.",
    "tags": "1947; mogul; crash-retrieval; foster-ranch"
   }
  },
  {
   "type": "Feature",
   "id": "offutt-afb",
   "geometry": {
    "type": "Point",
    "coordinates": [
     -95.908611,
     41.119444
    ]
   },
   "properties": {
    "id": "offutt-afb",
    "name": "Offutt Air Force Base",
    "subtitle": "Omaha, Nebraska, United States",
    "country": "United States",
    "region": "North America",
    "category": "military",
    "category_label": "Military / Secure",
    "location_precision": "exact",
    "coordinate_source": "wikipedia",
    "celestial_body": "earth",
    "latitude": 41.119444,
    "longitude": -95.908611,
    "radius_km": 0.0,
    "wikipedia_title": "Offutt Air Force Base",
    "wikipedia_url": "https://en.wikipedia.org/wiki/Offutt_Air_Force_Base",
    "wikidata_id": "Q626985",
    "claim": "The seat of Strategic Air Command and now USSTRATCOM, with its deep underground command centre, is presented as the node that would coordinate a response to contact — and as a site of Cold War sighting reports over nuclear assets.",
    "context": "Offutt's command role is public, and reports of unidentified objects over US nuclear installations are documented in Project Blue Book files and in the 1967 Malmstrom missile-shutdown accounts, which remain contested between witness testimony and the Air Force's electromagnetic-fault explanation. The current US effort is AARO, established in 2022, which publishes annual reports to Congress.",
    "summary": "Offutt Air Force Base (IATA: OFF, ICAO: KOFF, FAA LID: OFF) is a U.S. Air Force base south of Omaha, adjacent to Bellevue in Sarpy County, Nebraska. It is the headquarters of the U.S.",
    "tags": "stratcom; looking-glass; command"
   }
  },
  {
   "type": "Feature",
   "id": "andrews-afb",
   "geometry": {
    "type": "MultiPoint",
    "coordinates": [
     [
      -76.867,
      38.8108
     ],
     [
      -77.0402,
      38.8512
     ]
    ]
   },
   "properties": {
    "id": "andrews-afb",
    "name": "Joint Base Andrews & Washington National",
    "subtitle": "Washington, D.C. area, United States",
    "country": "United States",
    "region": "North America",
    "category": "ufo",
    "category_label": "UFO Incident",
    "location_precision": "exact",
    "coordinate_source": "authored",
    "celestial_body": "earth",
    "latitude": 38.831,
    "longitude": -76.9536,
    "radius_km": 0.0,
    "wikipedia_title": "1952 Washington, D.C., UFO incident",
    "wikipedia_url": "https://en.wikipedia.org/wiki/1952_Washington,_D.C.,_UFO_incident",
    "wikidata_id": "Q2656375",
    "claim": "Over two July weekends in 1952, objects were tracked simultaneously on radar at Washington National, Andrews and Bolling, seen visually by airline and military pilots, and intercepted by F-94s — the best-corroborated radar-visual case in US history, prompting the largest Air Force press conference since the war.",
    "context": "The case is genuine, extensively documented and remains partly unresolved. The Air Force attributed the returns to temperature inversions producing anomalous propagation, which Washington's July conditions support and which was a known radar artefact; Edward Ruppelt, who ran Project Blue Book, considered the explanation incomplete. Capt. Harry Barnes's and the pilots' accounts are on the record and have never been retracted.",
    "summary": "From July 12 to 29, 1952, a series of unidentified flying object (UFO) sightings were reported in Washington, D.C., and later became known as the Washington flap, the Washington National Airport Sightings, or the Invasion of Washington. The most publicized sightings took place on consecutive weekends, July 18–19 and July 26–27. UFO historian Curtis Peebles called the incident \"the climax of the 1952 (UFO) flap\"—\"Never before or after did Project Blue Book and the Air Force undergo such a tidal wave of (UFO) reports.\" This became one of the most known UFO sightings ever.",
    "tags": "1952; radar-visual; project-blue-book; washington-flap"
   }
  },
  {
   "type": "Feature",
   "id": "nasa-ames",
   "geometry": {
    "type": "Point",
    "coordinates": [
     -122.06265,
     37.415229
    ]
   },
   "properties": {
    "id": "nasa-ames",
    "name": "NASA Ames Research Center & Moffett Field",
    "subtitle": "Mountain View, California, United States",
    "country": "United States",
    "region": "North America",
    "category": "research",
    "category_label": "Research Centre",
    "location_precision": "exact",
    "coordinate_source": "wikipedia",
    "celestial_body": "earth",
    "latitude": 37.415229,
    "longitude": -122.06265,
    "radius_km": 0.0,
    "wikipedia_title": "Ames Research Center",
    "wikipedia_url": "https://en.wikipedia.org/wiki/Ames_Research_Center",
    "wikidata_id": "Q181052",
    "claim": "Ames is presented as the public face of a quiet search: it managed the Kepler exoplanet mission, hosts astrobiology work, and sits beside the SETI Institute — with the implication that confirmation has already been reached internally.",
    "context": "Kepler's science is wholly public: its catalogue of several thousand confirmed exoplanets is published and the raw light curves are archived at MAST for anyone to reanalyse. The SETI Institute is a separate non-profit with an open data policy and a published post-detection protocol. Ames also ran NASA's 1970s Project Orion-era and later astrobiology programmes under normal peer review.",
    "summary": "The Ames Research Center (ARC), also known as NASA Ames, is a major NASA research center at Moffett Federal Airfield in California's Silicon Valley. It was founded in 1939 as the second National Advisory Committee for Aeronautics (NACA) laboratory. That agency was dissolved and its assets and personnel transferred to the newly created NASA on October 1, 1958.",
    "tags": "nasa; astrobiology; kepler; seti; wind-tunnel"
   }
  },
  {
   "type": "Feature",
   "id": "huntsville",
   "geometry": {
    "type": "Point",
    "coordinates": [
     -86.672778,
     34.650833
    ]
   },
   "properties": {
    "id": "huntsville",
    "name": "Huntsville — Marshall Space Flight Center",
    "subtitle": "Madison County, Alabama, United States",
    "country": "United States",
    "region": "North America",
    "category": "research",
    "category_label": "Research Centre",
    "location_precision": "exact",
    "coordinate_source": "wikipedia",
    "celestial_body": "earth",
    "latitude": 34.650833,
    "longitude": -86.672778,
    "radius_km": 0.0,
    "wikipedia_title": "Marshall Space Flight Center",
    "wikipedia_url": "https://en.wikipedia.org/wiki/Marshall_Space_Flight_Center",
    "wikidata_id": "Q618696",
    "claim": "Wernher von Braun's team, brought from Peenemünde under Operation Paperclip, built the Saturn V here — presented as German reverse-engineering of recovered technology transplanted into the Apollo programme.",
    "context": "The Saturn V's development is documented to the level of individual component test reports, failure reviews and contractor records across Marshall, Rocketdyne, Boeing and North American. It is a scaled, iterated descendant of the A4 and Redstone, built with 1960s American industrial metallurgy and computing. Paperclip is fully documented, including the deliberate laundering of several scientists' Nazi records — a real scandal, and a different one.",
    "summary": "The Marshall Space Flight Center (officially the George C. Marshall Space Flight Center; MSFC), located in Redstone Arsenal, Alabama (Huntsville postal address), is the U.S. government's civilian rocketry and spacecraft propulsion research center. As the largest NASA center, MSFC's first mission was developing the Saturn launch vehicles for the Apollo program.",
    "tags": "nasa; saturn-v; von-braun; paperclip"
   }
  },
  {
   "type": "Feature",
   "id": "princeton-ias",
   "geometry": {
    "type": "Point",
    "coordinates": [
     -74.667778,
     40.331667
    ]
   },
   "properties": {
    "id": "princeton-ias",
    "name": "Institute for Advanced Study",
    "subtitle": "Princeton, New Jersey, United States",
    "country": "United States",
    "region": "North America",
    "category": "research",
    "category_label": "Research Centre",
    "location_precision": "exact",
    "coordinate_source": "wikipedia",
    "celestial_body": "earth",
    "latitude": 40.331667,
    "longitude": -74.667778,
    "radius_km": 0.0,
    "wikipedia_title": "Institute for Advanced Study",
    "wikipedia_url": "https://en.wikipedia.org/wiki/Institute_for_Advanced_Study",
    "wikidata_id": "Q635642",
    "claim": "Cited for the theoretical physics that would make interstellar travel possible — Einstein–Rosen bridges, warp metrics and the Oppenheimer-era work — implying that the mechanism is known and the application classified.",
    "context": "The Einstein–Rosen paper of 1935 is real and foundational, and traversable-wormhole and Alcubierre-metric solutions do exist within general relativity. Every known version requires exotic matter with negative energy density in quantities with no demonstrated source, and quantum energy conditions constrain it severely. The literature is open and actively published — which is how its difficulties are known.",
    "summary": "The Institute for Advanced Study (IAS) is a center for theoretical research and intellectual inquiry, designed and funded by the U.S. government, the Rockefeller Foundation and the Carnegie Endowment, located in Princeton, New Jersey. It has served as the academic home of internationally preeminent scholars, including Albert Einstein, J. Robert Oppenheimer, Emmy Noether, Hermann Weyl, John von Neumann, Michael Walzer, Clifford Geertz, Freeman Dyson and Kurt Gödel, many of whom had emigrated from Europe to the United States.",
    "tags": "physics; einstein; wormholes; oppenheimer"
   }
  },
  {
   "type": "Feature",
   "id": "penn-state",
   "geometry": {
    "type": "Point",
    "coordinates": [
     -77.86,
     40.798333
    ]
   },
   "properties": {
    "id": "penn-state",
    "name": "Pennsylvania State University",
    "subtitle": "State College, Pennsylvania, United States",
    "country": "United States",
    "region": "North America",
    "category": "research",
    "category_label": "Research Centre",
    "location_precision": "exact",
    "coordinate_source": "wikipedia",
    "celestial_body": "earth",
    "latitude": 40.798333,
    "longitude": -77.86,
    "radius_km": 0.0,
    "wikipedia_title": "Pennsylvania State University",
    "wikipedia_url": "https://en.wikipedia.org/wiki/Pennsylvania_State_University",
    "wikidata_id": "Q739627",
    "claim": "Appears as an interview location, with its exoplanet and technosignature researchers cited to support the likelihood of detectable extraterrestrial civilisations.",
    "context": "Penn State's Center for Exoplanets and Habitable Worlds does lead genuine technosignature work, including Jason Wright's programme and the Breakthrough Listen analyses. That research is explicitly a search: its published results to date are non-detections and upper limits, which is the opposite of the inference drawn from its existence.",
    "summary": "The Pennsylvania State University (Penn State or PSU) is a public state-related land-grant research university with campuses and facilities throughout Pennsylvania, United States. Founded in 1855 as the Farmers' High School of Pennsylvania, Penn State was named the state's first land-grant university eight years later. Its primary campus, known as Penn State University Park, is located in State College and College Township in Centre County.",
    "tags": "academia; technosignatures; exoplanets"
   }
  },
  {
   "type": "Feature",
   "id": "uc-irvine",
   "geometry": {
    "type": "Point",
    "coordinates": [
     -117.8425,
     33.645556
    ]
   },
   "properties": {
    "id": "uc-irvine",
    "name": "University of California, Irvine",
    "subtitle": "Irvine, California, United States",
    "country": "United States",
    "region": "North America",
    "category": "research",
    "category_label": "Research Centre",
    "location_precision": "exact",
    "coordinate_source": "wikipedia",
    "celestial_body": "earth",
    "latitude": 33.645556,
    "longitude": -117.8425,
    "radius_km": 0.0,
    "wikipedia_title": "University of California, Irvine",
    "wikipedia_url": "https://en.wikipedia.org/wiki/University_of_California,_Irvine",
    "wikidata_id": "Q868421",
    "claim": "Cited as an interview venue for physical-science commentary used to frame propulsion and materials questions in the series.",
    "context": "UC Irvine's relevant distinction is Frederick Reines's Nobel-winning neutrino detection and Sherwood Rowland's ozone work — both examples of a difficult claim being established through instrumented, replicated measurement, the standard the series' central propositions have not met.",
    "summary": "The University of California, Irvine (UCI or UC Irvine) is a public land-grant research university in Irvine, California, United States. One of the ten campuses of the University of California system, UCI offers 87 undergraduate degrees and 129 graduate and professional degrees, and roughly 30,000 undergraduates and 7,000 graduate students were enrolled at UCI as of Fall 2024. The university is classified among \"R1: Doctoral Universities – Very high research activity\" and had $609.6 million in research and development expenditures in 2023, ranking it 56th nationally.",
    "tags": "academia; neutrinos; chemistry"
   }
  },
  {
   "type": "Feature",
   "id": "ohio-state",
   "geometry": {
    "type": "Point",
    "coordinates": [
     -83.0305,
     40.0067
    ]
   },
   "properties": {
    "id": "ohio-state",
    "name": "Ohio State University",
    "subtitle": "Columbus, Ohio, United States",
    "country": "United States",
    "region": "North America",
    "category": "research",
    "category_label": "Research Centre",
    "location_precision": "exact",
    "coordinate_source": "authored",
    "celestial_body": "earth",
    "latitude": 40.0067,
    "longitude": -83.0305,
    "radius_km": 0.0,
    "wikipedia_title": "Wow! signal",
    "wikipedia_url": "https://en.wikipedia.org/wiki/Wow!_signal",
    "wikidata_id": "Q33297",
    "claim": "The 'Wow!' signal — a 72-second narrowband burst at 1420 MHz recorded by Ohio State's Big Ear telescope on 15 August 1977, never repeated — is presented as a detected transmission.",
    "context": "The signal is real and remains unexplained, and it is the strongest candidate SETI has produced. It is also non-reproducible: Big Ear's twin-feed design should have seen it twice and recorded it once, and no subsequent search of that sky position has recovered it. Proposed natural and terrestrial explanations include a scintillating background source, a comet's hydrogen cloud and satellite interference, none established.",
    "summary": "The Wow! signal was a strong narrowband radio signal detected on August 15, 1977, by Ohio State University's Big Ear radio telescope in the United States, then used to support the search for extraterrestrial intelligence. The signal appeared to come from the direction of the constellation Sagittarius and bore expected hallmarks of extraterrestrial origin.",
    "tags": "big-ear; wow-signal; radio-astronomy"
   }
  },
  {
   "type": "Feature",
   "id": "aurora-texas",
   "geometry": {
    "type": "Point",
    "coordinates": [
     -97.5058,
     33.0576
    ]
   },
   "properties": {
    "id": "aurora-texas",
    "name": "Aurora",
    "subtitle": "Wise County, Texas, United States",
    "country": "United States",
    "region": "North America",
    "category": "ufo",
    "category_label": "UFO Incident",
    "location_precision": "exact",
    "coordinate_source": "authored",
    "celestial_body": "earth",
    "latitude": 33.0576,
    "longitude": -97.5058,
    "radius_km": 0.0,
    "wikipedia_title": "Aurora, Texas, UFO incident",
    "wikipedia_url": "https://en.wikipedia.org/wiki/Aurora,_Texas,_UFO_incident",
    "wikidata_id": "Q2420196",
    "claim": "An 1897 Dallas Morning News report described an airship striking a windmill in Aurora, scattering unknown metal and killing a pilot said to be buried in the town cemetery — presented as the earliest American crash retrieval.",
    "context": "The story belongs to the 1896–97 mystery-airship wave, a well-studied newspaper phenomenon in which hundreds of papers competed with invented sightings during a period of real, publicised dirigible experimentation. Aurora residents interviewed in the 1970s, including Etta Pegues, identified the author S. E. Haydon as a known local jokester and said the windmill never existed. The cemetery's unmarked grave has produced no remains; a 1973 metal-detector hit was later attributed to buried debris.",
    "summary": "The Aurora, Texas, UFO incident reportedly occurred on April 17, 1897, when, according to locals, a UFO crashed on a farm near Aurora, Texas. The incident, similar to the more famous Roswell UFO incident 50 years later, is claimed to have resulted in the fatality of the pilot. The pilot was \"not of this world\" and was said to be an alien.",
    "tags": "1897; airship-wave; grave; hoax"
   }
  },
  {
   "type": "Feature",
   "id": "stephenville-texas",
   "geometry": {
    "type": "Point",
    "coordinates": [
     -98.2375,
     32.209722
    ]
   },
   "properties": {
    "id": "stephenville-texas",
    "name": "Stephenville",
    "subtitle": "Erath County, Texas, United States",
    "country": "United States",
    "region": "North America",
    "category": "ufo",
    "category_label": "UFO Incident",
    "location_precision": "exact",
    "coordinate_source": "wikipedia",
    "celestial_body": "earth",
    "latitude": 32.209722,
    "longitude": -98.2375,
    "radius_km": 0.0,
    "wikipedia_title": "Stephenville, Texas",
    "wikipedia_url": "https://en.wikipedia.org/wiki/Stephenville,_Texas",
    "wikidata_id": "Q981525",
    "claim": "In January 2008 dozens of witnesses around Stephenville reported a silent object around a mile wide with F-16s in pursuit; FAA radar data obtained under FOIA was said to show an uncorrelated target tracking toward President Bush's Crawford ranch.",
    "context": "The witness volume and the FOIA radar release are real and make this one of the better-documented recent US cases. The Air Force initially denied, then confirmed, that ten F-16s from the 457th Fighter Squadron were conducting training in the airspace that evening — a reversal that drove much of the suspicion. Analysts disagree over whether the uncorrelated returns represent a discrete object or transponder-off traffic and radar artefacts.",
    "summary": "Stephenville is a city in and the county seat of Erath County, Texas, United States. It sits on the North Bosque River, which rises nearby. Founded in 1854, it is home to Tarleton State University.",
    "tags": "2008; radar; mufon; f16"
   }
  },
  {
   "type": "Feature",
   "id": "el-paso-texas",
   "geometry": {
    "type": "Point",
    "coordinates": [
     -106.488611,
     31.759167
    ]
   },
   "properties": {
    "id": "el-paso-texas",
    "name": "El Paso",
    "subtitle": "El Paso County, Texas, United States",
    "country": "United States",
    "region": "North America",
    "category": "ufo",
    "category_label": "UFO Incident",
    "location_precision": "exact",
    "coordinate_source": "wikipedia",
    "celestial_body": "earth",
    "latitude": 31.759167,
    "longitude": -106.488611,
    "radius_km": 0.0,
    "wikipedia_title": "El Paso, Texas",
    "wikipedia_url": "https://en.wikipedia.org/wiki/El_Paso,_Texas",
    "wikidata_id": "Q16562",
    "claim": "Referenced for sightings along the Fort Bliss and White Sands corridor, where the series argues post-war weapons testing and reported activity overlap most densely.",
    "context": "El Paso adjoins Fort Bliss and the White Sands complex, among the most intensively used military airspace on Earth. Project Blue Book's own statistics attributed the large majority of its 12,618 cases to aircraft, balloons, astronomical objects and other identified causes, with 701 left unidentified — mostly for lack of data rather than anomalous content.",
    "summary": "El Paso (English: ; Spanish: [el ˈpaso] , lit. 'the route' or 'the pass') is a city in and the county seat of El Paso County, Texas, United States. It is the 23rd-most populous city in the U.S., sixth-most populous city in Texas, and the most populous city in West Texas with a population of 678,815 at the 2020 census.",
    "tags": "border; fort-bliss; sighting"
   }
  },
  {
   "type": "Feature",
   "id": "hill-abduction",
   "geometry": {
    "type": "Point",
    "coordinates": [
     -71.68,
     44.1
    ]
   },
   "properties": {
    "id": "hill-abduction",
    "name": "Betty & Barney Hill Encounter Site",
    "subtitle": "Franconia Notch, New Hampshire, United States",
    "country": "United States",
    "region": "North America",
    "category": "ufo",
    "category_label": "UFO Incident",
    "location_precision": "approximate",
    "coordinate_source": "authored",
    "celestial_body": "earth",
    "latitude": 44.1,
    "longitude": -71.68,
    "radius_km": 0.0,
    "wikipedia_title": "Barney and Betty Hill incident",
    "wikipedia_url": "https://en.wikipedia.org/wiki/Barney_and_Betty_Hill_incident",
    "wikidata_id": "Q850529",
    "claim": "The template for the abduction narrative: on 19 September 1961 the Hills reported a craft near Lincoln, two hours of missing time, and — under later hypnosis — an onboard examination, with Betty's recalled star map matched by Marjorie Fish to Zeta Reticuli.",
    "context": "The case's cultural importance is beyond dispute; it established most elements of the modern abduction script. The hypnotist, Benjamin Simon, concluded the recovered material was a shared fantasy rather than recall, and hypnosis is now known to generate confident false memories. The Fish map correlation was undermined by later Hipparcos parallax data, which revised several of the stars' distances and broke the pattern. Barney's initial description also closely tracked a widely broadcast television episode aired twelve days earlier.",
    "summary": "Barney and Betty Hill were an American couple and civil rights activists who claimed they were abducted by extraterrestrials in a rural portion of the state of New Hampshire from September 19 to 20, 1961. The incident came to be called the \"Hill Abduction\" and the \"Zeta Reticuli Incident\" because two ufologists connected the star map allegedly shown to Betty Hill with the Zeta Reticuli system. Their story was adapted into the best-selling 1966 book The Interrupted Journey and NBC's 1975 television film The UFO Incident.",
    "tags": "1961; abduction; hypnosis; star-map"
   }
  },
  {
   "type": "Feature",
   "id": "montauk-plum-island",
   "geometry": {
    "type": "MultiPoint",
    "coordinates": [
     [
      -71.9545,
      41.0359
     ],
     [
      -72.1833,
      41.1833
     ]
    ]
   },
   "properties": {
    "id": "montauk-plum-island",
    "name": "Montauk & Plum Island",
    "subtitle": "Suffolk County, New York, United States",
    "country": "United States",
    "region": "North America",
    "category": "military",
    "category_label": "Military / Secure",
    "location_precision": "exact",
    "coordinate_source": "authored",
    "celestial_body": "earth",
    "latitude": 41.08,
    "longitude": -72.05,
    "radius_km": 0.0,
    "wikipedia_title": "Montauk Project",
    "wikipedia_url": "https://en.wikipedia.org/wiki/Montauk_Project",
    "wikidata_id": "Q1945647",
    "claim": "The Montauk Project: time travel, mind control and contact experiments said to have continued at Camp Hero beneath a decommissioned radar station, with the Plum Island animal-disease laboratory nearby cast as its biological arm.",
    "context": "Camp Hero is a real former Air Force station whose SAGE AN/FPS-35 radar tower still stands and is now a state park. The Montauk narrative originates with Preston Nichols's 1992 book, built on recovered-memory claims and continuous with the Philadelphia Experiment legend, itself traceable to Carl Allen's letters to Morris Jessup. Plum Island is a USDA foreign-animal-disease facility whose mission, inspections and biosafety record are public and regularly audited.",
    "summary": "The Montauk Project is a conspiracy theory that alleges there were a series of United States government projects conducted at Camp Hero or Montauk Air Force Station in Montauk, New York, for the purpose of developing psychological warfare techniques and exotic research including time travel. The story of the Montauk Project originated in the Montauk Project series of books by Preston Nichols which intermixes those stories with stories about the Bulgarian Experiment.",
    "tags": "camp-hero; montauk-project; animal-disease-center; sage-radar"
   }
  },
  {
   "type": "Feature",
   "id": "new-york-city",
   "geometry": {
    "type": "Point",
    "coordinates": [
     -74.0061,
     40.7128
    ]
   },
   "properties": {
    "id": "new-york-city",
    "name": "New York City",
    "subtitle": "New York, United States",
    "country": "United States",
    "region": "North America",
    "category": "artifact",
    "category_label": "Artefact Locus",
    "location_precision": "exact",
    "coordinate_source": "wikipedia",
    "celestial_body": "earth",
    "latitude": 40.7128,
    "longitude": -74.0061,
    "radius_km": 0.0,
    "wikipedia_title": "New York City",
    "wikipedia_url": "https://en.wikipedia.org/wiki/New_York_City",
    "wikidata_id": "Q60",
    "claim": "Appears for the antiquities trade: Rockefeller Center and the Christie's salerooms as the point where artefacts the series considers anomalous — Egyptian, Mesopotamian and Mesoamerican — pass into private hands and out of study.",
    "context": "The concern about objects leaving the scholarly record is legitimate and widely shared by archaeologists, though for ordinary reasons: unprovenanced sales destroy context, launder looted material and have funded armed groups. Both major houses now publish provenance research, and repatriations from US collections to Egypt, Iraq and Italy are frequent and documented. Nothing in the trade record involves anomalous material.",
    "summary": "New York, often called New York City (NYC), is the most populous city in the United States. It is located at the southern tip of New York State on New York Harbor, one of the world's largest natural harbors. The city comprises five boroughs—Manhattan, Brooklyn, Queens, the Bronx, and Staten Island—each being coextensive with its respective county.",
    "tags": "rockefeller-center; christies; auction; collections"
   }
  },
  {
   "type": "Feature",
   "id": "boston",
   "geometry": {
    "type": "Point",
    "coordinates": [
     -71.057778,
     42.360278
    ]
   },
   "properties": {
    "id": "boston",
    "name": "Boston",
    "subtitle": "Suffolk County, Massachusetts, United States",
    "country": "United States",
    "region": "North America",
    "category": "research",
    "category_label": "Research Centre",
    "location_precision": "exact",
    "coordinate_source": "wikipedia",
    "celestial_body": "earth",
    "latitude": 42.360278,
    "longitude": -71.057778,
    "radius_km": 0.0,
    "wikipedia_title": "Boston",
    "wikipedia_url": "https://en.wikipedia.org/wiki/Boston",
    "wikidata_id": "Q100",
    "claim": "Used as a hub for academic interviews, and tied to the Harvard psychiatrist John Mack, whose clinical work with people reporting abduction experiences is presented as institutional validation.",
    "context": "John Mack's work was real, and Harvard's 1994–95 inquiry into it concluded with his academic freedom affirmed and no finding of misconduct — while explicitly not endorsing his conclusions. Mack himself consistently framed his interest as the experiencers' psychological reality rather than a physical claim. Sleep paralysis with hypnopompic hallucination is the best-characterised mechanism for the core experience.",
    "summary": "Boston ( BAW-stən, ) is the capital and most populous city of the U.S. state of Massachusetts. It serves as a cultural and financial center of New England, a region of the Northeastern United States. Boston has an area of 48.4 square miles (125 km2) and a population of 675,647 as of the 2020 census, making it the third-most populous city in the Northeastern United States after New York City and Philadelphia.",
    "tags": "academia; harvard; mit; interviews"
   }
  },
  {
   "type": "Feature",
   "id": "roxbury-massachusetts",
   "geometry": {
    "type": "Point",
    "coordinates": [
     -71.095278,
     42.325
    ]
   },
   "properties": {
    "id": "roxbury-massachusetts",
    "name": "Roxbury",
    "subtitle": "Boston, Massachusetts, United States",
    "country": "United States",
    "region": "North America",
    "category": "ufo",
    "category_label": "UFO Incident",
    "location_precision": "exact",
    "coordinate_source": "wikipedia",
    "celestial_body": "earth",
    "latitude": 42.325,
    "longitude": -71.095278,
    "radius_km": 0.0,
    "wikipedia_title": "Roxbury, Boston",
    "wikipedia_url": "https://en.wikipedia.org/wiki/Roxbury,_Boston",
    "wikidata_id": "Q20138",
    "claim": "Cited among urban sighting reports in the Boston area, used to argue that activity is not confined to remote sites.",
    "context": "The specific case the series references is not identifiable in the published sighting catalogues, so this entry marks the locality rather than a documented event. Dense urban reporting is expected: more observers, more aircraft on approach to Logan, and far more camera phones than in rural areas.",
    "summary": "Roxbury is a neighborhood in Boston, Massachusetts, United States.",
    "tags": "sighting; urban"
   }
  },
  {
   "type": "Feature",
   "id": "bridgewater-triangle",
   "geometry": {
    "type": "Point",
    "coordinates": [
     -71.05,
     41.98
    ]
   },
   "properties": {
    "id": "bridgewater-triangle",
    "name": "Bridgewater Triangle & Hockomock Swamp",
    "subtitle": "South-eastern Massachusetts, United States",
    "country": "United States",
    "region": "North America",
    "category": "anomaly",
    "category_label": "Anomaly Zone",
    "location_precision": "area",
    "coordinate_source": "authored",
    "celestial_body": "earth",
    "latitude": 41.98,
    "longitude": -71.05,
    "radius_km": 30.0,
    "wikipedia_title": "Bridgewater Triangle",
    "wikipedia_url": "https://en.wikipedia.org/wiki/Bridgewater_Triangle",
    "wikidata_id": "Q630172",
    "claim": "A roughly 500 km² area of south-eastern Massachusetts said to concentrate UFO sightings, thunderbirds, Bigfoot reports, poltergeists and ritual sites — a terrestrial Bermuda Triangle named by cryptozoologist Loren Coleman in 1970.",
    "context": "The 'triangle' is a modern framing drawn around a pre-existing folkloric landscape; Hockomock itself is a Wampanoag name often rendered 'place where spirits dwell'. The core is a large, genuinely difficult wetland that was a refuge during King Philip's War, which seeded centuries of local legend. No category of report here exceeds the regional baseline once population and reporting activity are accounted for.",
    "summary": "The Bridgewater Triangle is an area of about 200 square miles (520 km2) within southeastern Massachusetts in the United States, claimed to be a site of alleged paranormal phenomena, ranging from UFOs to poltergeists, and other spectral phenomena, various bigfoot-like sightings, giant snakes and thunderbirds. The term was coined by New England-based cryptozoologist Loren Coleman.",
    "tags": "hockomock; folklore; wampanoag; cryptid"
   }
  },
  {
   "type": "Feature",
   "id": "canton-new-york",
   "geometry": {
    "type": "Point",
    "coordinates": [
     -75.171111,
     44.5975
    ]
   },
   "properties": {
    "id": "canton-new-york",
    "name": "Canton",
    "subtitle": "St. Lawrence County, New York, United States",
    "country": "United States",
    "region": "North America",
    "category": "ufo",
    "category_label": "UFO Incident",
    "location_precision": "exact",
    "coordinate_source": "wikipedia",
    "celestial_body": "earth",
    "latitude": 44.5975,
    "longitude": -75.171111,
    "radius_km": 0.0,
    "wikipedia_title": "Canton, New York",
    "wikipedia_url": "https://en.wikipedia.org/wiki/Canton,_New_York",
    "wikidata_id": "Q5033871",
    "claim": "Referenced among North Country encounter reports along the St. Lawrence corridor near the Canadian border.",
    "context": "As with several small-town references in the series, no institutionally investigated case from this locality appears in the public record, so the entry marks the place rather than an event. The corridor carries heavy cross-border air traffic and sits under the aurora's southern reach, both routine sources of misidentification.",
    "summary": "Canton is an incorporated town in St. Lawrence County, New York, United States. The population was 11,638 at the time of the 2020 census.",
    "tags": "sighting; north-country; rural"
   }
  },
  {
   "type": "Feature",
   "id": "danville-illinois",
   "geometry": {
    "type": "Point",
    "coordinates": [
     -87.63,
     40.124444
    ]
   },
   "properties": {
    "id": "danville-illinois",
    "name": "Danville",
    "subtitle": "Vermilion County, Illinois, United States",
    "country": "United States",
    "region": "North America",
    "category": "ufo",
    "category_label": "UFO Incident",
    "location_precision": "exact",
    "coordinate_source": "wikipedia",
    "celestial_body": "earth",
    "latitude": 40.124444,
    "longitude": -87.63,
    "radius_km": 0.0,
    "wikipedia_title": "Danville, Illinois",
    "wikipedia_url": "https://en.wikipedia.org/wiki/Danville,_Illinois",
    "wikidata_id": "Q577334",
    "claim": "Cited among midwestern sighting reports, in the broader context of the 2000 Illinois triangle wave over the Mississippi valley.",
    "context": "The well-documented Illinois case is the 5 January 2000 Highland and Lebanon event, in which police officers in five towns independently reported a large triangular object and the dispatch tapes survive — a different part of the state. No comparably documented Danville case is in the record.",
    "summary": "Danville is a city in Vermilion County, Illinois, United States, and its county seat. The population was 29,204 as of the 2020 census. It is the principal city of the Danville micropolitan area.",
    "tags": "sighting; midwest; illinois"
   }
  },
  {
   "type": "Feature",
   "id": "barron-wisconsin",
   "geometry": {
    "type": "Point",
    "coordinates": [
     -91.848056,
     45.400556
    ]
   },
   "properties": {
    "id": "barron-wisconsin",
    "name": "Barron",
    "subtitle": "Barron County, Wisconsin, United States",
    "country": "United States",
    "region": "North America",
    "category": "ufo",
    "category_label": "UFO Incident",
    "location_precision": "exact",
    "coordinate_source": "wikipedia",
    "celestial_body": "earth",
    "latitude": 45.400556,
    "longitude": -91.848056,
    "radius_km": 0.0,
    "wikipedia_title": "Barron, Wisconsin",
    "wikipedia_url": "https://en.wikipedia.org/wiki/Barron,_Wisconsin",
    "wikidata_id": "Q808975",
    "claim": "Referenced among upper-midwestern encounter reports in the farm country of north-western Wisconsin.",
    "context": "No investigated case from this locality appears in the published catalogues, so this entry marks the place. Wisconsin's best-documented episode is the 1961 Eagle River 'pancake' contactee account of Joe Simonton, which Project Blue Book examined and attributed to a hoax or a sincere misperception.",
    "summary": "Barron is a city in and the county seat of Barron County, Wisconsin, United States. The population was 3,733 at the 2020 census. The city is surrounded by the Town of Barron.",
    "tags": "sighting; upper-midwest; wisconsin"
   }
  },
  {
   "type": "Feature",
   "id": "laingsburg-michigan",
   "geometry": {
    "type": "Point",
    "coordinates": [
     -84.35,
     42.890556
    ]
   },
   "properties": {
    "id": "laingsburg-michigan",
    "name": "Laingsburg",
    "subtitle": "Shiawassee County, Michigan, United States",
    "country": "United States",
    "region": "North America",
    "category": "ufo",
    "category_label": "UFO Incident",
    "location_precision": "exact",
    "coordinate_source": "wikipedia",
    "celestial_body": "earth",
    "latitude": 42.890556,
    "longitude": -84.35,
    "radius_km": 0.0,
    "wikipedia_title": "Laingsburg, Michigan",
    "wikipedia_url": "https://en.wikipedia.org/wiki/Laingsburg,_Michigan",
    "wikidata_id": "Q2332280",
    "claim": "Cited within Michigan's sighting record, the state whose 1966 wave prompted the Air Force consultant J. Allen Hynek to offer the 'swamp gas' explanation that discredited official investigation and turned him into its sharpest critic.",
    "context": "The March 1966 Dexter–Hillsdale sightings and Hynek's press conference are well documented, as is the backlash: the episode contributed directly to Congressional hearings and to the commissioning of the Condon Report. Hynek later founded CUFOS and argued publicly that Blue Book had been inadequately resourced. No specific Laingsburg case is in the record.",
    "summary": "Laingsburg (LANGS-burg) is a city in Shiawassee County in the U.S. state of Michigan. The population was 1,424 at the 2020 census.",
    "tags": "sighting; 1966-michigan-wave; swamp-gas"
   }
  },
  {
   "type": "Feature",
   "id": "west-virginia",
   "geometry": {
    "type": "Point",
    "coordinates": [
     -82.1371,
     38.8454
    ]
   },
   "properties": {
    "id": "west-virginia",
    "name": "West Virginia — Point Pleasant",
    "subtitle": "Mason County, West Virginia, United States",
    "country": "United States",
    "region": "North America",
    "category": "anomaly",
    "category_label": "Anomaly Zone",
    "location_precision": "exact",
    "coordinate_source": "authored",
    "celestial_body": "earth",
    "latitude": 38.8454,
    "longitude": -82.1371,
    "radius_km": 0.0,
    "wikipedia_title": "Mothman",
    "wikipedia_url": "https://en.wikipedia.org/wiki/Mothman",
    "wikidata_id": "Q746248",
    "claim": "Thirteen months of Mothman reports around Point Pleasant in 1966–67 — a winged figure with red eyes, seen near the abandoned TNT area — culminating in the Silver Bridge collapse that killed 46 people, are presented as a warning from a non-human observer.",
    "context": "The sightings are genuinely documented in contemporary newspapers, and the bridge collapse of 15 December 1967 is separately and fully explained: the NTSB traced it to a single cleavage fracture in an eyebar from stress-corrosion cracking, in a design with no redundancy. The sandhill crane — tall, red-faced, well outside its usual range — has been proposed for the figure. The Mothman narrative as popularly known derives largely from John Keel's 1975 book.",
    "summary": "In American folklore, Mothman is the name given to a humanoid cryptid that was reportedly seen around Point Pleasant, West Virginia, from November 15, 1966, to December 15, 1967. Despite its name, the original sightings of the creature described avian, not lepidopteran, features. The first newspaper report was published in the Point Pleasant Register, dated November 16, 1966, titled \"Couples See Man-Sized Bird ...",
    "tags": "mothman; 1967; silver-bridge; folklore"
   }
  },
  {
   "type": "Feature",
   "id": "mount-washington",
   "geometry": {
    "type": "Point",
    "coordinates": [
     -71.30325,
     44.2705
    ]
   },
   "properties": {
    "id": "mount-washington",
    "name": "Mount Washington",
    "subtitle": "Coös County, New Hampshire, United States",
    "country": "United States",
    "region": "North America",
    "category": "landform",
    "category_label": "Landform",
    "location_precision": "exact",
    "coordinate_source": "wikipedia",
    "celestial_body": "earth",
    "latitude": 44.2705,
    "longitude": -71.30325,
    "radius_km": 0.0,
    "wikipedia_title": "Mount Washington",
    "wikipedia_url": "https://en.wikipedia.org/wiki/Mount_Washington",
    "wikidata_id": "Q572801",
    "claim": "The Northeast's highest summit — holder for decades of the fastest surface wind ever directly measured, and visible from the Hill encounter route — is tied to the region's sighting cluster and to claims of a monitoring presence.",
    "context": "The 231 mph gust of 12 April 1934 is a real instrumented record, and the mountain's notorious weather comes from the collision of three storm tracks over an isolated high summit. The observatory has operated continuously since 1932 and publishes its data. The Presidential Range is sacred to Abenaki tradition.",
    "summary": "Mount Washington (Abenaki: Agiocochook) is an ultra-prominent mountain in the state of New Hampshire. It is the highest peak in the Northeastern United States at 6,288.2 ft (1,916.6 m) and the most topographically prominent mountain east of the Mississippi River.",
    "tags": "extreme-weather; observatory; presidential-range"
   }
  },
  {
   "type": "Feature",
   "id": "mount-rainier",
   "geometry": {
    "type": "Point",
    "coordinates": [
     -121.7603,
     46.8523
    ]
   },
   "properties": {
    "id": "mount-rainier",
    "name": "Mount Rainier",
    "subtitle": "Pierce County, Washington, United States",
    "country": "United States",
    "region": "North America",
    "category": "ufo",
    "category_label": "UFO Incident",
    "location_precision": "exact",
    "coordinate_source": "authored",
    "celestial_body": "earth",
    "latitude": 46.8523,
    "longitude": -121.7603,
    "radius_km": 0.0,
    "wikipedia_title": "Kenneth Arnold UFO sighting",
    "wikipedia_url": "https://en.wikipedia.org/wiki/Kenneth_Arnold_UFO_sighting",
    "wikidata_id": "Q4424090",
    "claim": "On 24 June 1947 the pilot Kenneth Arnold reported nine crescent objects weaving between Rainier and Mount Adams at an estimated 1,700 mph — the sighting that gave the world the phrase 'flying saucer' and opened the modern era.",
    "context": "Arnold's report is the origin point of the entire phenomenon as a public category, and the term itself came from a reporter's compression of his description of how the objects moved, not their shape. Proposed explanations include a formation of pelicans, lenticular cloud and mirage effects over the Cascades; Arnold rejected all of them and never recanted. Rainier is an active, heavily glaciated stratovolcano and the most dangerous volcano in the contiguous US by lahar risk.",
    "summary": "On June 24, 1947, private pilot Kenneth Arnold saw what he described as a string of nine shiny unidentified flying objects flying past Mount Rainier at speeds that he estimated to be at least 1,200 miles per hour (1,900 km/h).",
    "tags": "1947; kenneth-arnold; flying-saucer; cascades"
   }
  },
  {
   "type": "Feature",
   "id": "denali",
   "geometry": {
    "type": "Point",
    "coordinates": [
     -151.006389,
     63.069167
    ]
   },
   "properties": {
    "id": "denali",
    "name": "Denali",
    "subtitle": "Denali National Park, Alaska, United States",
    "country": "United States",
    "region": "North America",
    "category": "landform",
    "category_label": "Landform",
    "location_precision": "exact",
    "coordinate_source": "wikipedia",
    "celestial_body": "earth",
    "latitude": 63.069167,
    "longitude": -151.006389,
    "radius_km": 0.0,
    "wikipedia_title": "Denali",
    "wikipedia_url": "https://en.wikipedia.org/wiki/Denali",
    "wikidata_id": "Q130018",
    "claim": "North America's highest summit anchors the Alaskan material, including the November 1986 Japan Air Lines Flight 1628 case in which a crew reported two small craft and then a vast object tracking them, with the captain's account corroborated by ground radar.",
    "context": "JAL 1628 is a genuinely strong case: Captain Kenju Terauchi's report, the FAA's investigation and division chief John Callahan's later testimony about the radar data are all on record. The FAA concluded the radar returns were a split image of the aircraft itself, and the visual elements have been attributed to Jupiter and Mars, unusually bright and low on the horizon at that latitude and date. Terauchi maintained his account and was reassigned to a desk.",
    "summary": "Denali ( də-NAH-lee; Koyukon: Deenaalee), federally designated as Mount McKinley, is the highest mountain peak in North America, with a summit elevation of 20,310 feet (6,190 m) above sea level. Its vertical relief above the surrounding plateaus is one of the greatest on Earth, measuring about 18,000 feet (5,500 meters). With a topographic prominence of 20,156 feet (6,144 m) and a topographic isolation of 4,621.1 miles (7,436.9 km), Denali is the third most prominent and third-most isolated peak on Earth, after Mount Everest and Aconcagua.",
    "tags": "highest-peak; alaska; 1986-jal-case"
   }
  },
  {
   "type": "Feature",
   "id": "pacific-northwest",
   "geometry": {
    "type": "Point",
    "coordinates": [
     -122.0,
     47.5
    ]
   },
   "properties": {
    "id": "pacific-northwest",
    "name": "Pacific Northwest",
    "subtitle": "US–Canada border region",
    "country": "United States / Canada",
    "region": "North America",
    "category": "region",
    "category_label": "Broad Region",
    "location_precision": "area",
    "coordinate_source": "authored",
    "celestial_body": "earth",
    "latitude": 47.5,
    "longitude": -122.0,
    "radius_km": 450.0,
    "wikipedia_title": "Pacific Northwest",
    "wikipedia_url": "https://en.wikipedia.org/wiki/Pacific_Northwest",
    "wikidata_id": "Q12603",
    "claim": "Treated as a persistent hotspot: the Arnold sighting, the Maury Island affair, the 1967 Patterson–Gimlin film and the region's Sasquatch traditions are presented as a single long-running phenomenon.",
    "context": "The region's First Nations do have long-standing wild-man traditions, which anthropologists study as cultural history. The Maury Island case was investigated in 1947 and concluded to be a hoax by Harold Dahl and Fred Crisman, with the slag identified as smelter waste; two Air Force investigators died in a crash returning from it, which fuelled the story. The Patterson–Gimlin film remains disputed, with a suit-maker's confession on one side and gait analyses on the other, and no specimen or skeletal material has ever been produced.",
    "summary": "The Pacific Northwest (PNW; French: Nord-Ouest Pacifique), also referred to as Cascadia, is a bi-national geographic and cultural region in Western North America defined by its coastal waters of the Pacific Ocean to the west and, loosely, by the Rocky Mountains to the east. Though no official boundary exists, the most common conception includes the U.S. states of Oregon, Washington, Idaho, and the Canadian province of British Columbia. Some broader conceptions reach north into the Alaska Panhandle and Yukon, south into Northern California, and east into Western Montana.",
    "tags": "cascades; sasquatch; maury-island; regional"
   }
  },
  {
   "type": "Feature",
   "id": "mojave-desert",
   "geometry": {
    "type": "Point",
    "coordinates": [
     -116.5,
     35.0
    ]
   },
   "properties": {
    "id": "mojave-desert",
    "name": "Mojave Desert",
    "subtitle": "California / Nevada / Arizona, United States",
    "country": "United States",
    "region": "North America",
    "category": "region",
    "category_label": "Broad Region",
    "location_precision": "area",
    "coordinate_source": "authored",
    "celestial_body": "earth",
    "latitude": 35.0,
    "longitude": -116.5,
    "radius_km": 300.0,
    "wikipedia_title": "Mojave Desert",
    "wikipedia_url": "https://en.wikipedia.org/wiki/Mojave_Desert",
    "wikidata_id": "Q184355",
    "claim": "The cradle of the 1950s contactee movement: George Van Tassel's Giant Rock conventions drew thousands, and he built the Integratron at Landers to plans he said were dictated by Venusians — all within sight of the Edwards and China Lake test ranges.",
    "context": "Giant Rock and the Integratron are both still standing, and the conventions are well documented in photographs and periodicals. The Integratron does not function as described and no rejuvenation effect has been demonstrated. The proximity to Edwards AFB matters: the Mojave was where the X-planes flew, and the region's sighting record tracks the flight-test calendar closely.",
    "summary": "The Mojave Desert (Mohave: Hayikwiir Mat'aar; Spanish: Desierto de Mojave) is a desert in the rain shadow of the southern Sierra Nevada mountains and Transverse Ranges in the Southwestern United States. Named after the indigenous Mohave people, it is located primarily in southeastern California and southwestern Nevada, with small portions extending into Arizona and Utah.",
    "tags": "integratron; giant-rock; contactee; edwards-afb"
   }
  },
  {
   "type": "Feature",
   "id": "las-vegas",
   "geometry": {
    "type": "Point",
    "coordinates": [
     -115.140556,
     36.169167
    ]
   },
   "properties": {
    "id": "las-vegas",
    "name": "Las Vegas",
    "subtitle": "Clark County, Nevada, United States",
    "country": "United States",
    "region": "North America",
    "category": "city",
    "category_label": "Ancient City",
    "location_precision": "exact",
    "coordinate_source": "wikipedia",
    "celestial_body": "earth",
    "latitude": 36.169167,
    "longitude": -115.140556,
    "radius_km": 0.0,
    "wikipedia_title": "Las Vegas",
    "wikipedia_url": "https://en.wikipedia.org/wiki/Las_Vegas",
    "wikidata_id": "Q23768",
    "claim": "Presented as the public-facing edge of the Nevada complex: the unmarked 'Janet' fleet that commutes contractors to Groom Lake flies from a dedicated terminal here, and the city is where Bob Lazar went public in 1989.",
    "context": "The Janet fleet is real, operates from a gated terminal on the west side of Harry Reid International, and is openly trackable; its existence confirms a classified workforce at a classified airfield, which the government acknowledged in 2013. Nevada renamed State Route 375 the Extraterrestrial Highway in 1996 as a tourism measure.",
    "summary": "Las Vegas, colloquially shortened to Vegas, is the most populous city in the U.S. state of Nevada and the county seat of Clark County. It is the 24th-most populous city in the United States, with 641,903 residents at the 2020 census. The Las Vegas metropolitan area has an estimated 2.4 million residents and is the 29th-largest metropolitan area in the country.",
    "tags": "janet-flights; mcarran; tourism"
   }
  },
  {
   "type": "Feature",
   "id": "los-angeles",
   "geometry": {
    "type": "Point",
    "coordinates": [
     -118.2437,
     34.0522
    ]
   },
   "properties": {
    "id": "los-angeles",
    "name": "Los Angeles",
    "subtitle": "California, United States",
    "country": "United States",
    "region": "North America",
    "category": "ufo",
    "category_label": "UFO Incident",
    "location_precision": "exact",
    "coordinate_source": "authored",
    "celestial_body": "earth",
    "latitude": 34.0522,
    "longitude": -118.2437,
    "radius_km": 0.0,
    "wikipedia_title": "Battle of Los Angeles",
    "wikipedia_url": "https://en.wikipedia.org/wiki/Battle_of_Los_Angeles",
    "wikidata_id": "Q1066650",
    "claim": "On the night of 24–25 February 1942, anti-aircraft batteries fired more than 1,400 rounds at an object over Los Angeles that searchlights held and that shells appeared not to damage — photographed by the Los Angeles Times and presented as a craft surviving a sustained barrage.",
    "context": "The event is fully documented and occurred eleven weeks after Pearl Harbor, amid genuine invasion fear and the previous day's Japanese submarine shelling of Ellwood. The Army initially blamed a false alarm, then jittery nerves; later analysis points to a weather balloon launched that night, with searchlight beams converging in smoke and haze. The famous photograph was substantially retouched before publication, a routine practice of the period. Five civilian deaths resulted from the barrage.",
    "summary": "The Battle of Los Angeles, also known as the Great Los Angeles Air Raid, is the name given by contemporary sources to a rumored attack on the continental United States by Imperial Japan and the subsequent anti-aircraft artillery barrage which took place from late February 24, to early February 25, 1942, over Los Angeles, California. Five civilians died during the barrage and four Japanese aircraft were erroneously reported shot down. The incident occurred less than three months after the U.S. entered World War II in response to the Imperial Japanese Navy's surprise attack on Pearl Harbor, and one day after the bombardment of Ellwood near Santa Barbara on 23 February.",
    "tags": "1942; battle-of-los-angeles; wwii; media"
   }
  },
  {
   "type": "Feature",
   "id": "pacific-palisades",
   "geometry": {
    "type": "Point",
    "coordinates": [
     -118.5269,
     34.0481
    ]
   },
   "properties": {
    "id": "pacific-palisades",
    "name": "Pacific Palisades",
    "subtitle": "Los Angeles, California, United States",
    "country": "United States",
    "region": "North America",
    "category": "sacred",
    "category_label": "Sacred Site",
    "location_precision": "exact",
    "coordinate_source": "wikipedia",
    "celestial_body": "earth",
    "latitude": 34.0481,
    "longitude": -118.5269,
    "radius_km": 0.0,
    "wikipedia_title": "Pacific Palisades, Los Angeles",
    "wikipedia_url": "https://en.wikipedia.org/wiki/Pacific_Palisades,_Los_Angeles",
    "wikidata_id": "Q1370207",
    "claim": "Referenced for Southern California's dense concentration of esoteric organisations and contactee groups in the mid-20th century, presented as a network seeded by genuine contact.",
    "context": "The concentration is a real and well-studied feature of California religious history — Theosophy, Vedanta, the I AM movement and dozens of successors took root here from the 1890s. Historians attribute it to migration patterns, inexpensive land and the absence of established religious authority, not to an external cause.",
    "summary": "Pacific Palisades is a neighborhood in the Westside region of the city of Los Angeles, California, situated about 20 miles (32 km) west of downtown. It was founded in 1921 by a Methodist organization, and is known for its seclusion, Mediterranean climate, hilly topography, abundance of parkland and hiking trails, a 3-mile (4.8 km) strip of coastline, and for being home to several architecturally significant homes.",
    "tags": "self-realization; esoteric; contactee"
   }
  },
  {
   "type": "Feature",
   "id": "malibu-point-dume",
   "geometry": {
    "type": "Point",
    "coordinates": [
     -118.806839,
     34.000872
    ]
   },
   "properties": {
    "id": "malibu-point-dume",
    "name": "Malibu & Point Dume",
    "subtitle": "Los Angeles County, California, United States",
    "country": "United States",
    "region": "North America",
    "category": "underwater",
    "category_label": "Submerged",
    "location_precision": "exact",
    "coordinate_source": "wikipedia",
    "celestial_body": "earth",
    "latitude": 34.000872,
    "longitude": -118.806839,
    "radius_km": 0.0,
    "wikipedia_title": "Point Dume",
    "wikipedia_url": "https://en.wikipedia.org/wiki/Point_Dume",
    "wikidata_id": "Q49062846",
    "claim": "A Google Earth bathymetric feature off Point Dume, circulated from 2012 as a vast flat-topped structure with columns 3 km down, was presented as an underwater base.",
    "context": "The feature is a well-understood artefact of bathymetric data processing: ship-track sonar swaths of differing resolution stitched together produce rectilinear terraces and ridges aligned to the survey lines. NOAA has explained the same artefact for comparable 'discoveries' worldwide, including the 'Atlantis grid' off West Africa in 2009. Higher-resolution surveys show ordinary continental slope.",
    "summary": "Point Dume is a promontory on the coast of Malibu, California, that juts out into the Pacific Ocean. The point, a long bluff, forms the northern end of Santa Monica Bay. Point Dume Natural Area affords a vista of the Palos Verdes Peninsula and Santa Catalina Island.",
    "tags": "sonar-anomaly; malibu-plateau; seafloor"
   }
  },
  {
   "type": "Feature",
   "id": "palm-springs",
   "geometry": {
    "type": "Point",
    "coordinates": [
     -116.545278,
     33.830278
    ]
   },
   "properties": {
    "id": "palm-springs",
    "name": "Palm Springs",
    "subtitle": "Riverside County, California, United States",
    "country": "United States",
    "region": "North America",
    "category": "ufo",
    "category_label": "UFO Incident",
    "location_precision": "exact",
    "coordinate_source": "wikipedia",
    "celestial_body": "earth",
    "latitude": 33.830278,
    "longitude": -116.545278,
    "radius_km": 0.0,
    "wikipedia_title": "Palm Springs, California",
    "wikipedia_url": "https://en.wikipedia.org/wiki/Palm_Springs,_California",
    "wikidata_id": "Q488004",
    "claim": "Cited among Coachella Valley sighting reports and in connection with the desert's mid-century contactee circuit, a short drive from Giant Rock.",
    "context": "The Coachella Valley sits between the Chocolate Mountain Aerial Gunnery Range, Twentynine Palms and the Banning Pass air corridor, and the clear desert sky and low humidity make distant aircraft lights, flares and balloons unusually visible — the standard explanatory set for desert sighting clusters.",
    "summary": "Palm Springs (Cahuilla: Séc-he) is a desert resort city in Riverside County, California, United States, within the Colorado Desert's Coachella Valley. The city covers approximately 94 square miles (240 km2), making it the largest city in Riverside County by land area. With multiple plots in checkerboard pattern, more than 10% of the city is part of the Agua Caliente Band of Cahuilla Indians reservation land and is the administrative capital of the most populated reservation in California.",
    "tags": "coachella; desert; sighting"
   }
  },
  {
   "type": "Feature",
   "id": "riverside-quarry",
   "geometry": {
    "type": "Point",
    "coordinates": [
     -117.3962,
     33.9533
    ]
   },
   "properties": {
    "id": "riverside-quarry",
    "name": "Riverside — Stone Valley Quarry",
    "subtitle": "Riverside County, California, United States",
    "country": "United States",
    "region": "North America",
    "category": "artifact",
    "category_label": "Artefact Locus",
    "location_precision": "uncertain",
    "coordinate_source": "authored",
    "celestial_body": "earth",
    "latitude": 33.9533,
    "longitude": -117.3962,
    "radius_km": 0.0,
    "wikipedia_title": "Riverside County, California",
    "wikipedia_url": "https://en.wikipedia.org/wiki/Riverside_County,_California",
    "wikidata_id": "Q108111",
    "claim": "A Southern California aggregate quarry is referenced in connection with anomalous stone or artefacts reportedly recovered during extraction.",
    "context": "The specific operation named does not resolve to a published site, so this entry is positioned on Riverside County as a label. Quarry 'anomalies' generally resolve into geodes, concretions, fulgurites or modern debris; the one category of genuine palaeontological importance in the region is the Pleistocene vertebrate material recovered from Inland Empire aggregate pits under standard mitigation monitoring.",
    "summary": "Riverside County is a southern county in the U.S. state of California. As of the 2020 census, its population was 2,418,185, making it the fourth-most populous county in California and the 10th-most populous county in the United States. The county seat is the city of Riverside.",
    "tags": "quarry; aggregate; unresolved-reference"
   }
  },
  {
   "type": "Feature",
   "id": "scottsdale",
   "geometry": {
    "type": "Point",
    "coordinates": [
     -111.9261,
     33.4942
    ]
   },
   "properties": {
    "id": "scottsdale",
    "name": "Scottsdale",
    "subtitle": "Maricopa County, Arizona, United States",
    "country": "United States",
    "region": "North America",
    "category": "ufo",
    "category_label": "UFO Incident",
    "location_precision": "exact",
    "coordinate_source": "authored",
    "celestial_body": "earth",
    "latitude": 33.4942,
    "longitude": -111.9261,
    "radius_km": 0.0,
    "wikipedia_title": "Phoenix Lights",
    "wikipedia_url": "https://en.wikipedia.org/wiki/Phoenix_Lights",
    "wikidata_id": "Q129848",
    "claim": "The Phoenix Lights of 13 March 1997 — a V-formation of lights crossing Arizona, witnessed by thousands from Henderson to Tucson and filmed repeatedly — are among the most widely observed events in the record, with the Scottsdale and Phoenix footage its core.",
    "context": "The evening comprised two separate events. The later 10 p.m. lights over the Estrella range were identified as LUU-2B/B illumination flares dropped by A-10s on the Barry Goldwater Range, confirmed by the Maryland Air National Guard in 2000 and consistent with the footage's descent and burnout. The earlier 8:30 p.m. formation is less settled; amateur astronomers tracked it as five distinct aircraft in loose V-formation, and the 'single craft' impression is attributed to the dark sky between the lights.",
    "summary": "The Phoenix Lights (sometimes called the \"Lights Over Phoenix\") were a series of widely sighted unidentified flying objects observed in the skies over the southwestern U.S. states of Arizona and Nevada on March 13, 1997.",
    "tags": "phoenix-lights; 1997; arizona"
   }
  },
  {
   "type": "Feature",
   "id": "winnemucca-lake",
   "geometry": {
    "type": "Point",
    "coordinates": [
     -119.341,
     40.111
    ]
   },
   "properties": {
    "id": "winnemucca-lake",
    "name": "Winnemucca Lake",
    "subtitle": "Pershing County, Nevada, United States",
    "country": "United States",
    "region": "North America",
    "category": "geoglyph",
    "category_label": "Geoglyph",
    "location_precision": "exact",
    "coordinate_source": "wikipedia",
    "celestial_body": "earth",
    "latitude": 40.111,
    "longitude": -119.341,
    "radius_km": 0.0,
    "wikipedia_title": "Winnemucca Lake",
    "wikipedia_url": "https://en.wikipedia.org/wiki/Winnemucca_Lake",
    "wikidata_id": "Q8025576",
    "claim": "Petroglyphs on a dry lake bed, dated by carbonate crust to between 14,800 and 10,500 years ago — the oldest securely dated rock art in North America — are presented as a record left at first contact, their abstract forms read as star maps or craft.",
    "context": "The dating, published in 2013 by Larry Benson and colleagues using the tufa coating's radiocarbon and lake-level history, is genuine and important: it establishes symbolic expression in the Great Basin at or before the earliest accepted human presence. The motifs are deeply incised geometric and dendritic forms, a recognised Great Basin Carved Abstract style. The site is on Pyramid Lake Paiute land and access is restricted.",
    "summary": "Winnemucca Lake is a dry lake bed in northwest Nevada that features the oldest known petroglyphs in North America. Located astride the border between Washoe and Pershing counties, it was a shallow lake until the 1930s, but was dried when a dam and a road were built that combined to restrict and block water flow. It was formerly designated as a National Wildlife Refuge, but its status as a refuge was removed due to the lack of water.",
    "tags": "petroglyphs; oldest-rock-art; pyramid-lake; paiute"
   }
  },
  {
   "type": "Feature",
   "id": "badlands-guardian",
   "geometry": {
    "type": "Point",
    "coordinates": [
     -110.113422,
     50.010611
    ]
   },
   "properties": {
    "id": "badlands-guardian",
    "name": "Badlands Guardian",
    "subtitle": "Near Medicine Hat, Alberta, Canada",
    "country": "Canada",
    "region": "North America",
    "category": "geoglyph",
    "category_label": "Geoglyph",
    "location_precision": "exact",
    "coordinate_source": "wikipedia",
    "celestial_body": "earth",
    "latitude": 50.010611,
    "longitude": -110.113422,
    "radius_km": 0.0,
    "wikipedia_title": "Badlands Guardian",
    "wikipedia_url": "https://en.wikipedia.org/wiki/Badlands_Guardian",
    "wikidata_id": "Q3273530",
    "claim": "A 255 m formation resembling a human head in a feathered headdress — complete with what looks like an earbud and a road running to it — found on satellite imagery in 2006, is presented as a deliberate geoglyph or a message visible only from above.",
    "context": "The feature is a drainage network eroded into soft clay-rich badlands, and the apparent profile depends entirely on viewing angle and sun azimuth; it inverts into a valley at other lighting. The 'earbud' is an access road and a wellhead installed in the 1990s. It is a textbook case of pareidolia in remote-sensing imagery, alongside the Face on Mars.",
    "summary": "The Badlands Guardian is a geomorphological feature located near Medicine Hat in the southeast corner of Alberta, Canada. The feature was discovered in 2005 by Lynn Hickox through use of Google Earth.",
    "tags": "erosion; pareidolia; coulee; alberta"
   }
  },
  {
   "type": "Feature",
   "id": "united-states",
   "geometry": {
    "type": "Point",
    "coordinates": [
     -98.5795,
     39.8283
    ]
   },
   "properties": {
    "id": "united-states",
    "name": "United States",
    "subtitle": "Continental United States (regional)",
    "country": "United States",
    "region": "North America",
    "category": "region",
    "category_label": "Broad Region",
    "location_precision": "area",
    "coordinate_source": "authored",
    "celestial_body": "earth",
    "latitude": 39.8283,
    "longitude": -98.5795,
    "radius_km": 2000.0,
    "wikipedia_title": "Unidentified flying object",
    "wikipedia_url": "https://en.wikipedia.org/wiki/Unidentified_flying_object",
    "wikidata_id": "Q421",
    "claim": "The United States is the series' institutional frame: successive official programmes — Sign, Grudge, Blue Book, AATIP, UAPTF, AARO — are presented as a seventy-year managed concealment, with Congressional hearings as its slow unravelling.",
    "context": "The programme history is real and documentable. Blue Book closed in 1969 after the Condon Report found no national-security or scientific value, and its 12,618 case files are public at the National Archives. AATIP's existence was reported in 2017, and AARO was created by statute in 2022; its 2024 historical review found no evidence of recovered extraterrestrial technology, while documenting how classified aerospace programmes and inaccurate internal briefings generated and sustained the belief that there was. Both findings are on the record.",
    "summary": "An unidentified flying object (UFO) is an object or phenomenon seen in the sky but not yet identified or explained. The term was coined when United States Air Force (USAF) investigations into flying saucers found too broad a range of shapes reported to consider them all saucers or discs. UFOs are also known as unidentified aerial phenomena or unidentified anomalous phenomena (UAPs).",
    "tags": "regional; blue-book; aaro; disclosure"
   }
  },
  {
   "type": "Feature",
   "id": "teotihuacan",
   "geometry": {
    "type": "Point",
    "coordinates": [
     -98.843889,
     19.6925
    ]
   },
   "properties": {
    "id": "teotihuacan",
    "name": "Teotihuacan",
    "subtitle": "State of Mexico, Mexico",
    "country": "Mexico",
    "region": "Central America & Caribbean",
    "category": "pyramid",
    "category_label": "Pyramid / Temple",
    "location_precision": "exact",
    "coordinate_source": "wikipedia",
    "celestial_body": "earth",
    "latitude": 19.6925,
    "longitude": -98.843889,
    "radius_km": 0.0,
    "wikipedia_title": "Teotihuacan",
    "wikipedia_url": "https://en.wikipedia.org/wiki/Teotihuacan",
    "wikidata_id": "Q172613",
    "claim": "A city of 125,000 whose builders left no name, no king-lists and no readable script; sheets of mica from Brazil set into floors where they cannot be seen; and liquid mercury and thousands of metallic spheres found in a tunnel under the Temple of the Feathered Serpent — presented as industrial materials in a reactor or insulation.",
    "context": "Teotihuacan is intensively excavated and its chronology is secure (c. 100 BC–AD 550). Mica occurs in Mexican deposits in Oaxaca and Hidalgo; long-distance exchange in exotic materials is normal Mesoamerican practice, documented for jade, obsidian, cacao and quetzal feathers. Mercury appears in several Mesoamerican ritual deposits — at Copán and Kaminaljuyú too — and is read as a mirror-symbol for an underworld lake; the spheres are clay coated in pyrite, a reflective ritual material.",
    "summary": "Teotihuacan (Spanish: Teotihuacán, Spanish pronunciation: [teotiwaˈkan] ; Classical Nahuatl: Teōtīhuacān, Classical Nahuatl pronunciation: [te.oːtiːˈwakaːn] ) is an ancient Mesoamerican city located in a sub-valley of the Valley of Mexico, which is located in the State of Mexico, 40 kilometers (25 mi) northeast of modern-day Mexico City.",
    "tags": "unesco; pyramid-of-the-sun; mica; mercury; avenue-of-the-dead"
   }
  },
  {
   "type": "Feature",
   "id": "chichen-itza",
   "geometry": {
    "type": "Point",
    "coordinates": [
     -88.568611,
     20.683056
    ]
   },
   "properties": {
    "id": "chichen-itza",
    "name": "Chichén Itzá — El Castillo",
    "subtitle": "Yucatán, Mexico",
    "country": "Mexico",
    "region": "Central America & Caribbean",
    "category": "pyramid",
    "category_label": "Pyramid / Temple",
    "location_precision": "exact",
    "coordinate_source": "wikipedia",
    "celestial_body": "earth",
    "latitude": 20.683056,
    "longitude": -88.568611,
    "radius_km": 0.0,
    "wikipedia_title": "Chichen Itza",
    "wikipedia_url": "https://en.wikipedia.org/wiki/Chichen_Itza",
    "wikidata_id": "Q5859",
    "claim": "A pyramid with 365 steps whose balustrade casts a descending serpent at the equinoxes, whose staircase returns a chirped echo resembling the quetzal's call, and which sits atop a cenote and nested earlier structures, is presented as an engineered instrument built to a supplied specification.",
    "context": "Both effects are real and both are now well studied. The equinoctial shadow serpent is widely accepted as deliberate — Kukulkan's descent is the building's stated subject. The chirped echo was analysed by Declercq and others and arises from periodic scattering off the step risers, a predictable consequence of the geometry that Maya builders could tune by ear. The subterranean cenote was confirmed by electrical resistivity survey in 2015, matching Maya placement of temples over water entrances to the underworld.",
    "summary": "Chichen Itza was a large pre-Columbian city built by the Maya people of the Terminal Classic period. The archeological site is located in Tinúm Municipality, Yucatán, Mexico, between the cities of Valladolid and Mérida.",
    "tags": "unesco; maya; equinox; kukulkan; acoustics; cenote"
   }
  },
  {
   "type": "Feature",
   "id": "palenque",
   "geometry": {
    "type": "Point",
    "coordinates": [
     -92.046389,
     17.484167
    ]
   },
   "properties": {
    "id": "palenque",
    "name": "Palenque — Temple of the Inscriptions",
    "subtitle": "Chiapas, Mexico",
    "country": "Mexico",
    "region": "Central America & Caribbean",
    "category": "pyramid",
    "category_label": "Pyramid / Temple",
    "location_precision": "exact",
    "coordinate_source": "wikipedia",
    "celestial_body": "earth",
    "latitude": 17.484167,
    "longitude": -92.046389,
    "radius_km": 0.0,
    "wikipedia_title": "Palenque",
    "wikipedia_url": "https://en.wikipedia.org/wiki/Palenque",
    "wikidata_id": "Q181427",
    "claim": "The carved lid of K'inich Janaab' Pakal's sarcophagus is the series' most reproduced image: read as a pilot reclining in a capsule, hands on controls, a breathing apparatus at his face and exhaust streaming behind — the 'Palenque Astronaut'.",
    "context": "The lid is fully readable in Maya iconographic terms and its own glyphic text names and dates the occupant: Pakal, died AD 683, shown falling into the maw of the underworld along the world tree, with the Celestial Bird above and a quadripartite badge below. Every element of the composition recurs in other Maya monuments. Rotating the image 90° to produce the rocket reading breaks the register conventions the rest of the tomb follows.",
    "summary": "Palenque (Spanish pronunciation: [pa'leŋke]; Yucatec Maya: Bàakʼ [ɓaːkʼ]), also anciently known in the Itzaʼ language as Lakamha (\"big water\" or \"big waters\"), was a Maya city-state in southern Mexico that perished in the 8th century. The Palenque ruins date from ca. 226 BC to ca. 799 AD. After its decline, it was overgrown by the jungle of cedar, mahogany, and sapodilla trees, but has since been excavated and restored.",
    "tags": "unesco; maya; pakal; sarcophagus-lid; classic"
   }
  },
  {
   "type": "Feature",
   "id": "uxmal",
   "geometry": {
    "type": "Point",
    "coordinates": [
     -89.771389,
     20.359444
    ]
   },
   "properties": {
    "id": "uxmal",
    "name": "Uxmal",
    "subtitle": "Yucatán, Mexico",
    "country": "Mexico",
    "region": "Central America & Caribbean",
    "category": "pyramid",
    "category_label": "Pyramid / Temple",
    "location_precision": "exact",
    "coordinate_source": "wikipedia",
    "celestial_body": "earth",
    "latitude": 20.359444,
    "longitude": -89.771389,
    "radius_km": 0.0,
    "wikipedia_title": "Uxmal",
    "wikipedia_url": "https://en.wikipedia.org/wiki/Uxmal",
    "wikidata_id": "Q213232",
    "claim": "The legend of the Pyramid of the Magician — raised in a single night by a dwarf hatched from an egg — is cited as a memory of rapid construction by non-human means, and the Governor's Palace's Venus alignment as precision astronomy.",
    "context": "The pyramid has five superimposed construction phases, excavated and dated, spanning several centuries — the opposite of overnight. The Governor's Palace does face the southerly extreme of Venus's rising, a genuine and deliberate alignment reflected in the Venus glyphs on its own façade and consistent with the Dresden Codex's Venus tables. The dwarf legend was recorded in the 19th century by John Lloyd Stephens from local informants.",
    "summary": "Uxmal (Yucatec Maya: Óoxmáal [óˑʃmáˑl]) is an ancient Maya city of the classical period located in present-day Mexico. It is considered one of the most important archaeological sites of Maya culture, along with Palenque, Chichen Itza and Calakmul in Mexico, Caracol and Xunantunich in Belize, and Tikal in Guatemala. It is located in the Puuc region of the western Yucatán Peninsula, and is considered one of the Maya cities most representative of the region's dominant architectural style.",
    "tags": "unesco; maya; puuc; pyramid-of-the-magician; venus"
   }
  },
  {
   "type": "Feature",
   "id": "la-venta",
   "geometry": {
    "type": "Point",
    "coordinates": [
     -94.040192,
     18.103299
    ]
   },
   "properties": {
    "id": "la-venta",
    "name": "La Venta",
    "subtitle": "Tabasco, Mexico",
    "country": "Mexico",
    "region": "Central America & Caribbean",
    "category": "city",
    "category_label": "Ancient City",
    "location_precision": "exact",
    "coordinate_source": "wikipedia",
    "celestial_body": "earth",
    "latitude": 18.103299,
    "longitude": -94.040192,
    "radius_km": 0.0,
    "wikipedia_title": "La Venta",
    "wikipedia_url": "https://en.wikipedia.org/wiki/La_Venta",
    "wikidata_id": "Q913166",
    "claim": "The Olmec colossal heads — up to 40 tonnes of basalt carried about 100 km from the Tuxtla mountains, with features the series describes as African or non-human and wearing what look like helmets — are presented as portraits of visitors.",
    "context": "Basalt sourcing to Cerro Cintepec in the Tuxtlas is established petrologically, and river-raft transport across the Coatzacoalcos drainage is the accepted mechanism. The 'helmets' are generally read as ballgame headgear or rulers' regalia, matching Olmec ballcourt iconography. The facial features fall within indigenous Mesoamerican variation; the African-origin reading advanced by Ivan van Sertima has been rejected on skeletal, dental and genetic grounds. La Venta also produced the earliest known Mesoamerican jade workshops and a magnetite mirror tradition.",
    "summary": "La Venta is a pre-Columbian archaeological site of the Olmec civilization located in the present-day Mexican state of Tabasco. Some of the artifacts have been moved to the museum Parque-Meseo La Venta, which is in nearby Villahermosa, the capital of Tabasco.",
    "tags": "olmec; colossal-heads; basalt; formative"
   }
  },
  {
   "type": "Feature",
   "id": "comalcalco",
   "geometry": {
    "type": "Point",
    "coordinates": [
     -93.201753,
     18.280081
    ]
   },
   "properties": {
    "id": "comalcalco",
    "name": "Comalcalco",
    "subtitle": "Tabasco, Mexico",
    "country": "Mexico",
    "region": "Central America & Caribbean",
    "category": "pyramid",
    "category_label": "Pyramid / Temple",
    "location_precision": "exact",
    "coordinate_source": "wikipedia",
    "celestial_body": "earth",
    "latitude": 18.280081,
    "longitude": -93.201753,
    "radius_km": 0.0,
    "wikipedia_title": "Comalcalco",
    "wikipedia_url": "https://en.wikipedia.org/wiki/Comalcalco",
    "wikidata_id": "Q868423",
    "claim": "The only major Maya city built of fired brick rather than stone, with hundreds of bricks bearing marks and figures on their hidden faces, is presented as evidence of an outside building tradition — and the 2012 discovery of a brick with a Long Count date as a second prophecy text.",
    "context": "Comalcalco sits in the Chontalpa, an alluvial plain with no building stone — which is precisely why its builders fired brick from local clay. The marked faces were laid inward, so they are read as makers' marks, tallies and casual graffiti, a category well known from Roman and medieval brickwork. The 2012 brick records a calendrical date; epigraphers noted at the time that it carries no prophetic statement.",
    "summary": "Comalcalco is a city located in Comalcalco Municipality about 45 miles (60 km) northwest of Villahermosa in the Mexican state of Tabasco. The city is near the Pre-Columbian Maya archaeological site of Comalcalco. The literal English translation of \"Comalcalco\" is \"in the house of the comals\".",
    "tags": "maya; fired-brick; chontalpa; classic"
   }
  },
  {
   "type": "Feature",
   "id": "tortuguero",
   "geometry": {
    "type": "Point",
    "coordinates": [
     -92.9333,
     17.8167
    ]
   },
   "properties": {
    "id": "tortuguero",
    "name": "Tortuguero",
    "subtitle": "Tabasco, Mexico",
    "country": "Mexico",
    "region": "Central America & Caribbean",
    "category": "artifact",
    "category_label": "Artefact Locus",
    "location_precision": "approximate",
    "coordinate_source": "authored",
    "celestial_body": "earth",
    "latitude": 17.8167,
    "longitude": -92.9333,
    "radius_km": 0.0,
    "wikipedia_title": "Tortuguero (Maya site)",
    "wikipedia_url": "https://en.wikipedia.org/wiki/Tortuguero_(Maya_site)",
    "wikidata_id": "Q1383296",
    "claim": "Monument 6 from this small Maya site carries the only known ancient inscription referring to the 13-baktun date of 21 December 2012 — presented as a dated warning of the end of a cycle and the return of its authors.",
    "context": "The monument is genuine and the reference is real, which is why epigraphers studied it closely. The passage is eroded and reads, in the standard translation, that the god Bolon Yokte' K'uh will 'descend' or be 'displayed' at the period ending — a routine dedicatory formula tying a local ruler's works to a future calendar station. Maya Long Count dates run far beyond 2012 at Palenque and Coba, so the calendar does not end. The site was largely destroyed by a cement works.",
    "summary": "Tortuguero (or El Tortuguero) is an archaeological site in southernmost Tabasco, Mexico which supported a Maya city during the Classic period. The site is noteworthy for its use of the B'aakal emblem glyph also found as the primary title at Palenque. The site has been heavily damaged by looting and modern development; in the 1960s, a cement factory was built directly on top of the site.",
    "tags": "maya; monument-6; long-count; 2012"
   }
  },
  {
   "type": "Feature",
   "id": "veracruz-voladores",
   "geometry": {
    "type": "Point",
    "coordinates": [
     -97.3208,
     20.4472
    ]
   },
   "properties": {
    "id": "veracruz-voladores",
    "name": "Papantla — Danza de los Voladores",
    "subtitle": "Veracruz, Mexico",
    "country": "Mexico",
    "region": "Central America & Caribbean",
    "category": "sacred",
    "category_label": "Sacred Site",
    "location_precision": "exact",
    "coordinate_source": "authored",
    "celestial_body": "earth",
    "latitude": 20.4472,
    "longitude": -97.3208,
    "radius_km": 0.0,
    "wikipedia_title": "Danza de los Voladores",
    "wikipedia_url": "https://en.wikipedia.org/wiki/Danza_de_los_Voladores",
    "wikidata_id": "Q1165268",
    "claim": "Five men who climb a 30 m pole, bind themselves by the ankles and spin to the ground in thirteen revolutions each — a rite recorded since before the conquest — are presented as re-enacting the descent of beings from the sky.",
    "context": "The dance is inscribed on UNESCO's Intangible Cultural Heritage list and its symbolism is documented by Totonac practitioners and by ethnographers: four flyers times thirteen revolutions gives the 52-year Mesoamerican calendar round, with the caporal on the platform representing the sun. It is a petition for rain and fertility, performed by named families who hold the right to it.",
    "summary": "The Danza de los Voladores (Spanish pronunciation: [ˈdansa ðe los βolaˈðoɾes]; \"Dance of the Flyers\"), or Palo Volador (pronounced [ˈpalo βolaˈðoɾ]; \"flying pole\"), is an ancient Mesoamerican ceremony/ritual still performed today, albeit in modified form, in isolated pockets in Mexico. It is believed to have originated with the Nahua, Huastec and Otomi peoples in central Mexico, and then spread throughout most of Mesoamerica. The ritual consists of dance and the climbing of a 30-meter (98 ft 5 in) pole from which four of the five participants then launch themselves tied with ropes to descend to the ground.",
    "tags": "unesco-ich; totonac; el-tajin; ritual"
   }
  },
  {
   "type": "Feature",
   "id": "merida-caves",
   "geometry": {
    "type": "Point",
    "coordinates": [
     -89.5926,
     20.9674
    ]
   },
   "properties": {
    "id": "merida-caves",
    "name": "Mérida — Yucatán Cave System",
    "subtitle": "Yucatán, Mexico",
    "country": "Mexico",
    "region": "Central America & Caribbean",
    "category": "underground",
    "category_label": "Subterranean",
    "location_precision": "area",
    "coordinate_source": "authored",
    "celestial_body": "earth",
    "latitude": 20.9674,
    "longitude": -89.5926,
    "radius_km": 70.0,
    "wikipedia_title": "Cenote",
    "wikipedia_url": "https://en.wikipedia.org/wiki/Cenote",
    "wikidata_id": "Q334743",
    "claim": "A flooded cave network the Maya called Xibalba, the underworld — with cenotes arranged in a ring across the northern Yucatán — is presented as an engineered subterranean complex and an entrance to an inner world.",
    "context": "The Ring of Cenotes is the surface expression of the buried Chicxulub impact crater, a 66-million-year-old structure identified by gravity and magnetic anomalies and confirmed by drilling — the asteroid impact associated with the end-Cretaceous extinction. The caves themselves are karst dissolution in limestone, mapped by cave divers to over 370 km in the Sac Actun system. Maya ritual use of cenotes, including the Balankanche offerings, is extensively excavated.",
    "summary": "A cenote (English: or ; Latin American Spanish: [seˈnote]) is a natural pit, or sinkhole, resulting when a collapse of limestone bedrock exposes groundwater. The term originated on the Yucatán Peninsula of Mexico, where the ancient Maya commonly used cenotes for water supplies, and occasionally for sacrificial offerings. The name derives from a word used by the lowland Yucatec Maya—tsʼonoʼot—to refer to any location with accessible groundwater.",
    "tags": "cenote; xibalba; chicxulub; karst"
   }
  },
  {
   "type": "Feature",
   "id": "yucatan-peninsula",
   "geometry": {
    "type": "Point",
    "coordinates": [
     -89.0,
     19.5
    ]
   },
   "properties": {
    "id": "yucatan-peninsula",
    "name": "Yucatán Peninsula",
    "subtitle": "Mexico, Belize & Guatemala (regional)",
    "country": "Mexico / Belize / Guatemala",
    "region": "Central America & Caribbean",
    "category": "region",
    "category_label": "Broad Region",
    "location_precision": "area",
    "coordinate_source": "authored",
    "celestial_body": "earth",
    "latitude": 19.5,
    "longitude": -89.0,
    "radius_km": 400.0,
    "wikipedia_title": "Yucatán Peninsula",
    "wikipedia_url": "https://en.wikipedia.org/wiki/Yucat%C3%A1n_Peninsula",
    "wikidata_id": "Q130978",
    "claim": "The peninsula is treated as a single dense cluster: the Maya calendar, the Long Count, the cities abandoned at their height, and the Chicxulub crater beneath them, read as one continuous story of intervention.",
    "context": "Maya collapse research has converged on a multi-causal model — severe multi-decadal drought documented in Yok Balum and Chaac speleothem records, soil exhaustion, escalating warfare and political fragmentation — with abandonment staggered across roughly AD 800–1000 and northern cities such as Chichén Itzá flourishing afterwards. Maya communities number several million today; the civilisation did not vanish.",
    "summary": "The Yucatán Peninsula ( YOO-kə-TA(H)N, UK also YUU-; Spanish: Península de Yucatán [peˈninsula ðe ʝukaˈtan]) is a large peninsula in southeast Mexico and adjacent portions of Belize and Guatemala. The peninsula extends towards the northeast, separating the Gulf of Mexico to the north and west of the peninsula from the Caribbean Sea to the east. The Yucatán Channel, between the northeastern corner of the peninsula and Cuba, connects the two bodies of water.",
    "tags": "maya; regional; chicxulub; lowlands"
   }
  },
  {
   "type": "Feature",
   "id": "casas-grandes",
   "geometry": {
    "type": "Point",
    "coordinates": [
     -107.9475,
     30.366389
    ]
   },
   "properties": {
    "id": "casas-grandes",
    "name": "Casas Grandes (Paquimé)",
    "subtitle": "Chihuahua, Mexico",
    "country": "Mexico",
    "region": "Central America & Caribbean",
    "category": "city",
    "category_label": "Ancient City",
    "location_precision": "exact",
    "coordinate_source": "wikipedia",
    "celestial_body": "earth",
    "latitude": 30.366389,
    "longitude": -107.9475,
    "radius_km": 0.0,
    "wikipedia_title": "Casas Grandes",
    "wikipedia_url": "https://en.wikipedia.org/wiki/Casas_Grandes",
    "wikidata_id": "Q853265",
    "claim": "A multi-storey adobe city with piped water, subterranean reservoirs, macaw breeding pens and T-shaped doorways matching Chaco Canyon's, built in the middle of a desert and abandoned, is presented as a planted settlement linking two regions.",
    "context": "Paquimé is a World Heritage site excavated by Charles Di Peso, and its Chaco and Mesoamerican connections are the mainstream interpretation: it was a trading centre between the Puebloan south-west and West Mexico, moving copper bells, shell and scarlet macaws north. The macaw pens and the water system are real engineering by the Casas Grandes culture, with regional antecedents.",
    "summary": "Casas Grandes (Spanish for Great Houses; also known as Paquimé) is a prehistoric archaeological site in the northern Mexican state of Chihuahua. Construction of the site is attributed to the Mogollon culture. Casas Grandes has been designated a UNESCO World Heritage Site under the purview of INAH and a \"Pueblo Mágico\" since 2015.",
    "tags": "unesco; mogollon; adobe; macaw-pens; water-system"
   }
  },
  {
   "type": "Feature",
   "id": "sierra-madre-occidental",
   "geometry": {
    "type": "Point",
    "coordinates": [
     -106.5,
     25.0
    ]
   },
   "properties": {
    "id": "sierra-madre-occidental",
    "name": "Sierra Madre Occidental",
    "subtitle": "North-western Mexico",
    "country": "Mexico",
    "region": "Central America & Caribbean",
    "category": "region",
    "category_label": "Broad Region",
    "location_precision": "area",
    "coordinate_source": "authored",
    "celestial_body": "earth",
    "latitude": 25.0,
    "longitude": -106.5,
    "radius_km": 450.0,
    "wikipedia_title": "Sierra Madre Occidental",
    "wikipedia_url": "https://en.wikipedia.org/wiki/Sierra_Madre_Occidental",
    "wikidata_id": "Q1124584",
    "claim": "The range's cave-dwelling traditions, the Rarámuri's extraordinary long-distance running, and isolated cliff granaries are presented as the legacy of a sheltered population.",
    "context": "The Sierra Madre Occidental is the world's largest ignimbrite province, and its canyons exceed the Grand Canyon in depth. Rarámuri running is a well-studied cultural and physiological adaptation — persistence hunting and rarájipari ball races — not an anomaly. The cliff structures are Paquimé-related granaries and dwellings, surveyed and dated.",
    "summary": "The Sierra Madre Occidental ('Western Mother/Grand Mountain Range') is a major mountain range system which runs northwest–southeast through northwestern and western Mexico, and along the Gulf of California. The Sierra Madre is part of the American Cordillera, an almost continuous chain of mountain ranges that forms the western \"backbone\" of the Americas.",
    "tags": "copper-canyon; rarámuri; volcanic; regional"
   }
  },
  {
   "type": "Feature",
   "id": "zona-del-silencio",
   "geometry": {
    "type": "Point",
    "coordinates": [
     -103.75,
     26.7
    ]
   },
   "properties": {
    "id": "zona-del-silencio",
    "name": "Zona del Silencio",
    "subtitle": "Mapimí, Durango / Chihuahua / Coahuila, Mexico",
    "country": "Mexico",
    "region": "Central America & Caribbean",
    "category": "anomaly",
    "category_label": "Anomaly Zone",
    "location_precision": "area",
    "coordinate_source": "authored",
    "celestial_body": "earth",
    "latitude": 26.7,
    "longitude": -103.75,
    "radius_km": 60.0,
    "wikipedia_title": "Mapimí Silent Zone",
    "wikipedia_url": "https://en.wikipedia.org/wiki/Mapim%C3%AD_Silent_Zone",
    "wikidata_id": "Q633166",
    "claim": "A desert tract said to swallow radio signals, deflect compasses and attract meteorites, where a US Athena missile went badly off course in 1970 — presented as a magnetic anomaly or a deliberate landing corridor.",
    "context": "The 1970 Athena RTV that overflew from Green River, Utah into Chihuahua is real and documented, and the recovery operation drew wide attention — which is where the legend begins. Radio propagation tests have found no attenuation anomaly, and no magnetic anomaly appears in Mexican geological surveys. The region's genuine distinction is the Mapimí Biosphere Reserve and its endemic desert tortoise. The 1969 Allende meteorite fell nearby, a well-studied carbonaceous chondrite.",
    "summary": "The Mapimí Silent Zone (Spanish: La Zona del Silencio) is the popular name for a desert patch near the Bolsón de Mapimí in Durango, Mexico, overlapping the Mapimí Biosphere Reserve. It is the subject of an urban legend that claims it is an area where radio signals and any type of communications cannot be received.",
    "tags": "mapimi; meteorites; athena-missile; biosphere-reserve"
   }
  },
  {
   "type": "Feature",
   "id": "copan",
   "geometry": {
    "type": "Point",
    "coordinates": [
     -89.1425,
     14.8375
    ]
   },
   "properties": {
    "id": "copan",
    "name": "Copán",
    "subtitle": "Copán Department, Honduras",
    "country": "Honduras",
    "region": "Central America & Caribbean",
    "category": "pyramid",
    "category_label": "Pyramid / Temple",
    "location_precision": "exact",
    "coordinate_source": "wikipedia",
    "celestial_body": "earth",
    "latitude": 14.8375,
    "longitude": -89.1425,
    "radius_km": 0.0,
    "wikipedia_title": "Copán",
    "wikipedia_url": "https://en.wikipedia.org/wiki/Cop%C3%A1n",
    "wikidata_id": "Q214827",
    "claim": "Copán's Hieroglyphic Stairway, its dynastic record and the astronomical content of its stelae are cited for calendrical precision said to require transmitted knowledge — and the fire-serpent imagery for arriving craft.",
    "context": "Copán has one of the most complete dynastic sequences in the Maya world: Altar Q names sixteen rulers over four centuries, and Stela A through J record period endings with eclipse and Venus data. Tunnelling beneath Structure 10L-16 exposed the earlier Rosalila and Margarita temples intact, giving a stratified construction history. Its calendrical accuracy comes from centuries of recorded observation, preserved in the Dresden Codex's own tables.",
    "summary": "Copán is an archaeological site of the Maya civilization in the Copán Department of western Honduras, not far from the border with Guatemala. It is one of the most important sites of the Maya civilization, which was not excavated until the 19th century. The ruined citadel and imposing public squares reveal the three main stages of development before the city was abandoned in the early 10th century.",
    "tags": "unesco; maya; hieroglyphic-stairway; stelae; altar-q"
   }
  },
  {
   "type": "Feature",
   "id": "quirigua",
   "geometry": {
    "type": "Point",
    "coordinates": [
     -89.040278,
     15.269444
    ]
   },
   "properties": {
    "id": "quirigua",
    "name": "Quiriguá",
    "subtitle": "Izabal, Guatemala",
    "country": "Guatemala",
    "region": "Central America & Caribbean",
    "category": "megalithic",
    "category_label": "Megalithic",
    "location_precision": "exact",
    "coordinate_source": "wikipedia",
    "celestial_body": "earth",
    "latitude": 15.269444,
    "longitude": -89.040278,
    "radius_km": 0.0,
    "wikipedia_title": "Quiriguá",
    "wikipedia_url": "https://en.wikipedia.org/wiki/Quirigu%C3%A1",
    "wikidata_id": "Q318422",
    "claim": "Stela E — at over 10 m and about 60 tonnes the tallest free-standing monument in the Maya world — plus the site's boulder-carved 'zoomorphs', are presented as beyond local capability for a minor city.",
    "context": "Quiriguá's monuments are dated by their own inscriptions to the reign of K'ak' Tiliw Chan Yopaat (AD 724–785), and the monumental programme follows directly from his capture and sacrifice of Copán's ruler in 738 — a political statement recorded in the texts themselves. The sandstone came from the nearby Motagua valley, and the river provided transport.",
    "summary": "Quiriguá (Spanish pronunciation: [kiɾiˈɣwa]) is an ancient Maya archaeological site in the department of Izabal in south-eastern Guatemala. It is a medium-sized site covering approximately 3 square kilometres (1.2 sq mi) along the lower Motagua River, with the ceremonial center about 1 km (0.6 mi) from the north bank. During the Maya Classic Period (AD 200–900), Quiriguá was situated at the juncture of several important trade routes.",
    "tags": "unesco; maya; stelae; zoomorphs; k'ak'-tiliw"
   }
  },
  {
   "type": "Feature",
   "id": "tikal",
   "geometry": {
    "type": "Point",
    "coordinates": [
     -89.623611,
     17.221944
    ]
   },
   "properties": {
    "id": "tikal",
    "name": "Tikal",
    "subtitle": "Petén, Guatemala",
    "country": "Guatemala",
    "region": "Central America & Caribbean",
    "category": "pyramid",
    "category_label": "Pyramid / Temple",
    "location_precision": "exact",
    "coordinate_source": "wikipedia",
    "celestial_body": "earth",
    "latitude": 17.221944,
    "longitude": -89.623611,
    "radius_km": 0.0,
    "wikipedia_title": "Tikal",
    "wikipedia_url": "https://en.wikipedia.org/wiki/Tikal",
    "wikidata_id": "Q181172",
    "claim": "Temples rising 70 m above the rainforest canopy, a city of perhaps 60,000 supported by engineered reservoirs, abandoned and swallowed by jungle, are presented as evidence of a managed colony and its sudden recall.",
    "context": "Tikal is one of the most completely excavated Maya cities, with a dynastic record spanning AD 90–869 and a documented interruption following defeat by Caracol in 562. Airborne LiDAR since 2016 has mapped tens of thousands of surrounding structures, causeways and defensive works across the Petén, revolutionising population estimates — a mainstream result that makes the landscape more intensively human, not less. Its reservoirs, including filtration using quartz sand and zeolite, are a genuine water-engineering achievement.",
    "summary": "Tikal (Tik'al in modern Mayan orthography) is the ruin of an ancient city, which was likely to have been called Yax Mutal, found in a rainforest in Guatemala. One of the largest archaeological sites and urban centers of the pre-Columbian Maya civilization, it is located in the archaeological region of the Petén Basin in what is now the Petén Department in northern Guatemala. The site is part of Guatemala's Tikal National Park, which was declared a UNESCO World Heritage Site in 1979.",
    "tags": "unesco; maya; temple-i; lidar; reservoirs"
   }
  },
  {
   "type": "Feature",
   "id": "lubaantun",
   "geometry": {
    "type": "Point",
    "coordinates": [
     -88.9617,
     16.2825
    ]
   },
   "properties": {
    "id": "lubaantun",
    "name": "Lubaantun",
    "subtitle": "Toledo District, Belize",
    "country": "Belize",
    "region": "Central America & Caribbean",
    "category": "artifact",
    "category_label": "Artefact Locus",
    "location_precision": "exact",
    "coordinate_source": "authored",
    "celestial_body": "earth",
    "latitude": 16.2825,
    "longitude": -88.9617,
    "radius_km": 0.0,
    "wikipedia_title": "Lubaantun",
    "wikipedia_url": "https://en.wikipedia.org/wiki/Lubaantun",
    "wikidata_id": "Q529147",
    "claim": "The Mitchell-Hedges crystal skull, said to have been found here by a teenage Anna Mitchell-Hedges in 1924, is presented as carved from a single quartz crystal against the grain by methods unavailable to the Maya — one of thirteen skulls holding stored knowledge.",
    "context": "Smithsonian and British Museum analyses of this and comparable skulls found rotary-tool marks — wheel-cut striations inconsistent with pre-Columbian lapidary technique and consistent with 19th-century European workshops. F. A. Mitchell-Hedges did not mention the skull in his 1931 account of the excavation, and records indicate he bought it at a Sotheby's sale in 1943. Lubaantun itself is a genuine Late Classic site, notable for mortarless masonry and the absence of stelae.",
    "summary": "Lubaantun is a pre-Columbian ruined city of the Maya civilization in southern Belize, Central America. Lubaantun is in Belize's Toledo District, about 42 kilometres (26 mi) northwest of Punta Gorda, and approximately 3.2 kilometres (2 mi) from the village of San Pedro Columbia, at an elevation of 61 metres (200 ft) feet above mean sea level. One of the most distinguishing features of Lubaantun is the large collection of miniature ceramic objects found on site; these detailed constructs are thought to have been charmstones or ritual-accompanying accoutrements.",
    "tags": "maya; crystal-skull; dry-masonry; mitchell-hedges"
   }
  },
  {
   "type": "Feature",
   "id": "haiti",
   "geometry": {
    "type": "Point",
    "coordinates": [
     -72.346389,
     18.536389
    ]
   },
   "properties": {
    "id": "haiti",
    "name": "Port-au-Prince",
    "subtitle": "Ouest Department, Haiti",
    "country": "Haiti",
    "region": "Central America & Caribbean",
    "category": "city",
    "category_label": "Ancient City",
    "location_precision": "exact",
    "coordinate_source": "wikipedia",
    "celestial_body": "earth",
    "latitude": 18.536389,
    "longitude": -72.346389,
    "radius_km": 0.0,
    "wikipedia_title": "Port-au-Prince",
    "wikipedia_url": "https://en.wikipedia.org/wiki/Port-au-Prince",
    "wikidata_id": "Q34261",
    "claim": "Referenced for Vodou's lwa — spirits who mount and speak through practitioners — read as channelled non-human intelligences, and for Taíno traditions of beings who came from the sky.",
    "context": "Vodou is a syncretic religion with West African, Taíno and Catholic components, studied extensively by anthropologists; possession trance is a documented, culturally patterned phenomenon found in religious traditions worldwide. The 2010 earthquake was a magnitude 7.0 rupture on the Enriquillo–Plantain Garden fault, a known strike-slip system.",
    "summary": "Port-au-Prince ( PORT oh PRINSS; French: [pɔʁ o pʁɛ̃s] ; Haitian Creole: Pòtoprens, [pɔtopɣɛ̃s]) is the capital and most populous city of Haiti. The city's population was estimated at 1,200,000 in 2022 with the metropolitan area estimated at a population of 2,618,894. The metropolitan area is defined by the IHSI as including the communes of Port-au-Prince, Delmas, Cité Soleil, Tabarre, Carrefour, and Pétion-Ville.",
    "tags": "vodou; taino; 2010-earthquake; enriquillo-fault"
   }
  },
  {
   "type": "Feature",
   "id": "cuba-underwater",
   "geometry": {
    "type": "Point",
    "coordinates": [
     -84.95,
     21.9
    ]
   },
   "properties": {
    "id": "cuba-underwater",
    "name": "Western Cuba — Offshore Structures",
    "subtitle": "Guanahacabibes shelf, Pinar del Río, Cuba",
    "country": "Cuba",
    "region": "Central America & Caribbean",
    "category": "underwater",
    "category_label": "Submerged",
    "location_precision": "approximate",
    "coordinate_source": "authored",
    "celestial_body": "earth",
    "latitude": 21.9,
    "longitude": -84.95,
    "radius_km": 0.0,
    "wikipedia_title": "Cuba",
    "wikipedia_url": "https://en.wikipedia.org/wiki/Cuba",
    "wikidata_id": "Q241",
    "claim": "Side-scan sonar images collected by Advanced Digital Communications in 2001 off western Cuba, showing what were described as pyramids and streets at 600–750 m, were widely reported as a drowned city — and are presented as Atlantis.",
    "context": "No follow-up survey, submersible dive or sample has ever confirmed the structures, and the original imagery has not been published in a peer-reviewed venue. The depth is the central problem: no credible sea-level model places that shelf above water within the span of human occupation of the Americas, so the features would need to be tens of millions of years old. Geologists who have commented identify probable natural blocks from slope failure.",
    "summary": "Cuba, officially the Republic of Cuba, is an island country in the Caribbean. It comprises the eponymous main island as well as 4,195 islands, islets, and cays. Situated at the convergence of the Caribbean Sea, Gulf of Mexico, and Atlantic Ocean, Cuba is located east of the Yucatán Peninsula, south of both Florida and the Bahamas, west of Hispaniola, and north of Jamaica and the Cayman Islands.",
    "tags": "sonar; submerged; atlantis-claim; deep-water"
   }
  },
  {
   "type": "Feature",
   "id": "bimini-road",
   "geometry": {
    "type": "Point",
    "coordinates": [
     -79.278826,
     25.766967
    ]
   },
   "properties": {
    "id": "bimini-road",
    "name": "Bimini Road",
    "subtitle": "North Bimini, Bahamas",
    "country": "Bahamas",
    "region": "Central America & Caribbean",
    "category": "underwater",
    "category_label": "Submerged",
    "location_precision": "exact",
    "coordinate_source": "wikipedia",
    "celestial_body": "earth",
    "latitude": 25.766967,
    "longitude": -79.278826,
    "radius_km": 0.0,
    "wikipedia_title": "Bimini Road",
    "wikipedia_url": "https://en.wikipedia.org/wiki/Bimini_Road",
    "wikidata_id": "Q2734050",
    "claim": "A half-mile line of rectilinear blocks in 5 m of water off North Bimini, found in 1968 — the year Edgar Cayce had predicted Atlantis would begin to re-emerge near Bimini — is presented as a paved road or harbour wall.",
    "context": "Petrographic and radiocarbon work identifies the blocks as beachrock: carbonate sand cemented in the intertidal zone, which fractures into rectangular joints as it is undercut. The constituent grains and shell fragments run in continuous stratigraphic order across adjacent blocks, which excludes quarrying and placement, and the cement dates to roughly 2,000–4,000 years ago. Comparable formations occur throughout the Bahamas and the Mediterranean.",
    "summary": "The Bimini Road, sometimes called the Bimini Wall, is an underwater rock formation near the island of North Bimini in the Bimini chain of islands. The Road consists of a 0.8 km (0.50 mi)-long northeast-southwest linear feature composed of roughly rectangular limestone blocks. Various claims have been made for this feature being either a wall, road, pier, breakwater, or other man-made structure.",
    "tags": "beachrock; cayce; submerged; atlantis-claim"
   }
  },
  {
   "type": "Feature",
   "id": "nazca",
   "geometry": {
    "type": "Point",
    "coordinates": [
     -75.13,
     -14.739
    ]
   },
   "properties": {
    "id": "nazca",
    "name": "Nazca Lines",
    "subtitle": "Nazca Desert, Ica Region, Peru",
    "country": "Peru",
    "region": "South America",
    "category": "geoglyph",
    "category_label": "Geoglyph",
    "location_precision": "area",
    "coordinate_source": "authored",
    "celestial_body": "earth",
    "latitude": -14.739,
    "longitude": -75.13,
    "radius_km": 28.0,
    "wikipedia_title": "Nazca lines",
    "wikipedia_url": "https://en.wikipedia.org/wiki/Nazca_lines",
    "wikidata_id": "Q2620036",
    "claim": "Erich von Däniken's founding example: hundreds of kilometres of dead-straight lines and vast figures visible only from altitude, read as runways and as signals to craft overhead.",
    "context": "The lines were made by clearing dark oxidised stones to expose pale ground beneath, a technique replicated in a day with stakes, cord and a few people; Joe Nickell's team reproduced a large figure to Nazca accuracy in 1982. Many figures are legible from surrounding foothills, and the same motifs appear on dated Nazca pottery and textiles. The accepted readings concern water and fertility ritual — supported by the Cantalloc aqueducts and by lines converging on water sources. Hundreds more geoglyphs have been found since 2019 using AI-assisted survey.",
    "summary": "The Nazca lines are a group of geoglyphs made in the soil of the Nazca Desert in southern Peru. They were created between 500 BC and 500 AD by people making depressions or shallow incisions in the desert floor, removing pebbles and leaving different-colored dirt exposed. There are two major phases of the Nazca lines, Paracas phase, from 400 to 200 BC, and Nazca phase, from 200 BC to 500 AD.",
    "tags": "unesco; geoglyph; nazca-culture; aqueducts; von-daniken"
   }
  },
  {
   "type": "Feature",
   "id": "palpa",
   "geometry": {
    "type": "Point",
    "coordinates": [
     -75.1861,
     -14.5397
    ]
   },
   "properties": {
    "id": "palpa",
    "name": "Palpa Geoglyphs",
    "subtitle": "Ica Region, Peru",
    "country": "Peru",
    "region": "South America",
    "category": "geoglyph",
    "category_label": "Geoglyph",
    "location_precision": "area",
    "coordinate_source": "authored",
    "celestial_body": "earth",
    "latitude": -14.5397,
    "longitude": -75.1861,
    "radius_km": 14.0,
    "wikipedia_title": "Palpa province",
    "wikipedia_url": "https://en.wikipedia.org/wiki/Palpa_province",
    "wikidata_id": "Q783136",
    "claim": "The Palpa figures — older than Nazca's, cut into hillsides and including humanoid forms with large heads — are presented as the earlier, more explicit phase of the same signalling programme.",
    "context": "Palpa's geoglyphs are attributed to the Paracas culture, roughly 400–200 BC, predating the Nazca lines by centuries. Their hillside placement makes them visible from the ground, which is the central interpretive point: they were meant to be seen by people on nearby paths. German–Peruvian survey since the 1990s has mapped and dated them systematically.",
    "summary": "Palpa is the smallest of five provinces of the Ica Region of Peru and the only landlocked province of the region. The capital of the province is the city of Palpa.",
    "tags": "geoglyph; paracas; hillside-figures"
   }
  },
  {
   "type": "Feature",
   "id": "cahuachi",
   "geometry": {
    "type": "Point",
    "coordinates": [
     -75.116667,
     -14.818611
    ]
   },
   "properties": {
    "id": "cahuachi",
    "name": "Cahuachi",
    "subtitle": "Nazca, Ica Region, Peru",
    "country": "Peru",
    "region": "South America",
    "category": "pyramid",
    "category_label": "Pyramid / Temple",
    "location_precision": "exact",
    "coordinate_source": "wikipedia",
    "celestial_body": "earth",
    "latitude": -14.818611,
    "longitude": -75.116667,
    "radius_km": 0.0,
    "wikipedia_title": "Cahuachi",
    "wikipedia_url": "https://en.wikipedia.org/wiki/Cahuachi",
    "wikidata_id": "Q1025802",
    "claim": "A 24 km² ceremonial centre beside the Nazca lines, with mounds of adobe and little residential evidence, is presented as a staging ground for the geoglyph programme rather than a city.",
    "context": "Giuseppe Orefici's long-running excavations identify Cahuachi exactly as a pilgrimage centre with low permanent population — that is the mainstream finding, and it fits the Nazca lines as ritual landscape. The mounds are modified natural hills faced with adobe. Textiles, musical instruments and trophy heads recovered there tie it directly to Nazca material culture.",
    "summary": "Cahuachi, in Peru, was a major ceremonial center of the Nazca culture, based from about 1–500 CE in the coastal area of Peru's central Andes. It overlooked some of the Nazca lines. The Italian archaeologist Giuseppe Orefici excavated at the site for the past few decades.",
    "tags": "nazca-culture; ceremonial-centre; adobe"
   }
  },
  {
   "type": "Feature",
   "id": "caral",
   "geometry": {
    "type": "Point",
    "coordinates": [
     -77.520278,
     -10.893611
    ]
   },
   "properties": {
    "id": "caral",
    "name": "Caral-Supe",
    "subtitle": "Barranca Province, Lima Region, Peru",
    "country": "Peru",
    "region": "South America",
    "category": "city",
    "category_label": "Ancient City",
    "location_precision": "exact",
    "coordinate_source": "wikipedia",
    "celestial_body": "earth",
    "latitude": -10.893611,
    "longitude": -77.520278,
    "radius_km": 0.0,
    "wikipedia_title": "Caral",
    "wikipedia_url": "https://en.wikipedia.org/wiki/Caral",
    "wikidata_id": "Q219279",
    "claim": "A city with sunken plazas and six pyramids, contemporary with the Egyptian Old Kingdom and with no evidence of warfare or defensive works, is presented as a planted settlement peacefully administered from outside.",
    "context": "Caral is genuinely one of the oldest urban centres in the Americas (c. 2600 BC) and its excavation by Ruth Shady transformed Andean prehistory. Its subsistence base — anchovy and sardine from the coast exchanged for cotton and squash — is documented in midden analysis, and the Norte Chico region holds around twenty contemporary sites showing regional development. The absence of fortification is a real and interesting finding about early Andean society.",
    "summary": "The Sacred City of Caral-Supe, or simply Caral, is an archaeological site in Peru where the remains of the main city of the Caral civilization are found. It is located in the Supe District of Peru, near the current town of Caral, 182 kilometres (113 mi) north of Lima, 23 kilometres (14 mi) from the coast and 350 meters above sea level. It is attributed an antiquity of 5,000 years and it is considered the oldest city in the Americas and one of the oldest in the world.",
    "tags": "unesco; oldest-city-americas; quipu; preceramic"
   }
  },
  {
   "type": "Feature",
   "id": "paracas",
   "geometry": {
    "type": "Point",
    "coordinates": [
     -76.25,
     -13.84
    ]
   },
   "properties": {
    "id": "paracas",
    "name": "Paracas",
    "subtitle": "Ica Region, Peru",
    "country": "Peru",
    "region": "South America",
    "category": "artifact",
    "category_label": "Artefact Locus",
    "location_precision": "exact",
    "coordinate_source": "authored",
    "celestial_body": "earth",
    "latitude": -13.84,
    "longitude": -76.25,
    "radius_km": 0.0,
    "wikipedia_title": "Paracas culture",
    "wikipedia_url": "https://en.wikipedia.org/wiki/Paracas_culture",
    "wikidata_id": "Q1127723",
    "claim": "The elongated Paracas skulls — with reported cranial volumes up to 25% greater than normal, fewer sutures and claimed anomalous DNA results — are the series' leading physical-evidence claim, alongside the 180 m Candelabra geoglyph on the bay's cliff.",
    "context": "Artificial cranial modification by binding infants' heads is documented worldwide — in Peru, Mesoamerica, the Caucasus, France and Melanesia — and reshapes without increasing volume. Published measurements on the Paracas series fall within human range. The 'anomalous DNA' claims come from unpublished commercial sequencing with no peer review, no chain of custody and contamination patterns typical of degraded ancient samples; the 2014 announcement's lab has never released data. Paracas textiles are, separately, among the finest in the ancient world.",
    "summary": "The Paracas culture was an Andean society existing between approximately 800 BCE and 100 BCE, located in what today is the Ica Region of Peru. The Paracas people had extensive knowledge of irrigation and water management and made significant contributions in the textile arts. Most of the information about the lives of the Paracas people comes from excavations at the large seaside Paracas site on the Paracas Peninsula, first formally investigated in the 1920s by Peruvian archaeologist Julio Tello.",
    "tags": "paracas-skulls; candelabra; textiles; cranial-modification"
   }
  },
  {
   "type": "Feature",
   "id": "machu-picchu",
   "geometry": {
    "type": "Point",
    "coordinates": [
     -72.545556,
     -13.163333
    ]
   },
   "properties": {
    "id": "machu-picchu",
    "name": "Machu Picchu — Temple of the Three Windows",
    "subtitle": "Cusco Region, Peru",
    "country": "Peru",
    "region": "South America",
    "category": "city",
    "category_label": "Ancient City",
    "location_precision": "exact",
    "coordinate_source": "wikipedia",
    "celestial_body": "earth",
    "latitude": -13.163333,
    "longitude": -72.545556,
    "radius_km": 0.0,
    "wikipedia_title": "Machu Picchu",
    "wikipedia_url": "https://en.wikipedia.org/wiki/Machu_Picchu",
    "wikidata_id": "Q676203",
    "claim": "Mortarless ashlar fitted so tightly a blade will not enter, on a 2,430 m ridge between fault lines, with solstice-aligned windows and the Intihuatana stone, is presented as impossible without stone-softening or cutting technology.",
    "context": "Machu Picchu is a 15th-century royal estate of Pachacuti, identified in Spanish colonial land documents. Inca masonry technique is directly observable: unfinished walls, abandoned blocks with pounding scars, hammerstones and the quarry inside the site itself all survive. Blocks were shaped by repeated percussion and fitted by trial, which is slow but needs no exotic method; the dry joints and trapezoidal openings are deliberate seismic design that has held through five centuries of earthquakes.",
    "summary": "Machu Picchu is a 15th-century Inca citadel located in the Eastern Cordillera of southern Peru on a mountain ridge at 2,430 meters (7,970 ft). It is situated in the Machupicchu District of Urubamba Province about 80 kilometers (50 miles) northwest of Cusco, above the Sacred Valley and along the Urubamba River, which forms a deep canyon with a subtropical mountain climate.",
    "tags": "unesco; inca; ashlar; intihuatana; archaeoastronomy"
   }
  },
  {
   "type": "Feature",
   "id": "ollantaytambo",
   "geometry": {
    "type": "Point",
    "coordinates": [
     -72.263333,
     -13.258056
    ]
   },
   "properties": {
    "id": "ollantaytambo",
    "name": "Ollantaytambo",
    "subtitle": "Sacred Valley, Cusco Region, Peru",
    "country": "Peru",
    "region": "South America",
    "category": "megalithic",
    "category_label": "Megalithic",
    "location_precision": "exact",
    "coordinate_source": "wikipedia",
    "celestial_body": "earth",
    "latitude": -13.258056,
    "longitude": -72.263333,
    "radius_km": 0.0,
    "wikipedia_title": "Ollantaytambo",
    "wikipedia_url": "https://en.wikipedia.org/wiki/Ollantaytambo",
    "wikidata_id": "Q916382",
    "claim": "The Wall of Six Monoliths — porphyry blocks of up to 70 tonnes quarried across the valley and 900 m above, then raised onto a terrace — with thin stone shims between them, is presented as machined work.",
    "context": "The Cachicata quarries are visible across the Urubamba and the whole logistics chain is preserved in place: dozens of abandoned blocks lie along the hauling ramps, with slide tracks, retaining works and the river crossing still traceable. Protzen's field experiments reproduced Inca dressing and fitting with hammerstones, and the shims are a documented Inca levelling technique. The site was unfinished when the Spanish arrived, which is why the method is so legible.",
    "summary": "Ollantaytambo (Quechua: Ullantaytampu) is a town and an Inca archaeological site in southern Peru some 72 km (45 mi) by road northwest of the city of Cusco. It is located at an altitude of 2,792 m (9,160 ft) above sea level in the district of Ollantaytambo, province of Urubamba, Cusco region. During the Inca Empire, Ollantaytambo in the Sacred Valley of the Incas was the royal estate of Emperor Pachacuti, after the mid-15th century.",
    "tags": "inca; sacred-valley; monoliths; quarry; terraces"
   }
  },
  {
   "type": "Feature",
   "id": "sacsayhuaman",
   "geometry": {
    "type": "Point",
    "coordinates": [
     -71.982222,
     -13.507778
    ]
   },
   "properties": {
    "id": "sacsayhuaman",
    "name": "Cusco & Sacsayhuamán",
    "subtitle": "Cusco Region, Peru",
    "country": "Peru",
    "region": "South America",
    "category": "megalithic",
    "category_label": "Megalithic",
    "location_precision": "exact",
    "coordinate_source": "wikipedia",
    "celestial_body": "earth",
    "latitude": -13.507778,
    "longitude": -71.982222,
    "radius_km": 0.0,
    "wikipedia_title": "Sacsayhuamán",
    "wikipedia_url": "https://en.wikipedia.org/wiki/Sacsayhuam%C3%A1n",
    "wikidata_id": "Q828336",
    "claim": "Andesite blocks estimated up to 125 tonnes, cut with convex and concave faces that interlock in three dimensions with no mortar and no gaps, are the series' primary Andean exhibit for stone-softening or directed-energy cutting.",
    "context": "The quarries at Rumiqolqa and Waqoto are identified and the hauling roads mapped; abandoned blocks lie along them with pounding marks and attachment nubs intact. Spanish chroniclers including Cieza de León and Garcilaso described the construction from eyewitness testimony, naming the labour rotations (mit'a) involved. Protzen demonstrated that the complex polygonal fit is produced by iterative pounding and test-fitting, which leaves exactly the dimpled surfaces observed.",
    "summary": "Sacsayhuamán ( SACK-sy-wuh-mən; Spanish pronunciation: [saksajwaˈman]) or Saksaywaman (from Quechua Saksay waman pukara, pronounced [ˈsaksaj ˈwaman], lit. 'fortress of the royal falcon or hawk') is a citadel on the northern outskirts of the city of Cusco, Peru, the historic capital of the Inca Empire. The site is an important example of Inca architecture and sits at an altitude of 3,701 metres (12,142 ft).",
    "tags": "unesco; inca; cyclopean; puma-shape; zigzag-walls"
   }
  },
  {
   "type": "Feature",
   "id": "coricancha",
   "geometry": {
    "type": "MultiPoint",
    "coordinates": [
     [
      -71.9751,
      -13.5201
     ],
     [
      -72.03,
      -13.41
     ]
    ]
   },
   "properties": {
    "id": "coricancha",
    "name": "Coricancha & Lake Puray",
    "subtitle": "Cusco Region, Peru",
    "country": "Peru",
    "region": "South America",
    "category": "pyramid",
    "category_label": "Pyramid / Temple",
    "location_precision": "exact",
    "coordinate_source": "authored",
    "celestial_body": "earth",
    "latitude": -13.5201,
    "longitude": -71.9751,
    "radius_km": 0.0,
    "wikipedia_title": "Coricancha",
    "wikipedia_url": "https://en.wikipedia.org/wiki/Coricancha",
    "wikidata_id": "Q817594",
    "claim": "The Temple of the Sun, whose walls were sheathed in gold and whose garden held life-sized gold maize and llamas, is presented as the repository of off-world metalworking — and the forty-one ceque sightlines radiating from it as a surveyed grid.",
    "context": "Coricancha's Inca walls survive beneath the Dominican convent built over them, and the gold's fate is documented: it was stripped for Atahualpa's ransom and melted, recorded in Spanish accounts with weights. The ceque system was reconstructed by Bernabé Cobo and analysed by Tom Zuidema and Brian Bauer — a genuine radial organisation of shrines, calendar and kin groups, and a major achievement of Andean spatial thought.",
    "summary": "The Coricancha (Cusco Quechua: Quri Kancha, lit. 'golden temple', pronounced [ˈqɔɾi ˈkantʃa]) was the most important temple in the Inca Empire, and was described by early Spanish colonialists. It is located in Cusco, Peru, which was the capital of the empire.",
    "tags": "inca; temple-of-the-sun; gold; ceque-system"
   }
  },
  {
   "type": "Feature",
   "id": "x-zone-cusco",
   "geometry": {
    "type": "Point",
    "coordinates": [
     -71.976,
     -13.506
    ]
   },
   "properties": {
    "id": "x-zone-cusco",
    "name": "X-Zone, Sacsayhuamán",
    "subtitle": "Cusco Region, Peru",
    "country": "Peru",
    "region": "South America",
    "category": "megalithic",
    "category_label": "Megalithic",
    "location_precision": "approximate",
    "coordinate_source": "authored",
    "celestial_body": "earth",
    "latitude": -13.506,
    "longitude": -71.976,
    "radius_km": 0.0,
    "wikipedia_title": "Sacsayhuamán",
    "wikipedia_url": "https://en.wikipedia.org/wiki/Sacsayhuam%C3%A1n",
    "wikidata_id": "Q828336",
    "claim": "An area of carved bedrock near Sacsayhuamán — stepped platforms, channels, seats and tunnels cut directly into living rock, with no clear function — is presented as melted or machined stone.",
    "context": "The carved outcrops around Cusco are huacas: sacred stones modified as ritual architecture, documented across the Inca heartland at Qenqo, Chinkana, Lacco and Kusilluchayoq, and integrated into the ceque system. The forms are chiselled and ground from andesite and limestone; tool marks are visible at close range, and unfinished examples show the stages. The 'X-Zone' is a tour name rather than an archaeological designation.",
    "summary": "Sacsayhuamán ( SACK-sy-wuh-mən; Spanish pronunciation: [saksajwaˈman]) or Saksaywaman (from Quechua Saksay waman pukara, pronounced [ˈsaksaj ˈwaman], lit. 'fortress of the royal falcon or hawk') is a citadel on the northern outskirts of the city of Cusco, Peru, the historic capital of the Inca Empire. The site is an important example of Inca architecture and sits at an altitude of 3,701 metres (12,142 ft).",
    "tags": "inca; carved-bedrock; huaca; unresolved-reference"
   }
  },
  {
   "type": "Feature",
   "id": "lake-titicaca",
   "geometry": {
    "type": "Point",
    "coordinates": [
     -69.4,
     -15.75
    ]
   },
   "properties": {
    "id": "lake-titicaca",
    "name": "Lake Titicaca",
    "subtitle": "Peru / Bolivia border",
    "country": "Peru / Bolivia",
    "region": "South America",
    "category": "landform",
    "category_label": "Landform",
    "location_precision": "area",
    "coordinate_source": "authored",
    "celestial_body": "earth",
    "latitude": -15.75,
    "longitude": -69.4,
    "radius_km": 90.0,
    "wikipedia_title": "Lake Titicaca",
    "wikipedia_url": "https://en.wikipedia.org/wiki/Lake_Titicaca",
    "wikidata_id": "Q35342",
    "claim": "Andean tradition places Viracocha's emergence here, and submerged structures on the lake floor plus marine fossils at 3,812 m are presented as evidence of a drowned civilisation and a catastrophic uplift.",
    "context": "Submerged remains are real and excavated: the Khoa Reef offerings near Isla del Sol were documented by underwater archaeologists in 2013–19, and Tiwanaku-period structures lie in shallow water — products of lake-level fluctuation, which palaeoclimate cores track in detail. The marine fossils are Cretaceous, uplifted over tens of millions of years by Andean orogeny at a few millimetres a year — a rate measured directly by GPS geodesy.",
    "summary": "Lake Titicaca (Spanish: Lago Titicaca [ˈlaɣo titiˈkaka]; Quechua: Titiqaqa and Aymara: Titiqaqa) is a large lake in the Andes mountains on the border of Bolivia and Peru. It is often called the highest navigable lake in the world. It is often listed as a freshwater lake, though its waters are slightly brackish.",
    "tags": "viracocha; high-altitude; submerged-ruins; uros"
   }
  },
  {
   "type": "Feature",
   "id": "hayu-marca",
   "geometry": {
    "type": "Point",
    "coordinates": [
     -69.65,
     -15.95
    ]
   },
   "properties": {
    "id": "hayu-marca",
    "name": "Puerta de Hayu Marca",
    "subtitle": "Near Puno, Peru",
    "country": "Peru",
    "region": "South America",
    "category": "megalithic",
    "category_label": "Megalithic",
    "location_precision": "approximate",
    "coordinate_source": "authored",
    "celestial_body": "earth",
    "latitude": -15.95,
    "longitude": -69.65,
    "radius_km": 0.0,
    "wikipedia_title": "",
    "wikipedia_url": "",
    "wikidata_id": "",
    "claim": "A 7 m T-shaped recess cut into a rock face near Lake Titicaca, with a smaller niche at its base, is presented as a sealed doorway — a portal through which a priest named Aramu Muru is said to have departed with a golden disc.",
    "context": "The feature is a partly worked natural rock face in a region of heavily jointed sandstone; the recess is shallow, with no chamber, threshold or fittings behind it, and comparable false-door niches are a recognised Andean form found at Tiwanaku and in Inca huacas. The Aramu Muru story appears in New Age literature from the 1990s and not in colonial or earlier Andean sources.",
    "summary": "",
    "tags": "gate-of-the-gods; rock-face; aramu-muru"
   }
  },
  {
   "type": "Feature",
   "id": "puma-punku",
   "geometry": {
    "type": "Point",
    "coordinates": [
     -68.67993,
     -16.56169
    ]
   },
   "properties": {
    "id": "puma-punku",
    "name": "Pumapunku & Tiwanaku",
    "subtitle": "La Paz Department, Bolivia",
    "country": "Bolivia",
    "region": "South America",
    "category": "megalithic",
    "category_label": "Megalithic",
    "location_precision": "exact",
    "coordinate_source": "wikipedia",
    "celestial_body": "earth",
    "latitude": -16.56169,
    "longitude": -68.67993,
    "radius_km": 0.0,
    "wikipedia_title": "Pumapunku",
    "wikipedia_url": "https://en.wikipedia.org/wiki/Pumapunku",
    "wikidata_id": "Q665223",
    "claim": "The H-blocks of Pumapunku — andesite cut to interchangeable profiles with flat faces, sharp interior angles and drilled channels — plus 130-tonne sandstone slabs, are presented as machine-made to a standard template, with Arthur Posnansky's archaeoastronomical dating pushing the site to 15,000 BC.",
    "context": "Tiwanaku is radiocarbon-dated to roughly AD 500–1000, not 15,000 BC; Posnansky's figure came from assuming the obliquity of the ecliptic at construction and has been superseded by direct dating. Sandstone came from Kimsachata 10 km south and andesite from the Copacabana peninsula across the lake, both identified petrologically. Jean-Pierre Protzen and Stella Nair showed the interchangeable profiles were produced from templates by percussion and grinding — modular prefabrication, which is a real and impressive engineering choice. Unfinished blocks on site preserve the stages.",
    "summary": "Pumapunku or Puma Punku (Aymara and Quechua 'Gate of the Puma') is a 6th-century T-shaped and strategically aligned man-made terraced platform mound with a sunken court and monumental structure on top, near Tiwanaku, La Paz, Bolivia. It is part of the Pumapunku complex, at the Tiwanaku Site, an ancient archeological complex in the Andes of western Bolivia that has been designated a UNESCO World Heritage Site.",
    "tags": "unesco; tiwanaku; h-blocks; andesite; gateway-of-the-sun"
   }
  },
  {
   "type": "Feature",
   "id": "paititi",
   "geometry": {
    "type": "Point",
    "coordinates": [
     -71.5,
     -12.9
    ]
   },
   "properties": {
    "id": "paititi",
    "name": "Paititi Region",
    "subtitle": "South-eastern Andes–Amazon, Peru",
    "country": "Peru",
    "region": "South America",
    "category": "region",
    "category_label": "Broad Region",
    "location_precision": "area",
    "coordinate_source": "authored",
    "celestial_body": "earth",
    "latitude": -12.9,
    "longitude": -71.5,
    "radius_km": 150.0,
    "wikipedia_title": "Paititi",
    "wikipedia_url": "https://en.wikipedia.org/wiki/Paititi",
    "wikidata_id": "Q1664177",
    "claim": "A lost Inca city of gold in the cloud forest east of Cusco, sought for four centuries and never found, is presented as a site deliberately concealed — or as still occupied.",
    "context": "Paititi is a composite legend rooted in genuine Inca retreat into the Antisuyu after 1532 and in colonial-era gold fever. The region does hold real undocumented archaeology: Espíritu Pampa (Vilcabamba) was identified as the last Inca capital, and airborne LiDAR has since revealed extensive pre-Columbian settlement under Amazonian canopy at Llanos de Mojos and Upano. The terrain's difficulty, not concealment, explains the gaps.",
    "summary": "Paititi is an Incan legendary lost city or utopian rich land. It allegedly lies east of the Andes, hidden somewhere within the remote rainforests of southeast Peru, northern Bolivia or northwest Brazil. The Paititi legend in Peru revolves around the story of Inkarri, an Incan culture-hero, who founded Q'ero and Cusco, and afterwards retreated toward the jungles of Pantiacolla to live out the rest of his days in his refuge city of Paititi.",
    "tags": "legend; lost-city; cloud-forest; lidar"
   }
  },
  {
   "type": "Feature",
   "id": "peru-general",
   "geometry": {
    "type": "Point",
    "coordinates": [
     -75.0152,
     -9.19
    ]
   },
   "properties": {
    "id": "peru-general",
    "name": "Peru",
    "subtitle": "Republic of Peru (regional)",
    "country": "Peru",
    "region": "South America",
    "category": "region",
    "category_label": "Broad Region",
    "location_precision": "area",
    "coordinate_source": "authored",
    "celestial_body": "earth",
    "latitude": -9.19,
    "longitude": -75.0152,
    "radius_km": 800.0,
    "wikipedia_title": "Peru",
    "wikipedia_url": "https://en.wikipedia.org/wiki/Peru",
    "wikidata_id": "Q419",
    "claim": "Peru is the series' densest cluster after Egypt: Nazca, Sacsayhuamán, Ollantaytambo, Paracas and Machu Picchu are presented together as one engineering programme spanning millennia.",
    "context": "Andean archaeology provides a continuous 5,000-year sequence — Caral, Chavín, Paracas, Nazca, Moche, Wari, Tiwanaku, Chimú, Inca — in which masonry, metallurgy, textiles and hydraulics develop traceably, each culture building on the last. The Inca state itself lasted under a century at full extent, which is why so many of its sites were unfinished and their methods are legible.",
    "summary": "Peru, officially the Republic of Peru, is a country in western South America. It is bordered to the north by Ecuador and Colombia, to the east by Brazil, to the southeast by Bolivia, to the south by Chile, and to the south and west by the Pacific Ocean. Peru is a megadiverse country, with habitats ranging from the arid plains of the Pacific coastal region in the west, to the peaks of the Andes mountains extending from the north to the southeast of the country, to the tropical Amazon basin rainforest in the east with the Amazon River.",
    "tags": "regional; inca; andes; chronology"
   }
  },
  {
   "type": "Feature",
   "id": "colombia",
   "geometry": {
    "type": "Point",
    "coordinates": [
     -74.2973,
     4.5709
    ]
   },
   "properties": {
    "id": "colombia",
    "name": "Colombia",
    "subtitle": "Republic of Colombia (regional)",
    "country": "Colombia",
    "region": "South America",
    "category": "region",
    "category_label": "Broad Region",
    "location_precision": "area",
    "coordinate_source": "authored",
    "celestial_body": "earth",
    "latitude": 4.5709,
    "longitude": -74.2973,
    "radius_km": 600.0,
    "wikipedia_title": "Colombia",
    "wikipedia_url": "https://en.wikipedia.org/wiki/Colombia",
    "wikidata_id": "Q739",
    "claim": "Muisca goldwork — including the tunjo figurines and the so-called 'Gold Flyer' models that some claim resemble delta-winged aircraft — is presented as scale modelling of observed craft.",
    "context": "The Quimbaya and Muisca figurines are catalogued votive objects, and zoologists identify the 'aircraft' forms as stylised fish, insects, bats and flying reptiles — motifs that recur across the same assemblages in unambiguous versions. Colombian goldwork used lost-wax casting and depletion gilding, techniques documented in excavated workshops. San Agustín's monumental statuary and Ciudad Perdida are the region's major archaeological complexes.",
    "summary": "Colombia, officially the Republic of Colombia, is a country located in South America, with insular regions in North America. Colombia's mainland is bordered by the Caribbean Sea to the north, Venezuela to the east, Brazil to the southeast, Peru and Ecuador to the south and southwest, the Pacific Ocean to the west, and Panama to the northwest. Colombia is divided into 32 departments.",
    "tags": "regional; muisca; gold; san-agustin"
   }
  },
  {
   "type": "Feature",
   "id": "lake-guatavita",
   "geometry": {
    "type": "Point",
    "coordinates": [
     -73.775,
     4.9775
    ]
   },
   "properties": {
    "id": "lake-guatavita",
    "name": "Lake Guatavita",
    "subtitle": "Cundinamarca, Colombia",
    "country": "Colombia",
    "region": "South America",
    "category": "sacred",
    "category_label": "Sacred Site",
    "location_precision": "exact",
    "coordinate_source": "wikipedia",
    "celestial_body": "earth",
    "latitude": 4.9775,
    "longitude": -73.775,
    "radius_km": 0.0,
    "wikipedia_title": "Lake Guatavita",
    "wikipedia_url": "https://en.wikipedia.org/wiki/Lake_Guatavita",
    "wikidata_id": "Q1552915",
    "claim": "The ritual lake behind the El Dorado legend — where a gilded Muisca chief was rafted out to cast gold into the water — is presented as a deposit site for offerings to beings who arrived there.",
    "context": "Muisca lake offerings are archaeologically confirmed; the Muisca raft in Bogotá's Gold Museum, recovered from a cave near Pasca, depicts the ceremony directly. Spanish drainage attempts from 1562 onward, including Antonio de Sepúlveda's partial cut of the rim, recovered gold and are documented in colonial records. The lake is a volcanic or impact-related depression, now a protected site where diving is prohibited.",
    "summary": "Lake Guatavita (Spanish: Laguna Guatavita) is located in the Cordillera Oriental of the Colombian Andes in the municipality of Sesquilé in the Almeidas Province, Cundinamarca department of Colombia, 57 km (35 mi) northeast of Bogotá, the capital of Colombia. This lake is famous for being the inspiration for the legendary El Dorado.",
    "tags": "muisca; el-dorado; offerings; crater-lake"
   }
  },
  {
   "type": "Feature",
   "id": "magdalena-river",
   "geometry": {
    "type": "Point",
    "coordinates": [
     -74.7,
     7.0
    ]
   },
   "properties": {
    "id": "magdalena-river",
    "name": "Magdalena River",
    "subtitle": "Colombia",
    "country": "Colombia",
    "region": "South America",
    "category": "landform",
    "category_label": "Landform",
    "location_precision": "area",
    "coordinate_source": "authored",
    "celestial_body": "earth",
    "latitude": 7.0,
    "longitude": -74.7,
    "radius_km": 300.0,
    "wikipedia_title": "Magdalena River",
    "wikipedia_url": "https://en.wikipedia.org/wiki/Magdalena_River",
    "wikidata_id": "Q191829",
    "claim": "Referenced as the artery into Colombia's interior used by treasure-seeking expeditions, and for fossil finds along its course cited as out-of-place remains.",
    "context": "The Magdalena is Colombia's principal river and the main colonial route inland. Its basin is genuinely important palaeontologically — the La Venta fauna of the Honda Group is a world-class Miocene vertebrate assemblage, and Villa de Leyva's Cretaceous marine reptiles are a major Colombian heritage site. These are dated, catalogued and published, with nothing out of sequence.",
    "summary": "The Magdalena River (Spanish: Río Magdalena, Spanish pronunciation: [ˈri.o maɣðaˈlena]; less commonly Rio Grande de la Magdalena) is the main river of Colombia, flowing northward about 1,528 kilometres (949 mi) through the western half of the country. It takes its name from the biblical figure Mary Magdalene. It is navigable through much of its lower reaches, in spite of the shifting sand bars at the mouth of its delta, as far as Honda, at the downstream base of its rapids.",
    "tags": "river; fossils; navigation"
   }
  },
  {
   "type": "Feature",
   "id": "brazil-mica",
   "geometry": {
    "type": "Point",
    "coordinates": [
     -44.0,
     -18.5
    ]
   },
   "properties": {
    "id": "brazil-mica",
    "name": "Minas Gerais — Mica Districts",
    "subtitle": "Brazil",
    "country": "Brazil",
    "region": "South America",
    "category": "artifact",
    "category_label": "Artefact Locus",
    "location_precision": "area",
    "coordinate_source": "authored",
    "celestial_body": "earth",
    "latitude": -18.5,
    "longitude": -44.0,
    "radius_km": 400.0,
    "wikipedia_title": "Minas Gerais",
    "wikipedia_url": "https://en.wikipedia.org/wiki/Minas_Gerais",
    "wikidata_id": "Q39109",
    "claim": "Mica sheets found at Teotihuacan are said to have been sourced 3,000 miles away in Brazil, implying intercontinental transport beyond any known ancient capability.",
    "context": "The Brazil attribution traces to a 1950s-era trace-element claim that has not been replicated, and Mexico has its own substantial mica-bearing pegmatites in Oaxaca, Hidalgo and Jalisco. Mesoamerican long-distance exchange is real but regional, and well mapped by obsidian and jade sourcing. Minas Gerais is genuinely one of the world's great pegmatite provinces — which is why it was the modern industrial source and so the one that came to mind.",
    "summary": "Minas Gerais (English: , MIN-əs zhə-RYS; Brazilian Portuguese: [ˈminɐz ʒeˈɾajs] ; lit. 'General Mines') is one of the 27 federative units of Brazil, being the fourth largest state by area and the second largest in number of inhabitants with a population of 20,539,989 according to the 2022 census. Located in the Southeast Region of the country, it is bordered by São Paulo in the south and southwest; Mato Grosso do Sul to the west; Goiás and the Federal District to the northwest; Bahia to the north and northeast; Espírito Santo to the east; and Rio de Janeiro to the southeast.",
    "tags": "mica; pegmatite; trade; teotihuacan-link"
   }
  },
  {
   "type": "Feature",
   "id": "atacama-giant",
   "geometry": {
    "type": "Point",
    "coordinates": [
     -69.633056,
     -19.948889
    ]
   },
   "properties": {
    "id": "atacama-giant",
    "name": "Atacama Giant, Cerro Unitas",
    "subtitle": "Tarapacá Region, Chile",
    "country": "Chile",
    "region": "South America",
    "category": "geoglyph",
    "category_label": "Geoglyph",
    "location_precision": "exact",
    "coordinate_source": "wikipedia",
    "celestial_body": "earth",
    "latitude": -19.948889,
    "longitude": -69.633056,
    "radius_km": 0.0,
    "wikipedia_title": "Atacama Giant",
    "wikipedia_url": "https://en.wikipedia.org/wiki/Atacama_Giant",
    "wikidata_id": "Q1156421",
    "claim": "A 119 m anthropomorphic figure on a desert hillside — the largest prehistoric human figure on Earth, with a rayed headdress and rectangular body — is presented as a portrait of a visitor in a suit and helmet.",
    "context": "The figure is attributed to Andean cultures of roughly AD 1000–1400 and sits among more than 5,000 geoglyphs along the Atacama's caravan routes, many depicting llamas, llama trains and human figures. It is read as a deity or lunar calendar marker: the headdress rays align with the moon's position at different seasons, giving caravan travellers a reference. The desert's hyperaridity is why the whole corpus survives.",
    "summary": "The Atacama Giant (Spanish: Gigante de Atacama) is an anthropomorphic geoglyph on the Cerro Unita area of the Atacama Desert, Chile. At about 119 meters (390 feet), is the largest prehispanic anthropomorphic geoglyph. It has been suggested that it represents a shaman, spiritual figure or deity.",
    "tags": "geoglyph; atacama; archaeoastronomy; largest-anthropomorph"
   }
  },
  {
   "type": "Feature",
   "id": "el-enladrillado",
   "geometry": {
    "type": "Point",
    "coordinates": [
     -70.95,
     -35.4667
    ]
   },
   "properties": {
    "id": "el-enladrillado",
    "name": "El Enladrillado",
    "subtitle": "Altos de Lircay, Maule Region, Chile",
    "country": "Chile",
    "region": "South America",
    "category": "megalithic",
    "category_label": "Megalithic",
    "location_precision": "approximate",
    "coordinate_source": "authored",
    "celestial_body": "earth",
    "latitude": -35.4667,
    "longitude": -70.95,
    "radius_km": 0.0,
    "wikipedia_title": "Altos de Lircay National Reserve",
    "wikipedia_url": "https://en.wikipedia.org/wiki/Altos_de_Lircay_National_Reserve",
    "wikidata_id": "Q4736971",
    "claim": "A high Andean plateau paved with hundreds of flat basalt slabs in apparent rows, locally reputed as a landing field with a frequent sighting record, is presented as an engineered platform at 2,200 m.",
    "context": "The slabs are columnar basalt: lava cooling into polygonal columns that weather and spall into flat-topped pavement — the same process that makes the Giant's Causeway and Devils Postpile. The arrangement follows the flow's cooling joints. No archaeological survey has reported tool marks, quarrying or cultural deposits. The area is a Chilean national reserve.",
    "summary": "Altos de Lircay National Reserve is a 121.63 km2 (46.96 mi2) nature reserve located in Talca Province, Maule Region, Chile. It lies in a pre-Andean area close to Radal Siete Tazas National Park, as well as the Descabezado Grande and Cerro Azul volcanoes.",
    "tags": "basalt; plateau; ufo-hotspot; columnar-jointing"
   }
  },
  {
   "type": "Feature",
   "id": "antofagasta-concepcion",
   "geometry": {
    "type": "MultiPoint",
    "coordinates": [
     [
      -70.3975,
      -23.6509
     ],
     [
      -73.0498,
      -36.827
     ]
    ]
   },
   "properties": {
    "id": "antofagasta-concepcion",
    "name": "Antofagasta & Concepción",
    "subtitle": "Chile",
    "country": "Chile",
    "region": "South America",
    "category": "ufo",
    "category_label": "UFO Incident",
    "location_precision": "area",
    "coordinate_source": "authored",
    "celestial_body": "earth",
    "latitude": -30.239,
    "longitude": -71.7236,
    "radius_km": 700.0,
    "wikipedia_title": "Antofagasta",
    "wikipedia_url": "https://en.wikipedia.org/wiki/Antofagasta",
    "wikidata_id": "Q3612",
    "claim": "Chilean cases from these two cities feature in the series as state-investigated encounters, including naval and air-force reports handled by CEFAA, Chile's official aerial-phenomena committee.",
    "context": "CEFAA is genuine — a civil aviation authority body, one of very few worldwide — and it publishes conclusions. Its most publicised case, the 2014 Chilean Navy helicopter infrared footage released in 2017, was independently analysed and identified as an airliner's contrail lit by low sun, with the flight matched by schedule and transponder data. CEFAA has since acknowledged that explanation.",
    "summary": "Antofagasta (Spanish pronunciation: [antofaˈɣasta] ) is a port city in northern Chile, about 1,100 kilometres (700 mi) north of Santiago. It is the capital of Antofagasta Province and Antofagasta Region. As of the 2024 census, with a population of 401,096, it is the 5th-largest city in Chile.",
    "tags": "sighting; cefaa; chile"
   }
  },
  {
   "type": "Feature",
   "id": "tierra-del-fuego",
   "geometry": {
    "type": "Point",
    "coordinates": [
     -68.5,
     -54.0
    ]
   },
   "properties": {
    "id": "tierra-del-fuego",
    "name": "Tierra del Fuego — Selk'nam Territory",
    "subtitle": "Chile & Argentina",
    "country": "Chile / Argentina",
    "region": "South America",
    "category": "sacred",
    "category_label": "Sacred Site",
    "location_precision": "area",
    "coordinate_source": "authored",
    "celestial_body": "earth",
    "latitude": -54.0,
    "longitude": -68.5,
    "radius_km": 200.0,
    "wikipedia_title": "Selkʼnam people",
    "wikipedia_url": "https://en.wikipedia.org/wiki/Selk%CA%BCnam_people",
    "wikidata_id": "Q1349118",
    "claim": "Martin Gusinde's 1920s photographs of the Selk'nam Hain initiation — figures in conical masks and striped full-body paint — are among the series' most striking images, presented as depictions of visitors.",
    "context": "The photographs are real and are an irreplaceable ethnographic record, taken with the participation of Selk'nam elders who explained the ceremony to Gusinde. The figures are named spirits of the Hain, each with a role in a documented initiation drama; the designs are recorded in the ethnography by name and meaning. The Selk'nam were subjected to genocide during the Patagonian sheep expansion, and the photographs date from the final years of the practice. Selk'nam descendants have recently won formal recognition in Chile.",
    "summary": "The Selkʼnam, also known as the Onawo or Ona people, are an Indigenous people in the Patagonian region of southern Argentina and Chile, including the Tierra del Fuego islands. They were one of the last native groups in South America to be encountered by migrant Europeans in the late 19th century.",
    "tags": "selknam; hain; body-paint; ethnography"
   }
  },
  {
   "type": "Feature",
   "id": "galapagos-vents",
   "geometry": {
    "type": "Point",
    "coordinates": [
     -86.1333,
     0.7833
    ]
   },
   "properties": {
    "id": "galapagos-vents",
    "name": "Galápagos Rift — Hydrothermal Vents",
    "subtitle": "Eastern Pacific, Ecuador",
    "country": "Ecuador",
    "region": "South America",
    "category": "underwater",
    "category_label": "Submerged",
    "location_precision": "approximate",
    "coordinate_source": "authored",
    "celestial_body": "earth",
    "latitude": 0.7833,
    "longitude": -86.1333,
    "radius_km": 0.0,
    "wikipedia_title": "Hydrothermal vent",
    "wikipedia_url": "https://en.wikipedia.org/wiki/Hydrothermal_vent",
    "wikidata_id": "Q867648",
    "claim": "The 1977 discovery of chemosynthetic ecosystems at the Galápagos Rift — life thriving in darkness at 400 °C without sunlight — is used to argue that life's origin requires explanation beyond Earth, and so arrived from elsewhere.",
    "context": "The discovery by Alvin's crew is one of the most significant in 20th-century biology, and it cuts the other way: vents supply exactly the chemical disequilibrium, mineral catalysts and temperature gradients that leading abiogenesis models require, and alkaline hydrothermal systems are now a mainstream candidate for life's origin on this planet. They are also the primary analogue for Europa and Enceladus.",
    "summary": "Hydrothermal vents are fissures on the seabed from which geothermally heated water discharges. They are commonly found near volcanically active places, areas where tectonic plates are moving apart at mid-ocean ridges, ocean basins, and hotspots. The dispersal of hydrothermal fluids throughout the global ocean at active vent sites creates hydrothermal plumes.",
    "tags": "hydrothermal; chemosynthesis; abiogenesis; alvin"
   }
  },
  {
   "type": "Feature",
   "id": "ramesseum",
   "geometry": {
    "type": "Point",
    "coordinates": [
     32.610556,
     25.727778
    ]
   },
   "properties": {
    "id": "ramesseum",
    "name": "Ramesseum, Thebes",
    "subtitle": "Luxor Governorate, Egypt",
    "country": "Egypt",
    "region": "Africa",
    "category": "pyramid",
    "category_label": "Pyramid / Temple",
    "location_precision": "exact",
    "coordinate_source": "wikipedia",
    "celestial_body": "earth",
    "latitude": 25.727778,
    "longitude": 32.610556,
    "radius_km": 0.0,
    "wikipedia_title": "Ramesseum",
    "wikipedia_url": "https://en.wikipedia.org/wiki/Ramesseum",
    "wikidata_id": "Q311581",
    "claim": "The shattered 1,000-tonne colossus of Ramesses II — a single block of Aswan granite quarried 200 km upriver and carved to a polish — is presented as beyond any plausible Bronze Age lifting or finishing capability.",
    "context": "The seated colossus is carved from one block, and the quarry at Aswan preserves the extraction process: the Unfinished Obelisk lies there still attached to bedrock, with trenching, wedge slots and dolerite pounding marks visible along its whole length. River transport on purpose-built barges at inundation is attested in reliefs at Deir el-Bahari and in the Hatshepsut obelisk scenes. The Ramesseum's own inscriptions and the Papyrus of the Ramesseum date and attribute the complex.",
    "summary": "The Ramesseum is the memorial temple (or mortuary temple) of Pharaoh Ramesses II (\"Ramesses the Great\"). It is located in the Theban Necropolis in Upper Egypt, on the west of the River Nile, across from the modern city of Luxor.",
    "tags": "unesco; new-kingdom; colossus; ozymandias"
   }
  },
  {
   "type": "Feature",
   "id": "cave-of-tayos",
   "geometry": {
    "type": "Point",
    "coordinates": [
     -78.205361,
     -3.052083
    ]
   },
   "properties": {
    "id": "cave-of-tayos",
    "name": "Cueva de los Tayos",
    "subtitle": "Morona-Santiago, Ecuador",
    "country": "Ecuador",
    "region": "South America",
    "category": "underground",
    "category_label": "Subterranean",
    "location_precision": "exact",
    "coordinate_source": "wikipedia",
    "celestial_body": "earth",
    "latitude": -3.052083,
    "longitude": -78.205361,
    "radius_km": 0.0,
    "wikipedia_title": "Cueva de los Tayos",
    "wikipedia_url": "https://en.wikipedia.org/wiki/Cueva_de_los_Tayos",
    "wikidata_id": "Q5192642",
    "claim": "Juan Moricz claimed in 1969 to have found a 'metal library' of engraved plates deep inside this Shuar-held cave system, with worked passages and gold artefacts; the 1976 British–Ecuadorian expedition that followed — with Neil Armstrong as honorary president — is cited as proof that the claim was taken seriously at the highest level.",
    "context": "The 1976 expedition was real, large and well publicised, and it found no library, no metal plates and no worked chambers — its genuine results were zoological and speleological, plus a burial of ordinary archaeological interest. Moricz never produced the plates or showed anyone the chamber, and the passages are limestone karst shaped by water. The cave is sacred to the Shuar, who harvest oilbird (tayos) chicks there, and access is at their discretion.",
    "summary": "Cueva de los Tayos (Spanish, \"Cave of the Oilbirds\") is a cave located on the eastern slopes of the Andes Mountains in the Morona-Santiago province of Ecuador. It owes its name to being the home of the native nocturnal birds called tayos (Steatornis caripensis), which live in numerous caves in the Andean jungles of South America.",
    "tags": "karst; shuar; metal-library; 1976-expedition"
   }
  },
  {
   "type": "Feature",
   "id": "antarctica-victoria-land",
   "geometry": {
    "type": "Point",
    "coordinates": [
     160.0,
     -72.0
    ]
   },
   "properties": {
    "id": "antarctica-victoria-land",
    "name": "Victoria Land & the Oates Coast",
    "subtitle": "East Antarctica",
    "country": "Antarctica (Antarctic Treaty)",
    "region": "Antarctica & Southern Ocean",
    "category": "region",
    "category_label": "Broad Region",
    "location_precision": "area",
    "coordinate_source": "authored",
    "celestial_body": "earth",
    "latitude": -72.0,
    "longitude": 160.0,
    "radius_km": 800.0,
    "wikipedia_title": "Victoria Land",
    "wikipedia_url": "https://en.wikipedia.org/wiki/Victoria_Land",
    "wikidata_id": "Q208965",
    "claim": "The 1513 Piri Reis map, said to show an ice-free Antarctic coastline, plus satellite images read as pyramids in the Transantarctic ranges, are presented as evidence of a civilisation beneath the ice and of a deliberately restricted continent.",
    "context": "The Piri Reis map's southern landmass is a conventional cartographic Terra Australis, and the coastline does not match Antarctica's subglacial topography as mapped by BEDMAP radar; Charles Hapgood's correlation required substantial reprojection. Antarctica has been ice-covered for roughly 34 million years. The 'pyramids' are nunataks — glacially carved horns, the same form as the Matterhorn, common throughout the range. Access is restricted by the Antarctic Treaty's environmental protocols and by logistics, not secrecy.",
    "summary": "Victoria Land is a region in eastern Antarctica which fronts the western side of the Ross Sea and the Ross Ice Shelf, extending southward from about 70°30'S to 78°00'S, and westward from the Ross Sea to the edge of the Antarctic Plateau. It was discovered by Captain James Clark Ross in January 1841 and named after Queen Victoria. The rocky promontory of Minna Bluff is often regarded as the southernmost point of Victoria Land, and separates the Scott Coast to the north from the Hillary Coast of the Ross Dependency to the south.",
    "tags": "dry-valleys; transantarctic; piri-reis; regional"
   }
  },
  {
   "type": "Feature",
   "id": "mcmurdo-station",
   "geometry": {
    "type": "Point",
    "coordinates": [
     166.668235,
     -77.846323
    ]
   },
   "properties": {
    "id": "mcmurdo-station",
    "name": "McMurdo Station, Ross Island",
    "subtitle": "Ross Dependency, Antarctica",
    "country": "Antarctica (United States)",
    "region": "Antarctica & Southern Ocean",
    "category": "research",
    "category_label": "Research Centre",
    "location_precision": "exact",
    "coordinate_source": "wikipedia",
    "celestial_body": "earth",
    "latitude": -77.846323,
    "longitude": 166.668235,
    "radius_km": 0.0,
    "wikipedia_title": "McMurdo Station",
    "wikipedia_url": "https://en.wikipedia.org/wiki/McMurdo_Station",
    "wikidata_id": "Q498627",
    "claim": "The scale of the US Antarctic Program — an airfield, a former nuclear reactor, continuous military airlift and high-profile visitors — is presented as cover for work at a site under the ice.",
    "context": "McMurdo is the logistics hub for US Antarctic science, and its operations are published in annual USAP reports with open science plans. The PM-3A reactor operated 1962–72 and was removed; its decommissioning is documented. The research it supports is likewise public: the IceCube neutrino observatory at the Pole, ice-core palaeoclimate programmes, and the Antarctic meteorite collection that yielded the Martian meteorite ALH84001.",
    "summary": "McMurdo Station is an American Antarctic research station on the southern tip of Ross Island. It is operated by the United States through the United States Antarctic Program (USAP), a branch of the National Science Foundation (NSF). The station is the largest community in Antarctica, capable of supporting up to 1,200 residents, though the population fluctuates seasonally; during the Antarctic night, there are fewer than two hundred people.",
    "tags": "usap; logistics; ross-island; neutrino"
   }
  },
  {
   "type": "Feature",
   "id": "davis-station",
   "geometry": {
    "type": "Point",
    "coordinates": [
     77.9675,
     -68.576667
    ]
   },
   "properties": {
    "id": "davis-station",
    "name": "Davis Station",
    "subtitle": "Princess Elizabeth Land, East Antarctica",
    "country": "Antarctica (Australia)",
    "region": "Antarctica & Southern Ocean",
    "category": "research",
    "category_label": "Research Centre",
    "location_precision": "exact",
    "coordinate_source": "wikipedia",
    "celestial_body": "earth",
    "latitude": -68.576667,
    "longitude": 77.9675,
    "radius_km": 0.0,
    "wikipedia_title": "Davis Station",
    "wikipedia_url": "https://en.wikipedia.org/wiki/Davis_Station",
    "wikidata_id": "Q1315213",
    "claim": "Australia's station in the ice-free Vestfold Hills — an 'Antarctic oasis' with saline lakes — is cited among the continent's anomalous zones and as a site of restricted activity.",
    "context": "The Vestfold Hills are a genuine ice-free oasis of about 400 km², exposed because local topography diverts the ice sheet, and the hypersaline Deep Lake is among the coldest liquid water on Earth at around −20 °C. It is a major astrobiological analogue site, and the halophilic archaea living in it are published. The Australian Antarctic Division's programme and station logs are public.",
    "summary": "Davis Station, commonly called Davis, is one of three permanent bases and research outposts in Antarctica maintained by the Australian Antarctic Division (AAD). Davis is situated on the coast of Cooperation Sea in Princess Elizabeth Land, Ingrid Christensen Coast in the Australian Antarctic Territory, a territory claimed by Australia. Davis lies in an Antarctic oasis, a mostly ice-free area known as the Vestfold Hills.",
    "tags": "aad; vestfold-hills; oasis"
   }
  },
  {
   "type": "Feature",
   "id": "mount-erebus",
   "geometry": {
    "type": "Point",
    "coordinates": [
     167.153333,
     -77.529722
    ]
   },
   "properties": {
    "id": "mount-erebus",
    "name": "Mount Erebus",
    "subtitle": "Ross Island, Antarctica",
    "country": "Antarctica (Antarctic Treaty)",
    "region": "Antarctica & Southern Ocean",
    "category": "landform",
    "category_label": "Landform",
    "location_precision": "exact",
    "coordinate_source": "wikipedia",
    "celestial_body": "earth",
    "latitude": -77.529722,
    "longitude": 167.153333,
    "radius_km": 0.0,
    "wikipedia_title": "Mount Erebus",
    "wikipedia_url": "https://en.wikipedia.org/wiki/Mount_Erebus",
    "wikidata_id": "Q188982",
    "claim": "The southernmost active volcano, with a persistent lava lake and a long association with the 1979 Air New Zealand Flight 901 disaster, is presented as a vent or power source for a facility beneath the ice.",
    "context": "Erebus has hosted a convecting phonolite lava lake since at least 1972 and is continuously monitored by the Mount Erebus Volcano Observatory; it is one of very few volcanoes worldwide with a long-lived lake, which is its actual scientific importance, along with the large anorthoclase crystals it ejects. Flight 901 killed 257 people and was investigated twice: the Mahon Royal Commission attributed it to an altered flight plan and the whiteout 'sector whiteout' illusion, not pilot error.",
    "summary": "Mount Erebus is the southernmost active volcano on Earth, located on Ross Island in the Ross Dependency in Antarctica. With a summit elevation of 3,792 metres (12,441 ft), it is the second most prominent mountain in Antarctica (after Mount Vinson) and the second-highest volcano in Antarctica (after the dormant Mount Sidley). It is the highest point on Ross Island, which is also home to three inactive volcanoes: Mount Terror, Mount Bird, and Mount Terra Nova.",
    "tags": "volcano; lava-lake; anorthoclase; flight-901"
   }
  },
  {
   "type": "Feature",
   "id": "south-georgia",
   "geometry": {
    "type": "Point",
    "coordinates": [
     -36.7,
     -54.4
    ]
   },
   "properties": {
    "id": "south-georgia",
    "name": "South Georgia Island",
    "subtitle": "South Atlantic (sub-Antarctic)",
    "country": "South Georgia & the South Sandwich Islands",
    "region": "Antarctica & Southern Ocean",
    "category": "landform",
    "category_label": "Landform",
    "location_precision": "exact",
    "coordinate_source": "wikipedia",
    "celestial_body": "earth",
    "latitude": -54.4,
    "longitude": -36.7,
    "radius_km": 0.0,
    "wikipedia_title": "South Georgia",
    "wikipedia_url": "https://en.wikipedia.org/wiki/South_Georgia",
    "wikidata_id": "Q1137202",
    "claim": "Referenced in the series' Antarctic material as an outpost on the approach to the continent, tied to Shackleton's survival crossing and his reported sense of an unseen fourth presence.",
    "context": "South Georgia is sub-Antarctic rather than Antarctic — about 1,400 km from the Antarctic Peninsula — and the distinction matters for its biology, which is dominated by seabird and seal colonies rather than polar desert. Shackleton's 1916 crossing is documented in his own account, and the 'third man factor' he described is a well-studied phenomenon of extreme exertion, isolation and hypoxia, reported by mountaineers and solo sailors.",
    "summary": "South Georgia is an island in the South Atlantic Ocean that is part of the British Overseas Territory of South Georgia and the South Sandwich Islands. It lies around 1,400 kilometres (870 mi; 756 nmi) east of the Falkland Islands. Stretching in the east–west direction, South Georgia is around 170 kilometres (106 mi) long and has a maximum width of 35 kilometres (22 mi).",
    "tags": "sub-antarctic; shackleton; whaling; endurance"
   }
  },
  {
   "type": "Feature",
   "id": "bermuda-triangle",
   "geometry": {
    "type": "Point",
    "coordinates": [
     -71.0,
     25.0
    ]
   },
   "properties": {
    "id": "bermuda-triangle",
    "name": "Bermuda Triangle",
    "subtitle": "Western North Atlantic",
    "country": "",
    "region": "Oceans & Marine",
    "category": "anomaly",
    "category_label": "Anomaly Zone",
    "location_precision": "area",
    "coordinate_source": "authored",
    "celestial_body": "earth",
    "latitude": 25.0,
    "longitude": -71.0,
    "radius_km": 800.0,
    "wikipedia_title": "Bermuda Triangle",
    "wikipedia_url": "https://en.wikipedia.org/wiki/Bermuda_Triangle",
    "wikidata_id": "Q43708",
    "claim": "A tract between Miami, Bermuda and Puerto Rico where ships and aircraft are said to vanish without trace — Flight 19 in 1945, the USS Cyclops in 1918 — is presented as the site of a submerged Atlantean power source or a recurring extraction point.",
    "context": "Lloyd's of London and the US Coast Guard have both stated the area shows no elevated loss rate, and marine insurers charge no premium for it — a straightforward actuarial test the claim fails. It is also one of the busiest stretches of ocean, crossed by the Gulf Stream, prone to rapid tropical development and to sudden squalls. Flight 19's loss is attributable to the flight leader's compass failure and disorientation over featureless water, documented in the Navy's own board of inquiry.",
    "summary": "The Bermuda Triangle, also known as the Devil's Triangle, is a loosely defined region in the North Atlantic Ocean, roughly bounded by Florida, Bermuda, and Puerto Rico. Since the mid-20th century, it has been the focus of an urban legend suggesting that many aircraft, ships, and people have disappeared there under mysterious circumstances. However, extensive investigations by reputable sources, including the U.S. federal government and scientific organizations, have found no evidence of unusual activity, attributing reported incidents to natural phenomena, human error, and misinterpretation.",
    "tags": "flight-19; gulf-stream; methane-hydrate; marine"
   }
  },
  {
   "type": "Feature",
   "id": "dragons-triangle",
   "geometry": {
    "type": "Point",
    "coordinates": [
     135.0,
     25.0
    ]
   },
   "properties": {
    "id": "dragons-triangle",
    "name": "Dragon's Triangle",
    "subtitle": "Philippine Sea, south of Japan",
    "country": "",
    "region": "Oceans & Marine",
    "category": "anomaly",
    "category_label": "Anomaly Zone",
    "location_precision": "area",
    "coordinate_source": "authored",
    "celestial_body": "earth",
    "latitude": 25.0,
    "longitude": 135.0,
    "radius_km": 700.0,
    "wikipedia_title": "Devil's Sea",
    "wikipedia_url": "https://en.wikipedia.org/wiki/Devil's_Sea",
    "wikidata_id": "Q252633",
    "claim": "A Pacific counterpart to the Bermuda Triangle, where Japanese vessels are said to disappear and where the government reportedly declared a danger zone after losing survey ships in the 1950s.",
    "context": "The single documented loss is the research vessel Kaiyō Maru No. 5 in 1952, which sank investigating the eruption of Myōjin-shō — a submarine volcano that was actively erupting, a fully sufficient cause. Japanese authorities have stated no danger-zone declaration of the kind described was made. The area is genuinely hazardous: it sits on the Izu–Bonin volcanic arc with frequent seamount eruptions and typhoon tracks.",
    "summary": "The Devil's Sea (Japanese: 魔の海, Hepburn: Ma no Umi), also known as the Devil's triangle, the Dragon's Triangle, the Formosa Triangle and the Pacific Bermuda Triangle, is a region of the Pacific, south of Tokyo. The Devil's Sea is sometimes considered a paranormal location, though the veracity of these claims has been questioned.",
    "tags": "devils-sea; seamounts; submarine-volcanism; marine"
   }
  },
  {
   "type": "Feature",
   "id": "mediterranean-sea",
   "geometry": {
    "type": "Point",
    "coordinates": [
     18.0,
     35.0
    ]
   },
   "properties": {
    "id": "mediterranean-sea",
    "name": "Mediterranean Sea",
    "subtitle": "Between Europe, Africa & Asia",
    "country": "",
    "region": "Oceans & Marine",
    "category": "region",
    "category_label": "Broad Region",
    "location_precision": "area",
    "coordinate_source": "authored",
    "celestial_body": "earth",
    "latitude": 35.0,
    "longitude": 18.0,
    "radius_km": 1200.0,
    "wikipedia_title": "Mediterranean Sea",
    "wikipedia_url": "https://en.wikipedia.org/wiki/Mediterranean_Sea",
    "wikidata_id": "Q4918",
    "claim": "The sea is treated as the corridor along which transmitted knowledge moved between Egypt, the Levant, Greece and Iberia — and as the floor beneath which drowned cities, Atlantis among them, remain.",
    "context": "Mediterranean maritime exchange is among the best-evidenced subjects in archaeology, reconstructed from several thousand catalogued wrecks — Uluburun, Cape Gelidonya, Antikythera — whose cargoes map trade routes directly. Genuine submerged settlements exist and are excavated: Pavlopetri, Atlit-Yam and parts of Alexandria, all drowned by ordinary subsidence and sea-level change and all of known date. The basin did dry out in the Messinian, 5.9–5.3 million years ago, long before hominins.",
    "summary": "The Mediterranean Sea ( MED-ih-tə-RAY-nee-ən) is an intercontinental sea situated between Europe, Asia, and Africa. It is surrounded by the Mediterranean basin and almost completely enclosed by land: on the east by the Levant in West Asia, on the north by Anatolia in West Asia and Southern Europe, and on the south by North Africa. To its west it is connected to the Atlantic Ocean via the Strait of Gibraltar that separates the Iberian Peninsula in Europe from Morocco in Africa by only 14 km (9 mi); additionally, it is connected to the Black Sea through the Bosporus strait that intersects Turkey in the northeast and the Red Sea via the Suez Canal in the southeast.",
    "tags": "messinian; maritime; shipwrecks; marine"
   }
  },
  {
   "type": "Feature",
   "id": "english-channel",
   "geometry": {
    "type": "Point",
    "coordinates": [
     -0.5,
     50.2
    ]
   },
   "properties": {
    "id": "english-channel",
    "name": "English Channel",
    "subtitle": "Between England & France",
    "country": "",
    "region": "Oceans & Marine",
    "category": "region",
    "category_label": "Broad Region",
    "location_precision": "area",
    "coordinate_source": "authored",
    "celestial_body": "earth",
    "latitude": 50.2,
    "longitude": -0.5,
    "radius_km": 200.0,
    "wikipedia_title": "English Channel",
    "wikipedia_url": "https://en.wikipedia.org/wiki/English_Channel",
    "wikidata_id": "Q34640",
    "claim": "Wartime 'foo fighter' reports by Allied aircrew over the Channel and north-west Europe, and the submerged prehistoric landscape beneath it, are presented as evidence of ongoing observation of human conflict and of a drowned culture.",
    "context": "Foo-fighter reports are genuine and numerous in squadron records, and most are attributed to St Elmo's fire, ball lightning, tracer and flak afterimages, or German experimental ordnance. The submerged landscape is real and important: Doggerland in the southern North Sea has yielded Mesolithic tools, bone harpoons and faunal remains trawled from the seabed, drowned by post-glacial sea-level rise and the Storegga tsunami around 8,200 years ago — mainstream prehistory on a grand scale.",
    "summary": "The English Channel, also known as the Channel, is an arm of the Atlantic Ocean that separates Southern England from northern France. It links to the southern part of the North Sea by the Strait of Dover at its northeastern end. It is the busiest shipping area in the world.",
    "tags": "doggerland; foo-fighters; wwii; marine"
   }
  },
  {
   "type": "Feature",
   "id": "bering-sea",
   "geometry": {
    "type": "Point",
    "coordinates": [
     -178.0,
     58.0
    ]
   },
   "properties": {
    "id": "bering-sea",
    "name": "Bering Sea",
    "subtitle": "North Pacific, between Alaska & Siberia",
    "country": "",
    "region": "Oceans & Marine",
    "category": "region",
    "category_label": "Broad Region",
    "location_precision": "area",
    "coordinate_source": "authored",
    "celestial_body": "earth",
    "latitude": 58.0,
    "longitude": -178.0,
    "radius_km": 800.0,
    "wikipedia_title": "Bering Sea",
    "wikipedia_url": "https://en.wikipedia.org/wiki/Bering_Sea",
    "wikidata_id": "Q44725",
    "claim": "The peopling of the Americas across Beringia is cited as a migration too rapid and too technologically abrupt to be unassisted, and the sea as the route by which guidance arrived.",
    "context": "Beringia's exposure during the Last Glacial Maximum is established by sea-level and sediment records, and the peopling sequence is now reconstructed in detail from ancient DNA — the Beringian standstill, the coastal and interior routes, and the Ancient Beringian genome from Upward Sun River. Coastal watercraft capability is indicated by the Monte Verde and Huaca Prieta dates far to the south. It is one of the best-resolved migration stories in prehistory.",
    "summary": "The Bering Sea ( BAIR-ing, BERR-ing, US also BEER-ing; Russian: Бе́рингово мо́ре, romanized: Béringovo móre, IPA: [ˈbʲerʲɪnɡəvə ˈmorʲe]) is a marginal sea of the Northern Pacific Ocean. It forms, along with the Bering Strait, the divide between the two largest landmasses on Earth: Eurasia and the Americas. It comprises a deep water basin, which then rises through a narrow slope into the shallower water above the continental shelves.",
    "tags": "beringia; land-bridge; migration; marine"
   }
  },
  {
   "type": "Feature",
   "id": "indian-ocean",
   "geometry": {
    "type": "Point",
    "coordinates": [
     80.0,
     -20.0
    ]
   },
   "properties": {
    "id": "indian-ocean",
    "name": "Indian Ocean",
    "subtitle": "Between Africa, Asia & Australia",
    "country": "",
    "region": "Oceans & Marine",
    "category": "region",
    "category_label": "Broad Region",
    "location_precision": "area",
    "coordinate_source": "authored",
    "celestial_body": "earth",
    "latitude": -20.0,
    "longitude": 80.0,
    "radius_km": 1800.0,
    "wikipedia_title": "Indian Ocean",
    "wikipedia_url": "https://en.wikipedia.org/wiki/Indian_Ocean",
    "wikidata_id": "Q1239",
    "claim": "The ocean is presented as the grave of Lemuria and Kumari Kandam, with the Mauritia crustal fragment and submerged banks offered as its remains.",
    "context": "The basin's structure is mapped in detail: the Ninety East Ridge is a hotspot trace, the Mascarene Plateau is volcanic and continental-fragment crust, and Mauritia is deeply submerged Archean basement. All are products of Gondwanan breakup from about 180 million years ago. Genuine submerged human-period archaeology does exist on the shallow Indian shelf — the Gulf of Khambhat and Poompuhar — and is dated to the Holocene.",
    "summary": "The Indian Ocean is the third-largest of the world's five oceanic divisions, covering 70,560,000 km2 (27,240,000 sq mi) or approximately 20% of the water area of Earth's surface. It is bounded by Asia to the north, Africa to the west and Australia to the east. To the south it is bounded by the Southern Ocean or Antarctica, depending on the definition in use.",
    "tags": "kumari-kandam; mauritia; monsoon; marine"
   }
  }
 ]
}
